annotation_id,image_id,category_id,bbox_x,bbox_y,bbox_w,bbox_h,score
1,1,16551,557,72,393,404,0.9538
2,1,27926,599,674,255,479,0.9528
3,1,24850,171,743,183,289,0.9443
4,1,1900,157,252,204,125,0.9185
5,3,16551,529,62,382,396,0.9592
6,3,27926,570,628,257,488,0.9564
7,3,24850,139,704,185,293,0.9396
8,3,1900,140,242,199,128,0.9278
9,4,16551,131,650,293,493,0.9589
10,4,1900,683,809,133,206,0.9517
11,4,29345,117,153,273,416,0.9432
12,4,24850,601,252,292,165,0.9329
13,5,16551,570,113,284,480,0.9591
14,5,24850,96,895,298,164,0.9525
15,5,29345,613,714,286,444,0.9456
16,5,1900,181,268,128,198,0.9432
17,8,3483,590,844,283,170,0.9851
18,8,27653,96,854,222,205,0.9714
19,8,22347,131,220,203,197,0.9704
20,8,20238,624,177,223,215,0.9582
21,8,3483,594,846,279,97,0.0015
22,9,3483,564,812,285,173,0.9821
23,9,27653,63,813,224,209,0.9729
24,9,22347,114,211,200,195,0.9632
25,9,20238,595,174,219,212,0.9592
26,10,21771,644,290,188,182,0.9636
27,10,16548,103,807,240,238,0.9475
28,10,29451,102,235,408,223,0.9464
29,10,1900,644,844,186,188,0.9378
30,13,33880,475,246,439,273,0.9784
31,13,3351,430,853,189,191,0.9676
32,13,16232,143,330,194,190,0.9674
33,15,33880,50,785,442,276,0.9738
34,15,3351,361,246,183,184,0.9665
35,15,16232,643,797,195,190,0.9663
36,15,44834,0,1044,109,236,0.0094
37,17,41768,561,644,273,302,0.9744
38,17,3351,299,166,182,188,0.9726
39,17,35206,119,587,309,382,0.9562
40,19,27733,126,769,313,277,0.9736
41,19,3483,609,788,272,206,0.9726
42,19,36637,620,206,262,171,0.9633
43,19,28763,102,170,212,202,0.9515
44,23,3483,562,812,285,173,0.9815
45,23,27653,63,812,224,209,0.9743
46,23,25367,22,89,414,437,0.966
47,23,16262,594,177,237,228,0.9547
48,23,30308,595,176,239,229,0.0041
49,23,24752,593,176,241,229,0.0021
50,24,3483,590,844,282,169,0.9828
51,24,27653,95,852,222,206,0.9725
52,24,25367,37,105,428,442,0.9611
53,24,16262,624,182,242,231,0.9523
54,24,30308,623,181,244,233,0.0046
55,24,3483,593,845,279,98,0.002
56,27,25438,124,822,258,267,0.9678
57,27,2483,601,86,203,468,0.961
58,27,23223,73,106,298,507,0.9561
59,27,13395,599,710,233,522,0.9512
60,28,3483,566,813,265,216,0.9805
61,28,27777,178,814,175,199,0.9677
62,28,25367,19,63,415,457,0.9631
63,28,35206,615,142,225,402,0.9554
64,29,3483,538,778,267,222,0.9772
65,29,27777,145,776,178,205,0.9633
66,29,25367,10,49,399,452,0.963
67,29,35206,586,134,219,393,0.9592
68,29,3483,540,777,262,153,0.0018
69,29,20877,535,773,275,231,0.0011
70,31,12420,653,848,190,181,0.9651
71,31,6563,196,714,218,359,0.9642
72,31,3544,113,240,207,201,0.9603
73,31,16551,590,50,288,481,0.9565
74,32,12420,163,277,185,180,0.9684
75,32,6563,583,231,213,340,0.9616
76,32,3544,675,828,212,210,0.9583
77,32,16551,106,707,295,497,0.954
78,32,16551,0,755,35,525,0.0014
79,38,31885,113,31,397,500,0.9624
80,38,20877,86,726,333,238,0.9619
81,38,3483,621,714,213,273,0.9596
82,38,35206,625,162,214,395,0.9584
83,38,20877,619,710,220,277,0.0017
84,40,19861,644,278,223,171,0.9749
85,40,29667,121,839,228,226,0.9706
86,40,31885,616,610,331,557,0.9654
87,40,3483,158,216,245,222,0.9654
88,40,20877,155,212,251,227,0.0019
89,41,3483,593,873,256,230,0.9835
90,41,19861,120,864,220,168,0.9784
91,41,29667,638,205,222,216,0.9712
92,41,31885,54,91,321,540,0.9615
93,41,20877,590,869,263,235,0.0066
94,42,19861,85,825,226,177,0.9762
95,42,3483,566,840,258,234,0.976
96,42,29667,610,199,218,215,0.9689
97,42,31885,36,71,315,532,0.9544
98,42,20877,563,836,265,240,0.0091
99,44,3351,371,153,182,188,0.9704
100,44,13900,579,673,180,263,0.9659
101,44,29667,94,723,230,231,0.9605
102,46,3743,119,786,323,320,0.9689
103,46,2483,592,74,244,471,0.963
104,46,12081,601,709,235,451,0.9602
105,46,23223,100,114,309,498,0.9573
106,46,27733,816,1191,160,89,0.0015
107,47,3743,495,167,314,299,0.9715
108,47,12081,107,110,229,430,0.9572
109,47,2483,91,665,251,474,0.9567
110,47,23223,528,591,310,500,0.9564
111,47,20004,712,1188,264,92,0.0217
112,47,30850,703,1176,273,104,0.0036
113,47,38927,712,1183,262,97,0.003
114,53,25438,132,853,260,267,0.9692
115,53,5886,606,681,240,509,0.9654
116,53,2483,648,103,214,466,0.9629
117,53,6192,93,113,365,482,0.9587
118,53,38927,89,0,361,86,0.0016
119,54,5886,111,78,235,485,0.9647
120,54,25438,548,177,246,254,0.9623
121,54,6192,467,640,374,489,0.9586
122,54,2483,68,664,206,481,0.951
123,54,20004,701,1186,274,94,0.0447
124,54,30308,698,1174,278,106,0.0057
125,54,35206,717,1176,259,104,0.0012
126,55,3351,423,847,189,191,0.9696
127,55,16688,441,166,500,450,0.9434
128,55,20014,52,283,339,319,0.9277
129,55,31885,6,0,385,151,0.0011
130,55,20238,53,285,338,319,0.001
131,56,3351,324,192,187,190,0.9736
132,56,16688,6,558,514,499,0.945
133,56,20014,549,620,350,341,0.9266
134,58,19861,92,826,226,177,0.9729
135,58,3483,574,835,261,232,0.9727
136,58,34597,39,50,391,467,0.968
137,58,35206,556,93,278,366,0.9531
138,58,20877,570,831,267,238,0.0066
139,60,19861,637,277,222,171,0.9757
140,60,3483,150,222,248,221,0.9689
141,60,34597,547,691,413,485,0.9641
142,60,35206,109,775,301,388,0.9598
143,62,3351,326,156,184,188,0.9702
144,62,18147,93,550,285,415,0.9529
145,62,36637,543,650,203,253,0.9466
146,64,3351,396,887,191,192,0.974
147,64,29667,152,276,229,225,0.9691
148,64,20014,592,268,337,317,0.931
149,65,3351,350,154,184,188,0.9707
150,65,29667,559,728,232,232,0.9623
151,65,20014,0,634,338,342,0.9345
152,65,30850,640,1192,334,88,0.0062
153,65,29711,680,1187,294,92,0.0061
154,66,29667,598,818,228,225,0.9652
155,66,3351,393,211,185,184,0.9638
156,66,20014,32,718,346,338,0.9353
157,68,16232,153,828,192,192,0.9659
158,68,3483,172,279,255,214,0.9638
159,68,27777,638,294,174,195,0.9621
160,68,30308,511,768,446,373,0.9395
161,68,2483,171,276,260,221,0.0016
162,70,16551,48,712,299,495,0.9588
163,70,29451,46,233,405,228,0.9583
164,70,1900,632,900,209,154,0.942
165,70,24850,645,259,193,267,0.9364
166,70,16551,0,817,63,455,0.001
167,72,29451,548,839,413,229,0.9636
168,72,16551,642,48,290,484,0.9592
169,72,1900,156,226,204,147,0.9351
170,72,24850,152,776,195,278,0.9115
171,73,6563,165,671,221,366,0.9642
172,73,16551,523,72,350,425,0.9628
173,73,3544,73,201,203,200,0.9582
174,73,12247,592,849,213,128,0.9531
175,75,6563,197,714,218,359,0.9639
176,75,3544,89,210,207,202,0.9609
177,75,12247,620,880,209,125,0.9582
178,75,16551,550,81,361,436,0.9552
179,79,19232,502,237,328,254,0.9715
180,79,3351,387,845,189,191,0.97
181,79,16262,128,297,242,235,0.9532
182,79,24752,127,297,244,235,0.012
183,80,19232,95,699,337,266,0.9722
184,80,3351,360,194,183,189,0.9665
185,80,16262,570,694,246,244,0.9568
186,80,24752,569,694,246,244,0.0183
187,82,3743,124,837,330,334,0.9723
188,82,22362,609,737,274,418,0.9702
189,82,2483,627,103,206,467,0.9606
190,82,19552,115,145,325,497,0.9382
191,83,22362,79,118,264,392,0.971
192,83,3743,494,128,311,301,0.9673
193,83,2483,92,662,207,490,0.9536
194,83,19552,508,600,318,485,0.953
195,83,20004,720,1185,255,95,0.0155
196,83,20004,733,1147,243,133,0.0014
197,85,21771,149,849,195,191,0.9546
198,85,16548,571,251,232,227,0.954
199,85,29345,587,678,287,445,0.9443
200,85,1900,161,258,129,199,0.9349
201,86,21771,619,250,186,181,0.9579
202,86,16548,152,769,239,237,0.9505
203,86,29345,117,154,272,416,0.9481
204,86,1900,683,809,133,206,0.9437
205,88,31705,621,734,248,446,0.9609
206,88,18110,79,800,306,289,0.9602
207,88,16551,608,50,287,482,0.9589
208,88,1900,129,231,207,138,0.9376
209,89,16551,581,42,278,470,0.9624
210,89,31705,594,696,254,453,0.9617
211,89,18110,43,757,311,300,0.9554
212,89,1900,115,224,201,140,0.9297
213,90,1900,657,904,213,147,0.9605
214,90,18110,608,218,299,286,0.9602
215,90,31705,136,130,244,420,0.9598
216,90,16551,86,708,295,496,0.9582
217,90,16551,0,739,41,539,0.0036
218,91,19607,689,299,158,150,0.9652
219,91,27926,150,145,255,457,0.9588
220,91,16548,123,866,241,237,0.9501
221,91,1900,632,893,209,135,0.945
222,95,3351,339,183,180,186,0.9762
223,95,29667,62,743,230,233,0.9696
224,95,32310,498,718,383,238,0.9635
225,95,27733,0,1208,110,71,0.0101
226,95,20238,503,718,373,243,0.0073
227,95,33026,0,0,59,48,0.0065
228,95,16551,726,1182,247,98,0.006
229,95,26455,2,0,49,43,0.0027
230,95,4543,807,1160,166,120,0.0027
231,95,27733,761,1176,213,104,0.0015
232,95,41768,0,1,83,55,0.0014
233,95,53384,0,1165,108,115,0.0012
234,97,19607,666,252,156,152,0.9661
235,97,1900,686,807,132,206,0.9596
236,97,29345,117,169,309,399,0.9464
237,97,16548,100,821,240,239,0.9456
238,100,18110,45,746,307,298,0.9586
239,100,16548,587,131,231,224,0.9573
240,100,33009,517,792,383,210,0.9472
241,100,1900,133,245,193,161,0.9216
242,102,18110,79,791,304,290,0.9639
243,102,16548,615,136,237,228,0.9521
244,102,33009,547,836,375,203,0.9357
245,102,1900,150,256,197,161,0.8955
246,104,3351,325,204,182,187,0.9786
247,104,18357,109,611,249,367,0.9711
248,104,21325,618,762,175,232,0.9619
249,104,27733,0,1212,138,68,0.0269
250,104,27733,0,1205,183,74,0.0097
251,104,3832,0,1200,246,80,0.0091
252,104,16551,0,1198,195,82,0.0076
253,104,25200,779,0,194,148,0.004
254,104,35206,0,1209,245,71,0.004
255,104,4543,796,1153,176,127,0.0023
256,104,25200,752,0,220,114,0.0022
257,104,27733,780,1167,194,113,0.0015
258,104,16551,0,1195,122,85,0.0014
259,104,25200,803,0,173,274,0.0014
260,104,20004,764,1175,209,105,0.0012
261,104,16551,0,1208,149,72,0.0011
262,108,22362,586,744,255,409,0.9728
263,108,25438,144,844,254,254,0.9657
264,108,2483,603,86,244,471,0.9585
265,108,12778,104,48,296,523,0.9494
266,108,27733,824,1192,152,88,0.0729
267,108,20877,767,0,209,143,0.0015
268,109,19861,637,277,222,171,0.9752
269,109,25367,582,720,386,494,0.968
270,109,3483,149,222,248,221,0.9639
271,109,35206,109,775,302,389,0.9594
272,110,3483,602,869,256,228,0.9835
273,110,19861,127,865,221,167,0.9796
274,110,25367,42,50,382,481,0.9676
275,110,35206,584,98,288,376,0.9565
276,110,20877,599,864,262,234,0.0115
277,112,10221,633,199,225,216,0.9673
278,112,3544,128,236,207,200,0.9616
279,112,16551,158,588,304,469,0.9551
280,112,33009,559,810,372,210,0.9431
281,113,10221,126,844,228,227,0.967
282,113,3544,659,833,213,211,0.9572
283,113,16551,532,228,303,458,0.9567
284,113,33009,76,270,362,220,0.9435
285,114,3544,111,226,203,199,0.9632
286,114,10221,606,192,217,213,0.9595
287,114,16551,124,538,309,475,0.9549
288,114,33009,531,765,378,223,0.9466
289,115,27733,561,256,302,264,0.969
290,115,3483,126,308,266,203,0.9667
291,115,25367,496,647,420,464,0.9656
292,115,36637,102,882,266,178,0.9653
293,118,3351,458,846,189,191,0.967
294,118,13900,65,311,231,212,0.9641
295,118,16688,426,84,436,515,0.9485
296,119,3351,294,192,184,189,0.9662
297,119,13900,653,706,227,224,0.9653
298,119,16688,79,584,455,561,0.9432
299,120,3351,334,254,184,184,0.965
300,120,13900,691,796,229,218,0.9553
301,120,16688,121,682,449,567,0.9398
302,122,25469,48,788,345,300,0.9735
303,122,3483,573,810,283,193,0.9716
304,122,29667,592,168,217,217,0.9714
305,122,25367,51,92,371,473,0.9666
306,124,21026,674,272,176,173,0.963
307,124,21771,687,882,197,194,0.9606
308,124,16551,4,764,367,456,0.9539
309,124,1900,175,280,203,142,0.9521
310,125,21026,138,867,178,178,0.9649
311,125,21771,117,203,189,185,0.9603
312,125,16551,623,34,350,441,0.9548
313,125,1900,623,891,206,136,0.9316
314,126,21026,105,834,181,180,0.9691
315,126,21771,101,196,186,183,0.9628
316,126,16551,594,27,342,430,0.9579
317,126,1900,595,858,211,144,0.9342
318,127,22362,619,782,259,425,0.9699
319,127,5094,136,858,285,286,0.9679
320,127,2483,640,119,205,468,0.9601
321,127,6192,130,154,296,534,0.9558
322,128,5094,135,848,278,274,0.9749
323,128,22362,608,780,253,408,0.9677
324,128,6192,129,133,294,526,0.9579
325,128,2483,648,82,201,485,0.9578
326,128,27733,828,1187,148,93,0.0591
327,129,22362,78,74,257,396,0.972
328,129,5094,523,150,269,265,0.9711
329,129,2483,81,645,210,488,0.9572
330,129,6192,518,545,288,524,0.9545
331,129,20004,723,1182,253,97,0.037
332,129,20004,740,1148,236,131,0.0013
333,130,27777,639,294,174,195,0.9643
334,130,3483,174,279,255,215,0.9601
335,130,36637,129,829,192,257,0.9498
336,130,30308,510,768,463,313,0.9414
337,130,2483,173,276,260,221,0.008
338,132,3483,566,813,264,216,0.9799
339,132,27777,179,814,175,199,0.9676
340,132,36637,665,180,186,250,0.9487
341,132,30308,29,180,455,307,0.9475
342,134,3483,563,812,285,173,0.9845
343,134,27653,62,812,224,209,0.9725
344,134,35206,650,144,202,401,0.9637
345,134,31885,41,8,353,519,0.956
346,135,3483,590,845,283,169,0.984
347,135,27653,96,853,221,206,0.9717
348,135,35206,679,153,204,409,0.9639
349,135,31885,53,24,368,527,0.9547
350,135,3483,593,846,280,96,0.0011
351,136,16551,79,654,314,484,0.9604
352,136,44199,135,243,242,234,0.9459
353,136,33009,566,216,321,290,0.9374
354,136,1900,653,851,208,158,0.9171
355,136,16551,0,776,41,504,0.0012
356,139,3483,572,811,285,192,0.9771
357,139,25469,49,787,344,302,0.9741
358,139,31885,7,50,398,500,0.9663
359,139,35206,584,113,223,390,0.9574
360,140,3483,601,845,278,186,0.9882
361,140,25469,88,831,337,300,0.9724
362,140,31885,20,70,412,506,0.9564
363,140,35206,612,120,232,401,0.9557
364,142,21026,92,832,181,180,0.9662
365,142,44199,77,177,250,225,0.9626
366,142,16548,594,155,230,225,0.9531
367,142,1900,582,869,209,141,0.9212
368,142,6563,593,155,232,226,0.0011
369,143,21026,127,866,177,177,0.9754
370,143,44199,93,185,256,230,0.9613
371,143,16548,623,162,235,226,0.9565
372,143,1900,610,902,205,135,0.9415
373,146,16232,153,827,192,192,0.9649
374,146,3483,172,279,255,214,0.9639
375,146,27777,638,294,174,195,0.9631
376,146,31885,554,672,406,527,0.954
377,146,2483,171,275,261,222,0.0034
378,148,3351,403,850,189,191,0.975
379,148,19232,503,237,329,255,0.9746
380,148,20238,121,299,224,220,0.9556
381,149,19232,95,699,336,266,0.9694
382,149,3351,346,189,184,188,0.9671
383,149,20238,595,711,228,229,0.9578
384,149,31885,627,1184,347,95,0.0032
385,149,29711,651,1177,323,103,0.0014
386,150,19232,139,802,332,262,0.9716
387,150,3351,389,250,183,183,0.9703
388,150,20238,633,802,227,222,0.9581
389,151,33208,184,267,206,197,0.9749
390,151,29451,509,243,407,223,0.9631
391,151,16548,99,820,239,236,0.9418
392,151,1900,646,845,186,188,0.9297
393,152,33208,583,811,213,205,0.971
394,152,29451,35,799,424,230,0.9692
395,152,16548,620,204,232,224,0.9488
396,152,1900,147,240,182,180,0.915
397,153,33208,611,843,211,201,0.98
398,153,29451,70,842,418,220,0.9606
399,153,16548,649,213,236,226,0.9581
400,153,1900,168,248,181,179,0.9369
401,154,5094,109,806,280,274,0.9661
402,154,5886,596,684,236,490,0.9648
403,154,23223,89,136,318,490,0.9564
404,154,2483,618,53,252,468,0.9518
405,155,5094,548,186,273,267,0.9718
406,155,5886,111,79,237,480,0.968
407,155,2483,70,692,255,469,0.96
408,155,23223,533,576,323,495,0.959
409,155,20004,696,1187,280,93,0.0538
410,155,35206,0,1207,274,72,0.0024
411,156,5886,604,684,246,506,0.9702
412,156,5094,110,817,284,284,0.9661
413,156,2483,605,90,261,456,0.9557
414,156,23223,92,171,316,487,0.9547
415,157,3483,538,781,267,221,0.9793
416,157,25367,106,82,395,459,0.9651
417,157,27777,145,777,178,205,0.9636
418,157,16262,575,187,238,229,0.9629
419,157,30308,574,186,241,229,0.0032
420,157,24752,575,186,241,229,0.0014
421,157,3483,540,780,261,143,0.0012
422,159,3483,566,815,264,216,0.9808
423,159,27777,178,814,175,199,0.9677
424,159,25367,122,97,405,466,0.9636
425,159,16262,603,193,243,231,0.9543
426,159,30308,603,193,246,231,0.0031
427,160,3544,627,888,214,212,0.962
428,160,4543,145,914,215,213,0.9617
429,160,16551,577,263,287,469,0.9567
430,160,23203,211,316,136,138,0.9531
431,162,3544,159,179,206,200,0.9657
432,162,4543,627,143,209,204,0.9605
433,162,16551,128,536,289,479,0.9593
434,162,23203,654,852,138,137,0.9529
435,163,3483,568,812,265,216,0.9793
436,163,27777,180,814,174,199,0.9671
437,163,16232,644,250,187,182,0.9646
438,163,28763,127,174,212,202,0.9485
439,164,16232,153,827,192,192,0.9637
440,164,27777,638,293,174,195,0.9635
441,164,3483,172,277,258,216,0.9604
442,164,28763,652,892,222,214,0.948
443,165,3483,539,779,268,221,0.9791
444,165,16232,616,238,183,183,0.9663
445,165,27777,146,776,178,205,0.9655
446,165,28763,111,169,207,197,0.9493
447,165,20877,535,774,275,229,0.0014
448,170,5094,106,810,283,287,0.9735
449,170,12081,649,693,245,466,0.9633
450,170,2483,622,77,235,458,0.9591
451,170,6192,115,157,308,525,0.9581
452,172,3483,590,845,282,169,0.9832
453,172,27653,94,852,222,205,0.9718
454,172,25367,116,62,339,505,0.9663
455,172,29667,633,179,222,216,0.9663
456,172,3483,593,845,279,96,0.0015
457,173,3483,562,812,286,173,0.9826
458,173,27653,61,811,223,209,0.9711
459,173,25367,99,52,329,492,0.9681
460,173,29667,604,176,217,214,0.9666
461,174,3483,136,291,272,170,0.9803
462,174,27653,672,256,220,199,0.9718
463,174,29667,126,864,229,227,0.9706
464,174,25367,551,685,340,515,0.9661
465,175,3483,594,872,256,230,0.9807
466,175,19861,121,864,220,168,0.9796
467,175,29667,639,204,223,214,0.9697
468,175,30308,122,98,275,474,0.9505
469,175,20877,591,868,263,235,0.0056
470,176,19861,644,278,222,171,0.976
471,176,29667,120,841,228,225,0.97
472,176,3483,157,216,246,222,0.9655
473,176,30308,595,679,284,483,0.9513
474,179,22347,646,833,211,207,0.9655
475,179,27777,640,292,174,195,0.9644
476,179,20238,153,851,231,225,0.9629
477,179,3483,174,277,255,214,0.955
478,180,3483,538,780,267,222,0.9818
479,180,22347,125,228,200,195,0.9688
480,180,27777,145,777,178,205,0.9639
481,180,20238,577,191,220,213,0.9629
482,180,3483,541,780,261,145,0.0011
483,183,10221,161,262,217,212,0.9656
484,183,6563,592,239,214,341,0.9651
485,183,3544,642,877,214,213,0.9639
486,183,16551,24,698,403,413,0.9553
487,185,3544,142,173,202,199,0.9663
488,185,4543,599,144,202,200,0.9566
489,185,23203,628,821,140,140,0.9555
490,185,16548,135,738,237,234,0.9503
491,186,3544,159,180,206,201,0.966
492,186,4543,627,144,208,204,0.9567
493,186,23203,656,853,138,137,0.955
494,186,16548,166,782,236,227,0.951
495,189,5094,136,858,285,286,0.9719
496,189,22362,619,782,259,425,0.9671
497,189,2483,639,123,206,466,0.957
498,189,12778,85,136,298,525,0.9506
499,191,3544,123,182,202,199,0.9679
500,191,4543,640,152,201,199,0.9628
501,191,10221,92,789,225,222,0.9624
502,191,16551,579,568,288,487,0.9534
503,196,22362,79,118,264,393,0.9704
504,196,3743,494,128,311,301,0.9616
505,196,2483,91,661,212,493,0.9548
506,196,12778,533,519,286,518,0.954
507,196,20004,722,1181,253,98,0.0283
508,196,27733,732,1169,242,111,0.001
509,197,22362,600,734,264,406,0.9706
510,197,3743,122,827,322,323,0.9622
511,197,2483,633,64,205,483,0.9578
512,197,12778,116,175,292,519,0.9538
513,197,27733,790,1186,186,94,0.0068
514,198,22362,609,737,273,418,0.9709
515,198,3743,123,837,329,335,0.9706
516,198,2483,625,103,204,467,0.9573
517,198,12778,118,200,293,526,0.9498
518,199,3483,564,814,264,216,0.979
519,199,29667,631,163,222,216,0.9711
520,199,27777,176,812,175,200,0.9699
521,199,30308,38,120,405,398,0.959
522,200,29667,128,879,229,228,0.9715
523,200,27777,641,295,174,195,0.963
524,200,3483,176,276,259,217,0.9621
525,200,30308,557,734,415,409,0.9461
526,200,2483,175,274,261,222,0.0102
527,202,22347,690,867,212,208,0.9726
528,202,20877,544,294,328,237,0.969
529,202,3483,143,290,209,257,0.9642
530,202,16262,111,837,247,241,0.958
531,202,30308,110,836,248,241,0.014
532,203,20877,82,727,335,238,0.9636
533,203,22347,83,197,200,195,0.9634
534,203,3483,619,718,212,269,0.9582
535,203,16262,602,187,237,229,0.9542
536,203,30308,602,187,238,227,0.0069
537,204,3483,646,750,214,266,0.9643
538,204,20877,115,770,333,230,0.9631
539,204,22347,99,204,206,198,0.9603
540,204,16262,631,192,242,232,0.957
541,204,30308,630,193,244,231,0.0076
542,205,16548,593,122,228,223,0.9631
543,205,6563,165,673,219,366,0.9622
544,205,3544,113,164,202,200,0.9582
545,205,23203,623,849,139,139,0.9554
546,205,6563,592,120,229,225,0.0011
547,210,31863,597,876,204,205,0.9807
548,210,3351,419,243,184,183,0.9634
549,210,29667,163,749,227,224,0.9619
550,212,18110,59,124,305,289,0.9637
551,212,21026,139,867,178,178,0.9628
552,212,16551,480,138,437,352,0.953
553,212,1900,623,891,206,136,0.9334
554,213,21026,105,834,181,181,0.9687
555,213,18110,46,115,297,285,0.9635
556,213,16551,453,124,428,347,0.9558
557,213,1900,595,857,211,144,0.9345
558,214,33208,589,800,213,205,0.9804
559,214,16551,568,54,277,468,0.9598
560,214,27926,91,614,268,482,0.946
561,214,1900,140,240,200,129,0.9275
562,215,33208,615,835,212,201,0.9703
563,215,16551,595,63,286,481,0.9574
564,215,27926,127,663,262,476,0.9467
565,215,1900,157,250,204,126,0.9303
566,217,3743,118,785,323,320,0.9696
567,217,2483,591,75,246,471,0.9656
568,217,6192,129,122,279,536,0.962
569,217,12081,600,710,236,449,0.9564
570,219,3743,495,167,314,299,0.9735
571,219,2483,89,666,253,471,0.9588
572,219,6192,535,544,273,534,0.9574
573,219,12081,108,111,229,428,0.9572
574,219,20004,714,1188,262,91,0.0442
575,219,27733,709,1177,265,103,0.0116
576,219,35206,714,1184,258,96,0.0076
577,219,16551,716,1172,258,108,0.0014
578,222,3351,406,203,184,185,0.9721
579,222,41768,606,741,272,300,0.9703
580,222,16262,172,767,243,239,0.9571
581,222,24752,173,768,244,237,0.0069
582,224,3483,601,845,278,187,0.9859
583,224,25469,85,829,337,299,0.973
584,224,29667,619,172,223,217,0.968
585,224,34597,104,81,367,486,0.9666
586,225,3483,126,275,269,187,0.9762
587,225,25469,575,183,324,290,0.9736
588,225,29667,141,871,227,227,0.9724
589,225,34597,528,664,374,506,0.9604
590,226,3483,602,869,257,227,0.9833
591,226,19861,127,865,220,167,0.978
592,226,22347,109,229,206,198,0.9691
593,226,20238,645,190,225,215,0.9611
594,226,20877,599,864,262,234,0.0046
595,229,3743,536,152,316,302,0.9717
596,229,5886,97,67,244,477,0.9679
597,229,2483,50,679,284,459,0.9599
598,229,23223,494,659,406,449,0.958
599,229,20004,688,1187,288,93,0.0264
600,229,30850,686,1168,290,112,0.0035
601,229,35206,0,1209,282,70,0.0024
602,229,28424,0,1209,102,71,0.0011
603,229,27733,0,1205,244,74,0.001
604,231,3743,75,812,334,329,0.9726
605,231,5886,613,695,234,512,0.9709
606,231,2483,597,115,289,441,0.9622
607,231,23223,57,138,390,439,0.9559
608,231,38927,61,0,318,90,0.0011
609,232,3483,599,800,274,201,0.9752
610,232,27733,117,775,319,267,0.9746
611,232,22347,129,233,204,198,0.9725
612,232,29667,678,189,224,214,0.9681
613,232,20877,597,798,278,205,0.0013
614,234,27733,80,727,331,272,0.9722
615,234,22347,112,224,200,194,0.9692
616,234,29667,648,183,220,215,0.9673
617,234,3483,570,767,278,207,0.9594
618,236,3483,135,292,273,170,0.9814
619,236,27653,671,255,219,200,0.9715
620,236,35206,106,687,201,420,0.9627
621,236,28763,617,834,219,214,0.9493
622,237,3483,562,812,286,173,0.9825
623,237,27653,62,812,224,209,0.9733
624,237,35206,650,143,201,400,0.9641
625,237,28763,144,223,209,199,0.952
626,238,18357,67,260,302,295,0.9767
627,238,3351,403,834,187,189,0.9753
628,238,16262,628,241,239,232,0.9551
629,238,35206,740,1225,236,55,0.0533
630,238,3832,740,1197,235,83,0.0281
631,238,24752,625,240,241,233,0.0161
632,238,18147,766,1196,210,84,0.0141
633,238,35206,706,1239,270,41,0.0042
634,238,18147,782,1131,194,147,0.0029
635,238,25200,703,0,273,457,0.0023
636,241,3351,411,912,191,193,0.9655
637,241,18147,518,257,309,381,0.96
638,241,20238,130,327,225,218,0.9562
639,243,3351,378,185,185,185,0.976
640,243,20238,623,769,227,224,0.9672
641,243,18147,145,649,313,403,0.9565
642,244,6563,197,716,218,358,0.965
643,244,3544,129,170,207,202,0.9622
644,244,16551,580,6,284,480,0.9566
645,244,23203,650,880,138,136,0.9534
646,247,3743,124,837,330,335,0.9719
647,247,22362,610,736,273,419,0.9707
648,247,2483,625,104,205,466,0.9598
649,247,6192,56,124,339,516,0.9568
650,248,22362,601,735,263,406,0.9709
651,248,3743,124,827,321,322,0.9633
652,248,6192,51,102,342,509,0.9628
653,248,2483,632,65,207,483,0.9599
654,248,27733,796,1188,180,92,0.0111
655,248,27733,843,1178,133,102,0.0012
656,249,22362,79,118,264,392,0.9695
657,249,3743,494,128,311,301,0.9651
658,249,6192,554,592,347,503,0.9588
659,249,2483,89,662,216,491,0.9549
660,249,20004,727,1179,249,101,0.0112
661,249,35206,709,1179,267,101,0.0016
662,250,29667,129,204,225,225,0.9718
663,250,18357,544,230,241,351,0.9701
664,250,3351,379,848,188,191,0.967
665,250,3832,761,1198,215,82,0.0091
666,250,35206,748,1238,228,42,0.008
667,250,18147,804,1196,172,84,0.0078
668,250,18147,815,1128,161,151,0.0078
669,250,35206,722,1248,254,32,0.0026
670,250,18147,742,1122,234,157,0.0021
671,250,25200,709,0,264,272,0.0021
672,250,35206,775,1222,199,58,0.0019
673,250,25200,725,0,251,390,0.0015
674,250,16551,627,0,340,115,0.0012
675,250,35206,850,1117,126,161,0.0011
676,250,35206,837,1187,139,92,0.001
677,251,3351,370,179,182,186,0.9821
678,251,18357,143,596,246,368,0.978
679,251,29667,588,795,229,232,0.9714
680,251,16235,0,1224,122,56,0.005
681,251,35206,0,1221,240,59,0.0041
682,251,16551,0,1201,201,79,0.0034
683,251,16551,1,1221,236,59,0.0031
684,252,18357,185,692,242,368,0.9804
685,252,3351,412,238,183,184,0.9712
686,252,29667,625,886,227,224,0.9705
687,253,33880,456,254,429,288,0.9823
688,253,3351,446,849,189,191,0.975
689,253,35206,62,261,413,211,0.9604
690,256,5886,109,84,238,480,0.9663
691,256,25438,544,179,248,254,0.9614
692,256,2483,62,667,210,483,0.9502
693,256,19552,497,658,316,498,0.941
694,256,20004,707,1185,269,95,0.0492
695,256,30850,703,1182,273,98,0.0013
696,259,41768,112,285,269,285,0.9673
697,259,3351,385,894,190,191,0.966
698,259,20238,606,279,222,220,0.9627
699,262,3483,562,811,285,174,0.9824
700,262,27653,61,811,224,209,0.9725
701,262,34597,76,33,333,497,0.9673
702,262,29667,604,176,217,214,0.9661
703,264,3483,136,291,272,170,0.9812
704,264,27653,672,256,219,199,0.972
705,264,29667,126,864,229,227,0.9705
706,264,34597,567,680,349,517,0.9619
707,265,3483,136,291,272,170,0.9791
708,265,27653,672,255,219,199,0.9723
709,265,16232,143,846,197,193,0.9697
710,265,25367,599,667,376,494,0.9658
711,266,3483,590,844,283,169,0.9828
712,266,27653,95,853,221,206,0.971
713,266,16232,649,230,191,183,0.97
714,266,25367,19,109,392,477,0.9622
715,266,3483,592,845,280,95,0.0019
716,271,22347,105,188,201,194,0.9676
717,271,3483,621,717,212,269,0.9644
718,271,20877,84,727,334,238,0.9643
719,271,35206,632,164,217,395,0.9626
720,271,20877,619,711,220,276,0.0018
721,273,22347,666,877,214,208,0.9701
722,273,20877,543,294,329,237,0.9696
723,273,35206,95,671,237,411,0.9612
724,273,3483,141,293,210,258,0.9599
725,274,21325,206,327,151,233,0.9697
726,274,3351,420,889,190,193,0.9681
727,274,20014,578,258,337,315,0.9312
728,275,3351,328,150,184,189,0.9678
729,275,21325,581,665,154,243,0.959
730,275,20014,9,647,344,341,0.9461
731,277,3483,601,869,257,227,0.9827
732,277,19861,127,864,221,168,0.9794
733,277,36637,618,199,267,152,0.9587
734,277,30308,79,96,399,405,0.9574
735,277,20877,599,864,263,234,0.0048
736,278,19861,637,277,222,171,0.9745
737,278,3483,150,222,247,220,0.9644
738,278,36637,96,908,270,164,0.9541
739,278,30308,522,747,410,417,0.95
740,280,16232,134,291,188,192,0.9728
741,280,3351,409,867,189,192,0.9697
742,280,3832,433,274,388,350,0.951
743,286,3483,538,780,267,222,0.9813
744,286,27777,145,777,178,205,0.9636
745,286,16262,576,187,237,229,0.9621
746,286,30308,30,116,376,406,0.9587
747,286,30308,576,186,240,228,0.0029
748,286,24752,575,187,242,228,0.0018
749,286,3483,541,780,260,143,0.0011
750,287,27777,640,293,174,195,0.964
751,287,3483,174,277,256,215,0.9566
752,287,16262,138,836,247,241,0.9558
753,287,30308,573,703,396,425,0.9442
754,287,30308,139,836,247,241,0.0063
755,287,2483,173,273,260,222,0.0011
756,288,3483,566,815,264,216,0.9799
757,288,27777,178,815,175,199,0.9685
758,288,16262,604,193,242,231,0.9553
759,288,30308,45,132,391,419,0.9453
760,288,30308,604,193,244,231,0.0033
761,289,22362,585,745,256,408,0.9759
762,289,25438,144,844,255,255,0.9665
763,289,2483,601,86,248,470,0.9605
764,289,6192,92,42,278,541,0.9569
765,289,27733,808,1191,168,89,0.038
766,289,27733,850,1184,126,96,0.0023
767,291,22362,97,107,259,394,0.9635
768,291,2483,74,658,260,469,0.9625
769,291,25438,535,174,247,254,0.9624
770,291,6192,572,614,274,538,0.9509
771,291,27733,737,1183,239,97,0.0035
772,291,20004,743,1188,233,92,0.002
773,291,35206,741,1188,234,92,0.0015
774,292,25438,548,176,246,254,0.9609
775,292,5886,111,77,233,487,0.9605
776,292,12778,541,595,326,503,0.9546
777,292,2483,68,666,204,481,0.9516
778,292,20004,690,1187,286,93,0.0412
779,295,3351,412,863,191,190,0.974
780,295,16232,642,297,193,190,0.9682
781,295,20014,125,193,336,314,0.9479
782,298,33208,156,236,206,196,0.9699
783,298,31705,572,175,247,421,0.9608
784,298,1900,683,878,211,133,0.9535
785,298,16548,161,777,239,233,0.9532
786,298,6563,158,777,244,236,0.0014
787,299,33208,611,846,214,206,0.9789
788,299,16548,560,245,232,227,0.96
789,299,31705,138,645,252,451,0.9582
790,299,1900,87,259,202,129,0.9189
791,302,19232,95,635,283,326,0.978
792,302,3351,311,160,184,188,0.9682
793,302,36637,569,711,234,229,0.9438
794,302,18110,757,1173,218,106,0.0038
795,302,29711,732,1179,242,101,0.0034
796,304,3743,131,813,335,330,0.9704
797,304,2483,621,70,200,470,0.9618
798,304,4378,596,702,233,469,0.9617
799,304,22627,105,136,307,497,0.9474
800,308,3351,290,206,183,187,0.9718
801,308,41768,562,604,276,301,0.9717
802,308,36637,118,710,188,263,0.9473
803,308,16551,699,1176,275,104,0.0042
804,310,3544,655,892,214,213,0.9667
805,310,16551,106,147,313,447,0.9568
806,310,4543,139,866,213,212,0.955
807,310,12247,619,320,175,185,0.9499
808,313,29667,596,180,219,216,0.9668
809,313,34597,15,24,450,409,0.9654
810,313,20877,40,755,328,250,0.9638
811,313,3483,616,721,214,269,0.9596
812,315,29667,134,859,229,226,0.9678
813,315,20877,593,259,324,245,0.9675
814,315,3483,145,287,210,258,0.9655
815,315,34597,508,785,464,421,0.9636
816,316,10221,633,198,224,216,0.969
817,316,3544,127,235,207,201,0.9618
818,316,16548,167,791,235,229,0.954
819,316,33009,560,812,371,209,0.9418
820,317,10221,126,844,228,227,0.967
821,317,3544,659,833,214,211,0.9582
822,317,16548,592,283,230,224,0.9522
823,317,33009,77,270,360,218,0.9443
824,320,35206,632,163,217,395,0.9643
825,320,20877,84,727,335,237,0.9636
826,320,3483,621,716,212,270,0.9625
827,320,28763,136,196,209,198,0.9603
828,320,20877,619,710,220,277,0.0011
829,323,3483,135,291,273,170,0.9808
830,323,27653,671,254,219,200,0.9721
831,323,22347,656,876,213,208,0.9678
832,323,36637,150,802,194,256,0.9506
833,324,3483,589,844,284,170,0.9843
834,324,22347,132,194,204,197,0.9735
835,324,27653,95,854,221,205,0.9726
836,324,36637,644,209,189,245,0.9532
837,324,3483,594,845,280,97,0.0013
838,325,27777,640,293,174,195,0.9645
839,325,3483,174,275,258,217,0.9574
840,325,16262,138,836,247,241,0.9547
841,325,31885,513,705,402,526,0.9519
842,325,30308,139,836,247,241,0.0063
843,325,2483,173,273,260,222,0.0045
844,327,3483,565,814,265,216,0.9818
845,327,27777,178,815,174,199,0.9691
846,327,31885,95,28,405,509,0.9585
847,327,16262,603,193,243,231,0.9564
848,327,30308,603,193,245,231,0.0028
849,328,27733,562,256,301,263,0.9717
850,328,3483,126,308,266,202,0.9682
851,328,36637,102,882,266,178,0.9635
852,328,31885,519,642,384,536,0.9565
853,332,12420,83,823,190,185,0.9739
854,332,3544,126,142,202,198,0.9686
855,332,4543,589,167,202,199,0.9609
856,332,16551,563,539,288,487,0.9548
857,334,16232,627,221,188,182,0.9725
858,334,22347,146,223,201,195,0.9655
859,334,20877,84,727,335,237,0.965
860,334,3483,621,717,212,269,0.9611
861,335,20877,543,294,328,237,0.9699
862,335,22347,622,840,212,206,0.9691
863,335,16232,134,847,196,191,0.9683
864,335,3483,142,292,209,257,0.9612
865,336,16232,656,231,192,180,0.9713
866,336,22347,164,232,205,199,0.9665
867,336,20877,116,770,333,229,0.9644
868,336,3483,648,749,213,265,0.9612
869,337,3483,126,274,270,186,0.9731
870,337,25469,573,181,323,290,0.9709
871,337,22347,642,836,212,207,0.9669
872,337,36637,131,830,181,263,0.9512
873,337,2483,125,271,271,191,0.0013
874,338,25469,49,788,343,300,0.9748
875,338,3483,573,811,284,192,0.9739
876,338,22347,128,224,200,197,0.9706
877,338,36637,645,169,169,249,0.9547
878,339,3483,601,846,278,186,0.9863
879,339,25469,87,831,335,300,0.9723
880,339,22347,145,234,206,199,0.9696
881,339,36637,675,172,174,255,0.9474
882,340,3483,539,780,267,222,0.9823
883,340,34597,39,85,390,468,0.9671
884,340,27777,145,777,178,205,0.9637
885,340,20238,576,191,221,213,0.9633
886,341,3483,568,815,264,216,0.9816
887,341,20238,605,196,225,215,0.9675
888,341,27777,179,815,175,199,0.9673
889,341,34597,51,114,404,464,0.9637
890,344,3483,565,815,265,217,0.9802
891,344,27777,178,815,175,199,0.9682
892,344,16262,605,193,242,231,0.9579
893,344,28763,156,194,210,200,0.9539
894,344,30308,604,193,243,231,0.0071
895,345,3483,538,780,267,222,0.9797
896,345,27777,144,777,178,205,0.9646
897,345,16262,576,187,237,228,0.9626
898,345,28763,138,186,207,199,0.9503
899,345,30308,575,187,238,228,0.007
900,345,3483,540,780,261,145,0.0013
901,345,20877,534,776,275,230,0.0013
902,346,3483,567,812,264,216,0.9815
903,346,27777,180,814,174,199,0.9667
904,346,25367,142,54,340,502,0.9667
905,346,16232,644,250,187,182,0.9662
906,347,3483,539,778,268,221,0.976
907,347,25367,126,41,329,493,0.9682
908,347,16232,616,238,182,184,0.9661
909,347,27777,146,776,178,205,0.9652
910,347,3483,541,777,262,158,0.0012
911,349,3483,567,812,264,216,0.9815
912,349,27777,180,814,174,199,0.9687
913,349,34597,9,130,437,427,0.9658
914,349,35206,615,141,226,403,0.9561
915,352,5094,137,858,285,286,0.9696
916,352,22362,620,782,259,424,0.9683
917,352,2483,639,123,206,466,0.9607
918,352,19552,109,176,329,487,0.9519
919,355,5094,549,188,272,271,0.9747
920,355,2483,51,702,252,473,0.9568
921,355,12081,70,129,229,431,0.9541
922,355,23223,542,592,303,502,0.9537
923,356,5094,105,800,278,276,0.9747
924,356,2483,632,36,237,475,0.9591
925,356,12081,641,689,236,448,0.959
926,356,23223,94,112,303,500,0.9568
927,356,27733,742,1194,234,86,0.0161
928,359,3483,564,814,264,215,0.9791
929,359,29667,631,163,222,216,0.9724
930,359,27777,176,812,175,199,0.9701
931,359,31885,80,46,370,526,0.9573
932,361,3351,429,881,190,191,0.9714
933,361,18147,213,169,209,413,0.9656
934,361,16262,646,288,239,234,0.9567
935,361,41149,558,0,386,64,0.0094
936,361,24752,644,287,241,234,0.0077
937,361,41149,563,0,389,93,0.0023
938,364,3351,407,854,192,193,0.9746
939,364,32310,585,168,246,342,0.9561
940,364,35206,103,255,352,323,0.955
941,364,41768,807,1187,169,93,0.0623
942,364,3832,771,1191,204,89,0.0321
943,364,18147,816,1133,160,146,0.0311
944,364,20238,586,169,242,339,0.0099
945,364,22074,0,1220,95,59,0.0088
946,364,41768,850,1121,126,158,0.0063
947,364,18147,753,1123,222,156,0.0056
948,364,35206,748,1232,228,48,0.0049
949,364,22074,0,1228,118,52,0.0038
950,364,35206,773,1208,201,71,0.0029
951,364,3832,0,1193,178,87,0.002
952,364,3832,0,1188,128,92,0.0017
953,364,3832,1,1195,284,85,0.0014
954,364,33026,819,1237,156,42,0.0013
955,372,3483,602,844,279,187,0.986
956,372,25469,49,858,375,218,0.9642
957,372,34597,13,142,452,414,0.9623
958,372,16262,574,195,243,230,0.955
959,372,30308,574,195,245,230,0.0022
960,372,24752,574,195,245,230,0.0017
961,374,3483,644,753,213,266,0.9662
962,374,20877,71,799,329,242,0.9661
963,374,29667,625,185,224,216,0.9654
964,374,25367,101,35,408,465,0.9628
965,379,31863,137,315,208,207,0.9851
966,379,3351,465,859,190,191,0.9582
967,379,16688,455,160,492,460,0.936
968,380,31863,598,714,209,215,0.9837
969,380,3351,285,180,186,190,0.9678
970,380,16688,5,554,500,511,0.9497
971,382,3743,76,813,333,328,0.9717
972,382,5886,614,696,234,512,0.9703
973,382,2483,599,113,287,443,0.9607
974,382,12778,97,129,382,457,0.9529
975,382,38927,75,0,308,92,0.0022
976,382,38927,84,0,316,133,0.0013
977,382,38927,98,0,375,180,0.0011
978,384,3743,75,801,327,320,0.9728
979,384,5886,601,698,240,492,0.9685
980,384,2483,609,77,280,457,0.9571
981,384,12778,93,89,383,462,0.9566
982,387,3483,134,292,273,170,0.9809
983,387,27653,671,254,219,201,0.9715
984,387,20238,134,868,231,227,0.9651
985,387,31885,500,654,416,515,0.9557
986,389,34597,31,125,441,425,0.9703
987,389,20877,85,726,334,238,0.9614
988,389,3483,619,718,214,270,0.9593
989,389,16262,602,186,237,229,0.951
990,389,30308,602,184,239,229,0.0037
991,389,2483,618,713,221,274,0.0011
992,390,34597,46,155,446,418,0.9683
993,390,20877,116,769,334,229,0.9623
994,390,3483,648,750,213,265,0.9558
995,390,16262,630,192,242,232,0.9552
996,390,30308,629,191,246,232,0.0038
997,392,21026,686,275,176,173,0.9757
998,392,16551,110,701,297,495,0.9565
999,392,33208,657,900,218,210,0.9538
1000,392,1900,188,274,200,137,0.9444
1001,392,16551,0,764,35,516,0.0016
1002,393,33208,110,159,206,197,0.9712
1003,393,21026,92,831,182,181,0.9687
1004,393,16551,557,49,278,468,0.9593
1005,393,1900,582,869,210,141,0.9269
1006,394,3483,124,275,271,187,0.972
1007,394,25469,574,232,368,218,0.9675
1008,394,20238,139,850,230,225,0.9669
1009,394,28763,607,857,220,213,0.9489
1010,395,3483,602,845,278,187,0.9874
1011,395,25469,49,859,375,217,0.9633
1012,395,20238,618,196,225,216,0.9613
1013,395,28763,173,208,211,202,0.9483
1014,396,3483,575,811,282,191,0.9758
1015,396,20238,590,191,220,213,0.9721
1016,396,25469,14,813,379,222,0.9624
1017,396,28763,154,200,209,198,0.9499
1018,396,3483,573,812,284,103,0.0013
1019,400,33208,614,772,212,204,0.9739
1020,400,16548,604,125,229,224,0.9563
1021,400,33009,15,778,365,238,0.9456
1022,400,1900,133,246,196,155,0.922
1023,401,33208,152,295,207,197,0.9775
1024,401,16548,112,899,242,240,0.9615
1025,401,33009,584,243,358,236,0.9502
1026,401,1900,642,859,208,165,0.9183
1027,404,3351,357,145,185,189,0.9714
1028,404,35206,434,699,421,232,0.9593
1029,404,18147,18,588,285,418,0.9476
1030,409,10224,540,129,376,281,0.9566
1031,409,16551,8,729,466,319,0.9549
1032,409,33009,515,792,385,210,0.9449
1033,409,1900,134,244,191,164,0.9323
1034,411,16551,500,199,449,307,0.9559
1035,411,10224,32,829,389,301,0.9464
1036,411,33009,85,255,369,212,0.9364
1037,411,1900,645,855,202,175,0.9337
1038,412,5094,106,809,283,288,0.9744
1039,412,2483,626,74,229,460,0.9621
1040,412,12081,649,694,245,466,0.9613
1041,412,19552,112,190,310,498,0.9449
1042,413,5094,105,800,278,276,0.9744
1043,413,2483,628,39,242,472,0.9603
1044,413,12081,641,689,235,448,0.956
1045,413,19552,112,163,308,494,0.9509
1046,413,27733,753,1194,223,86,0.0131
1047,413,27733,744,1237,232,43,0.0014
1048,414,5094,550,188,272,270,0.9735
1049,414,2483,49,703,256,471,0.9581
1050,414,12081,70,129,228,431,0.9577
1051,414,19552,520,551,306,495,0.9528
1052,414,20004,712,1198,264,82,0.0035
1053,414,27733,735,1195,240,85,0.0028
1054,415,3483,601,869,257,227,0.9836
1055,415,19861,127,865,221,167,0.9787
1056,415,31885,99,92,321,542,0.9608
1057,415,16262,639,178,244,230,0.9545
1058,415,20877,598,865,262,233,0.0099
1059,415,30308,638,177,244,231,0.0043
1060,416,3483,574,835,261,232,0.9752
1061,416,19861,92,826,226,176,0.9719
1062,416,31885,79,72,314,533,0.9589
1063,416,16262,610,172,237,229,0.9534
1064,416,20877,567,832,271,238,0.0051
1065,416,30308,610,172,238,229,0.0036
1066,416,24752,611,172,237,229,0.0013
1067,417,19861,637,277,222,171,0.9744
1068,417,3483,150,222,246,221,0.9692
1069,417,31885,571,610,330,556,0.9613
1070,417,16262,101,852,248,241,0.957
1071,417,30308,101,851,248,241,0.0056
1072,417,20877,146,218,252,226,0.0011
1073,419,3483,126,308,266,203,0.97
1074,419,27733,565,261,302,265,0.9684
1075,419,25367,545,736,430,442,0.9643
1076,419,20238,113,855,232,226,0.9591
1077,420,20238,615,186,220,213,0.9712
1078,420,27733,86,722,327,282,0.9705
1079,420,25367,8,74,424,420,0.9661
1080,420,3483,581,758,274,212,0.9649
1081,420,20877,578,756,281,217,0.0017
1082,422,19861,639,278,222,171,0.9758
1083,422,3483,151,221,247,221,0.9647
1084,422,34597,562,697,350,516,0.96
1085,422,36637,96,907,270,165,0.9541
1086,423,3483,572,835,262,233,0.9743
1087,423,19861,90,826,227,176,0.9737
1088,423,34597,81,14,336,498,0.9675
1089,423,36637,591,196,259,153,0.9561
1090,423,20877,569,832,268,239,0.0042
1091,429,27733,131,775,312,278,0.9725
1092,429,3483,607,790,273,205,0.9724
1093,429,29667,669,179,224,215,0.9664
1094,429,34597,73,156,485,351,0.9594
1095,430,3544,183,199,201,200,0.9671
1096,430,33878,616,792,170,221,0.966
1097,430,4543,611,154,203,199,0.9626
1098,430,16551,68,610,406,408,0.9558
1099,431,3544,201,207,206,202,0.9669
1100,431,33878,644,829,166,216,0.9633
1101,431,4543,640,155,208,201,0.9592
1102,431,16551,104,663,399,400,0.9584
1103,432,33878,195,256,162,216,0.967
1104,432,3544,584,860,213,212,0.9651
1105,432,16551,493,224,391,389,0.9569
1106,432,4543,133,904,214,213,0.9563
1107,433,16232,620,178,187,182,0.9744
1108,433,27733,87,722,325,281,0.9727
1109,433,3483,581,758,274,212,0.9709
1110,433,30308,91,105,355,425,0.9575
1111,433,20877,578,756,280,216,0.0022
1112,434,27733,565,260,301,265,0.9717
1113,434,3483,126,308,266,203,0.9717
1114,434,16232,141,892,199,193,0.9655
1115,434,30308,533,693,371,446,0.9448
1116,435,27733,124,768,313,276,0.977
1117,435,16232,648,184,191,180,0.9735
1118,435,3483,606,791,273,205,0.9717
1119,435,30308,107,120,368,438,0.9516
1120,436,3483,602,845,279,186,0.9871
1121,436,25469,49,858,375,217,0.9651
1122,436,20238,618,196,225,216,0.9605
1123,436,31885,44,135,445,480,0.9575
1124,443,25438,568,187,248,254,0.9641
1125,443,2483,84,676,246,468,0.9623
1126,443,4378,76,102,225,438,0.961
1127,443,22627,533,685,342,476,0.946
1128,444,25438,112,842,259,266,0.9659
1129,444,4378,653,704,219,475,0.964
1130,444,2483,597,109,254,451,0.9599
1131,444,22627,75,65,335,489,0.9495
1132,449,3483,590,844,283,169,0.9832
1133,449,27653,96,853,222,205,0.9721
1134,449,34597,46,131,382,478,0.9663
1135,449,16262,624,182,242,231,0.9518
1136,449,30308,623,180,243,232,0.0036
1137,449,3483,593,845,280,98,0.002
1138,449,24752,623,180,244,233,0.0015
1139,452,29451,510,243,408,224,0.9628
1140,452,16551,137,635,311,486,0.9567
1141,452,44199,176,234,197,262,0.9559
1142,452,1900,646,845,186,188,0.9459
1143,452,10224,721,821,255,458,0.0011
1144,454,5094,562,195,273,268,0.9668
1145,454,5886,123,81,237,481,0.9657
1146,454,6192,498,590,297,526,0.9555
1147,454,2483,105,705,227,480,0.9551
1148,454,20004,683,1198,293,81,0.0062
1149,454,30308,697,1192,279,88,0.0023
1150,454,41149,708,1197,268,83,0.0019
1151,454,19552,718,1194,258,86,0.0012
1152,455,5094,94,795,279,275,0.9677
1153,455,5886,583,681,234,491,0.9655
1154,455,6192,141,89,301,522,0.9641
1155,455,2483,602,26,221,482,0.9613
1156,455,27733,824,1190,152,90,0.0172
1157,456,5886,591,682,244,506,0.9703
1158,456,5094,95,807,283,284,0.965
1159,456,6192,141,120,299,524,0.9617
1160,456,2483,595,63,215,470,0.9581
1161,457,5094,134,834,279,275,0.967
1162,457,6192,111,156,281,536,0.9628
1163,457,13395,630,675,233,498,0.9624
1164,457,2483,637,68,220,482,0.9603
1165,457,27733,823,1186,153,94,0.0015
1166,458,5094,134,844,285,286,0.9653
1167,458,6192,109,176,286,547,0.9569
1168,458,2483,625,104,229,464,0.9568
1169,458,13395,638,675,246,518,0.953
1170,459,5094,523,162,273,266,0.9684
1171,459,13395,78,83,236,485,0.9638
1172,459,2483,82,661,216,488,0.9567
1173,459,6192,550,517,276,530,0.9544
1174,459,20004,719,1182,256,98,0.0959
1175,459,35206,726,1179,246,101,0.0027
1176,459,27733,719,1171,255,109,0.0024
1177,459,20004,758,1142,218,137,0.0011
1178,460,22362,79,118,264,392,0.9678
1179,460,3743,494,128,311,302,0.964
1180,460,23223,509,583,294,508,0.9579
1181,460,2483,92,660,209,491,0.9531
1182,460,20004,720,1183,256,97,0.011
1183,460,20004,732,1148,244,132,0.0013
1184,460,35206,735,1177,241,103,0.0011
1185,462,22362,609,737,273,419,0.9707
1186,462,3743,123,837,330,335,0.9706
1187,462,2483,627,103,208,466,0.9568
1188,462,23223,133,151,297,503,0.9529
1189,463,3483,133,292,273,170,0.9789
1190,463,27653,668,254,220,200,0.9732
1191,463,20238,134,869,230,227,0.9649
1192,463,28763,623,873,221,213,0.9551
1193,464,3483,564,812,285,173,0.9825
1194,464,27653,64,813,224,209,0.9715
1195,464,20238,595,174,219,212,0.9592
1196,464,28763,137,184,209,199,0.9508
1197,465,3483,591,844,283,169,0.986
1198,465,27653,97,854,222,205,0.9728
1199,465,20238,624,176,223,215,0.9584
1200,465,28763,156,193,212,199,0.9549
1201,465,3483,596,845,280,104,0.0021
1202,468,25438,156,872,260,267,0.9666
1203,468,22362,604,749,267,417,0.9658
1204,468,2483,601,121,206,462,0.962
1205,468,23223,109,115,308,505,0.9563
1206,469,27733,125,769,312,276,0.9761
1207,469,3483,607,791,273,206,0.9666
1208,469,35206,602,126,255,390,0.9578
1209,469,28763,150,222,212,200,0.9502
1210,472,33878,629,849,228,138,0.9614
1211,472,3544,150,190,207,201,0.9609
1212,472,6563,189,709,217,358,0.9608
1213,472,16548,629,148,234,226,0.9608
1214,474,6563,590,237,212,339,0.9656
1215,474,33878,148,306,222,148,0.9624
1216,474,3544,635,876,215,213,0.9623
1217,474,16548,118,881,240,238,0.9529
1218,475,25438,125,824,259,267,0.9672
1219,475,2483,595,89,211,463,0.9612
1220,475,13395,600,712,234,522,0.9592
1221,475,19552,90,139,312,494,0.9464
1222,477,25438,125,811,253,256,0.9682
1223,477,2483,602,48,216,481,0.9602
1224,477,13395,588,714,238,497,0.9593
1225,477,19552,89,107,313,492,0.9521
1226,477,27733,837,1189,139,91,0.0726
1227,479,3483,537,779,267,220,0.977
1228,479,25367,65,82,374,472,0.9673
1229,479,27777,145,776,178,205,0.9649
1230,479,36637,636,176,182,243,0.9541
1231,479,3483,540,778,261,152,0.0013
1232,481,5094,135,844,285,286,0.9655
1233,481,2483,625,104,228,465,0.9579
1234,481,22627,74,107,309,496,0.9526
1235,481,13395,638,674,245,517,0.9512
1236,482,5094,523,162,273,267,0.9701
1237,482,13395,78,82,238,486,0.9582
1238,482,2483,82,660,217,489,0.9563
1239,482,22627,559,637,307,490,0.9437
1240,482,20004,699,1183,277,97,0.0082
1241,484,3351,420,894,191,192,0.9697
1242,484,32310,26,327,292,325,0.9667
1243,484,16688,484,120,412,529,0.9383
1244,484,20238,26,329,288,320,0.005
1245,485,3351,328,146,185,189,0.9705
1246,485,32310,626,534,292,342,0.9659
1247,485,16688,39,525,433,579,0.9356
1248,485,20238,624,535,287,333,0.0139
1249,485,30850,637,1174,339,105,0.0051
1250,485,27733,663,1168,313,112,0.0025
1251,485,16235,757,1148,216,132,0.0017
1252,486,3351,370,204,185,184,0.9659
1253,486,32310,666,634,293,343,0.9508
1254,486,16688,80,625,434,584,0.9308
1255,486,20238,664,633,288,338,0.0177
1256,487,27733,124,769,313,276,0.9775
1257,487,16232,648,184,192,181,0.9717
1258,487,3483,606,792,273,205,0.9704
1259,487,31885,96,49,410,507,0.9602
1260,493,21026,686,274,176,173,0.9751
1261,493,19607,684,901,164,161,0.9706
1262,493,16548,124,886,242,238,0.9492
1263,493,1900,187,291,197,155,0.9383
1264,494,21026,92,832,181,180,0.9657
1265,494,19607,137,212,154,151,0.9623
1266,494,16548,593,139,229,224,0.9511
1267,494,1900,588,829,203,161,0.9292
1268,494,6563,592,139,232,225,0.0012
1269,496,3351,394,871,189,191,0.9691
1270,496,3832,494,181,373,362,0.9536
1271,496,36637,164,293,187,248,0.9505
1272,496,18147,796,1192,180,88,0.0589
1273,496,18147,809,1130,167,148,0.0215
1274,496,3832,679,0,288,116,0.0082
1275,496,35206,764,1225,212,55,0.0062
1276,496,38927,691,0,278,140,0.0053
1277,496,35206,795,1209,180,71,0.0023
1278,496,18147,719,1195,257,85,0.0017
1279,496,3832,707,0,265,180,0.0017
1280,496,35206,810,1241,166,39,0.0016
1281,497,3351,355,159,181,185,0.9732
1282,497,3832,53,652,383,378,0.9547
1283,497,36637,587,669,194,259,0.9499
1284,497,15280,342,4,206,156,0.003
1285,497,22347,887,1174,83,106,0.0028
1286,497,20004,844,1131,132,149,0.0015
1287,497,16235,0,1224,120,56,0.0015
1288,497,15280,381,0,200,70,0.0011
1289,499,3483,125,276,269,187,0.9742
1290,499,25469,574,232,369,219,0.9678
1291,499,25367,531,731,430,456,0.9658
1292,499,16262,167,835,250,242,0.9549
1293,499,30308,167,834,249,242,0.0074
1294,500,3483,574,810,283,193,0.9715
1295,500,25367,36,65,412,435,0.9675
1296,500,25469,15,812,379,223,0.964
1297,500,16262,547,188,237,228,0.9557
1298,500,30308,546,187,240,228,0.002
1299,500,24752,544,188,242,228,0.0018
1300,501,3483,601,845,278,187,0.9864
1301,501,25469,49,858,375,218,0.9646
1302,501,25367,48,79,427,441,0.9623
1303,501,16262,575,196,243,230,0.9535
1304,501,30308,574,195,245,231,0.0031
1305,501,24752,574,195,245,231,0.0016
1306,502,3483,126,276,268,187,0.9762
1307,502,25469,574,232,370,219,0.9686
1308,502,20238,140,850,230,225,0.9682
1309,502,30308,548,730,416,412,0.943
1310,503,3483,575,811,281,192,0.974
1311,503,20238,590,191,220,213,0.9713
1312,503,25469,15,812,379,222,0.9636
1313,503,30308,38,102,390,395,0.9477
1314,506,3351,353,141,182,187,0.9717
1315,506,31863,83,698,208,212,0.9652
1316,506,38162,534,633,195,302,0.9595
1317,507,31863,125,784,205,206,0.9711
1318,507,3351,394,197,184,184,0.9685
1319,507,38162,574,729,192,293,0.9563
1320,508,22074,168,261,187,189,0.9869
1321,508,18147,539,239,340,353,0.9627
1322,508,3351,419,870,190,192,0.9607
1323,509,22074,589,780,187,194,0.986
1324,509,3351,328,167,184,190,0.9662
1325,509,18147,47,606,350,378,0.955
1326,509,29711,721,1185,252,94,0.0093
1327,511,19861,639,277,223,171,0.9743
1328,511,3483,151,221,248,220,0.9684
1329,511,25367,575,746,393,491,0.9678
1330,511,36637,96,907,270,165,0.9526
1331,515,3483,567,812,264,216,0.9798
1332,515,27777,180,813,174,200,0.9671
1333,515,35206,614,141,226,402,0.9559
1334,515,30308,97,188,423,364,0.9494
1335,516,27777,638,294,174,195,0.9623
1336,516,3483,173,280,255,214,0.9623
1337,516,35206,139,708,245,411,0.956
1338,516,30308,479,702,439,374,0.944
1339,516,2483,172,276,260,221,0.0022
1340,517,3483,590,845,284,169,0.9845
1341,517,27653,95,853,222,206,0.9723
1342,517,31885,27,19,381,521,0.9583
1343,517,36637,644,209,189,246,0.9536
1344,518,3483,563,812,286,173,0.9835
1345,518,27653,63,813,224,209,0.9722
1346,518,36637,614,204,184,242,0.955
1347,518,31885,18,5,362,513,0.9533
1348,519,3483,135,291,273,170,0.9817
1349,519,27653,671,255,219,200,0.9716
1350,519,31885,599,701,377,534,0.9544
1351,519,36637,150,801,194,255,0.9499
1352,520,29667,128,880,229,228,0.9704
1353,520,27777,641,295,174,195,0.9649
1354,520,3483,176,276,258,216,0.9617
1355,520,28763,615,906,223,213,0.9578
1356,520,2483,174,274,262,222,0.0013
1357,521,3483,536,779,268,221,0.979
1358,521,29667,602,160,216,214,0.9699
1359,521,27777,144,774,178,205,0.9632
1360,521,28763,147,155,208,198,0.9538
1361,521,20877,532,775,275,229,0.0016
1362,521,3483,538,779,261,147,0.0012
1363,522,3483,564,814,264,215,0.9807
1364,522,29667,630,162,222,217,0.9735
1365,522,27777,177,812,176,200,0.969
1366,522,28763,164,160,211,202,0.9519
1367,525,27733,565,260,301,265,0.97
1368,525,3483,126,307,266,203,0.9684
1369,525,16232,140,892,198,193,0.9668
1370,525,28763,636,865,222,213,0.9508
1371,526,19861,637,277,222,171,0.9746
1372,526,3483,150,222,248,221,0.9661
1373,526,16262,100,852,248,241,0.9571
1374,526,30308,551,709,311,474,0.9542
1375,526,30308,101,851,248,241,0.0058
1376,527,3483,602,868,257,228,0.9834
1377,527,19861,127,864,220,167,0.9804
1378,527,16262,638,179,244,229,0.9579
1379,527,30308,143,75,305,464,0.9513
1380,527,20877,599,864,262,234,0.005
1381,527,30308,639,177,245,231,0.0048
1382,527,3483,603,868,248,127,0.0013
1383,528,3483,574,835,261,233,0.9741
1384,528,19861,92,826,226,176,0.9725
1385,528,16262,610,172,237,229,0.9567
1386,528,30308,128,64,295,449,0.9519
1387,528,30308,610,171,238,229,0.0037
1388,528,20877,567,832,272,237,0.003
1389,528,3483,572,836,258,144,0.001
1390,529,3483,602,844,278,187,0.9865
1391,529,22347,107,241,206,198,0.967
1392,529,25469,49,859,374,217,0.9637
1393,529,20238,618,196,225,216,0.9604
1394,530,3483,126,276,268,186,0.9742
1395,530,22347,681,832,212,207,0.9687
1396,530,25469,573,232,369,219,0.9681
1397,530,20238,140,850,230,225,0.9676
1398,531,3483,573,810,284,193,0.974
1399,531,20238,590,191,220,213,0.9718
1400,531,22347,91,230,200,196,0.9717
1401,531,25469,14,813,378,221,0.9626
1402,532,3743,76,813,333,329,0.9727
1403,532,5886,614,696,234,512,0.9697
1404,532,2483,599,114,287,443,0.9625
1405,532,19552,119,115,381,426,0.9462
1406,532,38927,86,0,300,95,0.0024
1407,533,3743,75,801,327,320,0.9735
1408,533,5886,601,698,240,491,0.9699
1409,533,2483,610,76,279,458,0.9581
1410,533,19552,116,74,385,433,0.9496
1411,534,3743,537,152,316,302,0.9735
1412,534,5886,97,67,244,478,0.9662
1413,534,2483,52,679,283,459,0.9589
1414,534,19552,446,699,394,432,0.9423
1415,534,20004,704,1187,272,93,0.0209
1416,534,28424,0,1210,102,70,0.003
1417,534,35206,0,1205,226,74,0.0016
1418,535,3483,602,846,277,186,0.9878
1419,535,25469,87,829,337,301,0.9731
1420,535,31885,82,142,410,507,0.9602
1421,535,36637,674,172,174,255,0.9499
1422,536,3483,572,811,284,192,0.9766
1423,536,25469,49,788,345,301,0.9755
1424,536,31885,66,118,399,501,0.9578
1425,536,36637,645,170,169,250,0.9525
1426,537,3483,126,275,270,186,0.976
1427,537,25469,574,182,326,289,0.973
1428,537,31885,514,596,407,519,0.9572
1429,537,36637,131,830,181,263,0.9511
1430,539,3351,321,132,185,189,0.9774
1431,539,38162,593,710,198,305,0.9619
1432,539,20014,10,669,349,342,0.9466
1433,539,30850,692,1189,282,90,0.0043
1434,539,27733,728,1185,247,95,0.0014
1435,540,3351,363,189,185,183,0.9654
1436,540,38162,632,807,193,295,0.9537
1437,540,20014,54,754,344,337,0.9447
1438,541,19861,638,277,222,171,0.9752
1439,541,3483,150,222,246,221,0.9679
1440,541,16232,145,900,195,192,0.9639
1441,541,31885,584,648,330,556,0.9563
1442,542,3483,574,835,261,233,0.9753
1443,542,19861,92,826,226,176,0.9737
1444,542,16232,618,173,184,181,0.9676
1445,542,31885,68,35,314,533,0.9523
1446,542,20877,570,831,267,239,0.0049
1447,543,3483,602,870,256,226,0.9854
1448,543,19861,127,865,220,167,0.979
1449,543,16232,646,175,189,186,0.9764
1450,543,31885,87,52,321,543,0.9594
1451,543,20877,599,865,261,233,0.0055
1452,545,22347,664,863,213,208,0.9715
1453,545,29667,128,880,229,228,0.9708
1454,545,3483,176,276,258,216,0.9639
1455,545,27777,641,295,174,195,0.9633
1456,546,3483,536,779,267,221,0.9767
1457,546,29667,602,161,216,214,0.9691
1458,546,22347,107,201,201,194,0.9676
1459,546,27777,143,774,179,206,0.9632
1460,546,3483,537,779,262,147,0.0012
1461,547,22347,122,242,206,198,0.9704
1462,547,20877,115,770,334,229,0.965
1463,547,3483,647,749,214,266,0.9591
1464,547,36637,633,210,183,250,0.9546
1465,548,22347,665,830,211,207,0.9716
1466,548,20877,544,294,328,237,0.9699
1467,548,3483,142,291,209,257,0.9602
1468,548,36637,166,798,189,257,0.9562
1469,551,3483,133,292,273,170,0.9776
1470,551,27653,670,254,219,200,0.9725
1471,551,20238,135,869,230,227,0.9656
1472,551,30308,544,686,393,431,0.9465
1473,552,3483,591,844,283,169,0.9856
1474,552,27653,98,853,223,206,0.9717
1475,552,20238,623,177,223,215,0.9573
1476,552,30308,77,144,385,423,0.9522
1477,552,3483,595,844,280,105,0.0023
1478,553,34597,11,71,419,450,0.9734
1479,553,3483,574,810,284,192,0.9732
1480,553,16232,602,213,185,182,0.9664
1481,553,25469,15,812,379,222,0.9632
1482,555,3483,602,844,279,187,0.9882
1483,555,16232,630,219,189,187,0.973
1484,555,34597,25,99,427,444,0.9677
1485,555,25469,49,858,375,217,0.9645
1486,560,3483,602,869,257,227,0.9836
1487,560,19861,128,865,220,167,0.9797
1488,560,35206,583,98,285,376,0.958
1489,560,30308,116,78,273,475,0.957
1490,560,20877,599,864,263,234,0.0081
1491,564,21771,161,805,190,187,0.9666
1492,564,16551,591,107,294,477,0.9579
1493,564,33009,546,835,376,202,0.9359
1494,564,1900,151,256,197,161,0.9142
1495,565,5094,108,810,282,287,0.973
1496,565,12081,650,693,245,467,0.9627
1497,565,2483,626,75,231,460,0.9601
1498,565,12778,29,158,407,435,0.9543
1499,569,3743,496,167,313,299,0.9729
1500,569,12081,108,111,230,430,0.9598
1501,569,2483,89,666,253,471,0.9585
1502,569,12778,537,576,298,518,0.9501
1503,569,20004,706,1188,270,92,0.0079
1504,569,27733,705,1172,271,108,0.0012
1505,571,21026,91,831,181,180,0.9689
1506,571,16551,540,55,302,455,0.9557
1507,571,24850,119,137,183,282,0.9345
1508,571,1900,582,868,209,141,0.9265
1509,572,21026,687,275,175,173,0.9743
1510,572,16551,99,711,329,479,0.9576
1511,572,1900,190,274,200,137,0.9454
1512,572,24850,672,830,189,300,0.9298
1513,572,16551,0,780,35,500,0.0019
1514,573,21026,126,865,178,176,0.9782
1515,573,16551,566,63,313,467,0.9591
1516,573,1900,608,901,206,135,0.9437
1517,573,24850,138,143,184,290,0.9394
1518,574,3743,117,827,322,322,0.9653
1519,574,13395,628,675,231,500,0.9573
1520,574,2483,670,82,206,483,0.9535
1521,574,22627,95,176,308,483,0.9459
1522,575,3743,499,126,312,304,0.9703
1523,575,13395,83,82,234,486,0.9626
1524,575,2483,58,642,207,490,0.9577
1525,575,22627,535,548,312,486,0.9508
1526,575,20004,715,1186,260,94,0.0543
1527,576,3743,117,839,330,332,0.972
1528,576,2483,658,119,215,466,0.9565
1529,576,13395,636,675,243,518,0.9552
1530,576,22627,96,204,307,487,0.9535
1531,577,19607,140,788,160,157,0.9634
1532,577,16551,538,70,350,424,0.9537
1533,577,33009,517,791,382,211,0.9473
1534,577,1900,134,247,196,155,0.9303
1535,578,19607,662,333,157,150,0.9689
1536,578,16551,49,725,380,448,0.956
1537,578,1900,642,859,207,166,0.9378
1538,578,33009,85,256,367,211,0.9324
1539,579,19607,172,822,159,154,0.9629
1540,579,16551,566,80,359,435,0.958
1541,579,33009,546,835,376,202,0.9351
1542,579,1900,151,256,199,156,0.9236
1543,581,16548,103,905,243,239,0.9497
1544,581,24850,647,207,176,275,0.9463
1545,581,33009,86,254,367,211,0.942
1546,581,1900,645,853,204,173,0.9244
1547,583,5094,548,185,273,268,0.9709
1548,583,5886,111,78,236,481,0.965
1549,583,2483,69,692,255,469,0.9615
1550,583,19552,471,638,331,484,0.9515
1551,583,20004,709,1185,267,95,0.093
1552,584,5886,603,684,247,506,0.9654
1553,584,5094,110,817,283,283,0.9643
1554,584,2483,606,90,261,454,0.9556
1555,584,19552,142,115,331,485,0.9554
1556,586,25469,49,788,343,301,0.9743
1557,586,3483,573,811,284,192,0.9739
1558,586,36637,645,169,170,248,0.9556
1559,586,28763,146,199,209,197,0.9493
1560,587,25469,573,180,323,292,0.9738
1561,587,3483,126,275,268,186,0.9727
1562,587,28763,615,858,221,214,0.9536
1563,587,36637,131,829,181,263,0.9518
1564,587,2483,125,272,271,192,0.0014
1565,588,3483,601,846,278,186,0.9868
1566,588,25469,87,830,335,302,0.9725
1567,588,28763,165,207,211,202,0.9513
1568,588,36637,675,172,174,255,0.9508
1569,589,3483,602,869,257,227,0.9837
1570,589,19861,127,864,220,168,0.9788
1571,589,25367,26,110,352,498,0.9678
1572,589,16262,638,178,244,230,0.9557
1573,589,30308,639,177,244,231,0.006
1574,589,20877,598,864,262,234,0.0048
1575,591,19861,637,277,222,171,0.9743
1576,591,25367,630,645,346,508,0.9704
1577,591,3483,150,222,247,221,0.9635
1578,591,16262,100,852,249,241,0.9558
1579,591,30308,101,851,248,241,0.0068
1580,592,19861,639,277,222,170,0.9738
1581,592,29667,119,845,229,226,0.9695
1582,592,3483,151,220,247,221,0.9671
1583,592,28763,649,901,223,214,0.9468
1584,593,3483,572,836,262,233,0.9785
1585,593,19861,89,825,227,176,0.9755
1586,593,29667,610,194,218,214,0.9666
1587,593,28763,113,159,209,197,0.9501
1588,593,20877,569,832,268,238,0.0057
1589,594,3483,600,870,256,228,0.9849
1590,594,19861,125,864,220,168,0.9783
1591,594,29667,639,199,223,215,0.9671
1592,594,28763,130,164,212,201,0.9481
1593,594,20877,597,865,262,234,0.0068
1594,594,3483,601,869,248,122,0.0013
1595,595,3351,398,866,191,192,0.9762
1596,595,16232,649,290,191,188,0.9577
1597,595,32310,111,218,249,341,0.957
1598,595,41768,800,1190,176,90,0.1207
1599,595,41768,815,1133,161,146,0.0366
1600,595,3832,730,1193,245,87,0.0169
1601,595,35206,755,1219,221,60,0.0126
1602,595,20238,112,216,245,340,0.0084
1603,595,18147,757,1119,219,159,0.0069
1604,595,16551,672,0,297,111,0.0027
1605,595,41768,775,1227,200,53,0.0025
1606,595,35206,728,1242,248,37,0.0023
1607,595,35206,784,1200,190,80,0.0015
1608,596,3351,352,163,179,184,0.9765
1609,596,16232,81,734,198,197,0.9651
1610,596,32310,579,618,263,370,0.9444
1611,596,11220,0,1208,120,71,0.0052
1612,596,20238,581,628,260,357,0.0032
1613,596,16206,336,4,212,172,0.0017
1614,596,30308,757,1173,217,107,0.0014
1615,596,11220,0,1173,55,107,0.001
1616,598,33880,549,193,306,420,0.9783
1617,598,3351,403,873,189,192,0.9694
1618,598,36637,173,334,182,252,0.952
1619,600,33880,114,683,310,435,0.9794
1620,600,3351,388,226,183,183,0.9737
1621,600,36637,625,722,182,258,0.9432
1622,601,27733,565,261,301,264,0.9707
1623,601,3483,126,308,266,204,0.9673
1624,601,16262,153,804,247,241,0.9593
1625,601,31885,505,637,448,485,0.9571
1626,601,30308,153,804,248,241,0.0078
1627,602,27733,87,722,325,281,0.9703
1628,602,3483,581,758,274,212,0.9689
1629,602,31885,40,112,439,470,0.9606
1630,602,16262,563,217,238,230,0.9548
1631,602,30308,562,216,239,230,0.0033
1632,602,20877,578,756,280,216,0.0031
1633,602,24752,563,217,239,229,0.0022
1634,603,27733,124,769,313,276,0.9773
1635,603,3483,606,791,273,206,0.9709
1636,603,31885,55,137,455,470,0.9584
1637,603,16262,589,226,244,231,0.9545
1638,603,30308,590,226,245,231,0.0057
1639,603,20877,606,789,276,210,0.0014
1640,605,3483,590,844,283,169,0.9847
1641,605,27653,96,854,221,205,0.9717
1642,605,28763,147,249,212,202,0.9555
1643,605,36637,645,208,188,246,0.9531
1644,605,3483,594,845,281,101,0.0022
1645,608,33880,48,605,318,446,0.9761
1646,608,3351,341,191,183,188,0.9709
1647,608,29667,589,723,230,232,0.9658
1648,610,3483,562,812,286,173,0.9821
1649,610,16232,620,221,187,183,0.9722
1650,610,27653,62,812,224,209,0.9718
1651,610,34597,0,106,397,447,0.9683
1652,611,3483,135,291,273,170,0.9785
1653,611,27653,671,255,219,199,0.9724
1654,611,16232,143,847,197,193,0.9698
1655,611,34597,581,658,395,456,0.9631
1656,612,3483,590,845,282,169,0.9835
1657,612,27653,95,853,222,205,0.973
1658,612,16232,649,230,191,182,0.9694
1659,612,34597,1,137,418,440,0.9625
1660,612,3483,593,846,280,96,0.0013
1661,614,22074,635,727,185,193,0.9812
1662,614,19232,165,653,243,357,0.97
1663,614,3351,347,153,183,188,0.9695
1664,615,22074,674,821,184,186,0.9866
1665,615,19232,209,754,237,355,0.9721
1666,615,3351,389,212,185,183,0.9666
1667,616,19861,638,277,221,171,0.9749
1668,616,3483,149,222,246,220,0.9696
1669,616,16232,145,899,195,192,0.9651
1670,616,28763,631,886,220,215,0.9369
1671,616,20877,146,218,253,225,0.0014
1672,617,3483,602,868,256,228,0.984
1673,617,19861,127,865,221,168,0.9785
1674,617,16232,647,175,189,186,0.9759
1675,617,28763,149,178,212,201,0.9477
1676,617,20877,599,864,262,234,0.0077
1677,618,3483,573,835,262,232,0.9751
1678,618,19861,91,826,226,176,0.9729
1679,618,16232,617,172,185,181,0.967
1680,618,28763,132,172,208,197,0.9526
1681,618,20877,570,832,268,238,0.0082
1682,620,22362,78,75,257,395,0.9702
1683,620,5094,521,150,271,266,0.9684
1684,620,2483,81,642,208,489,0.9554
1685,620,23223,548,640,297,508,0.9536
1686,620,20004,707,1177,268,103,0.0045
1687,621,5094,136,848,278,273,0.9768
1688,621,22362,609,780,254,408,0.9671
1689,621,2483,649,85,200,485,0.957
1690,621,23223,91,57,301,505,0.9531
1691,621,27733,819,1186,157,94,0.0165
1692,622,22074,612,290,186,190,0.976
1693,622,3351,396,890,191,191,0.9654
1694,622,41768,129,293,260,295,0.9647
1695,623,22074,128,746,189,196,0.9753
1696,623,41768,556,631,269,311,0.9687
1697,623,3351,352,148,184,189,0.9683
1698,624,22074,171,839,185,187,0.9776
1699,624,41768,598,721,261,310,0.9706
1700,624,3351,394,208,185,184,0.9619
1701,625,27733,565,261,302,265,0.9711
1702,625,3483,126,308,265,203,0.9709
1703,625,16262,153,804,247,240,0.9592
1704,625,30308,502,698,421,401,0.9471
1705,625,30308,153,804,249,241,0.0085
1706,627,27733,88,722,325,281,0.9704
1707,627,3483,581,758,275,212,0.9679
1708,627,16262,563,217,238,230,0.9556
1709,627,30308,74,147,401,380,0.9516
1710,627,30308,562,216,240,229,0.0033
1711,627,24752,563,216,240,229,0.0019
1712,627,20877,578,756,281,216,0.0013
1713,628,27733,565,260,301,265,0.9721
1714,628,3483,126,307,266,203,0.9699
1715,628,22347,678,851,212,208,0.9667
1716,628,16232,141,892,198,193,0.9666
1717,632,5886,114,82,236,481,0.9666
1718,632,25438,550,180,248,254,0.9609
1719,632,23223,503,608,298,505,0.9536
1720,632,2483,63,667,214,480,0.9502
1721,632,20004,695,1192,281,88,0.0207
1722,632,30850,696,1188,280,92,0.0084
1723,632,573,720,1184,256,96,0.0016
1724,633,25438,130,849,259,265,0.9658
1725,633,2483,651,100,203,468,0.9628
1726,633,5886,600,681,244,507,0.9547
1727,633,23223,138,136,298,494,0.9539
1728,633,38927,103,0,303,125,0.0012
1729,635,3544,183,198,201,198,0.9665
1730,635,33878,617,792,168,220,0.9628
1731,635,4543,611,154,203,199,0.9617
1732,635,16548,71,752,238,234,0.9574
1733,636,33878,196,255,160,215,0.9699
1734,636,3544,585,859,212,212,0.9646
1735,636,4543,133,904,214,212,0.9554
1736,636,16548,654,280,230,223,0.9497
1737,637,3743,76,813,334,329,0.9721
1738,637,5886,613,696,234,511,0.9704
1739,637,2483,600,117,285,440,0.9623
1740,637,6192,57,192,473,346,0.957
1741,638,3743,75,801,327,320,0.9727
1742,638,5886,600,698,241,492,0.9714
1743,638,6192,51,156,480,350,0.9573
1744,638,2483,609,77,280,457,0.9552
1745,640,3351,405,918,190,192,0.9732
1746,640,20238,97,300,224,221,0.9627
1747,640,3832,487,284,396,338,0.9538
1748,641,3351,342,125,183,185,0.9758
1749,641,20238,619,709,230,229,0.9581
1750,641,3832,42,578,402,348,0.9526
1751,641,16551,735,1181,240,99,0.0041
1752,641,18110,756,1175,220,104,0.0033
1753,644,3743,489,121,310,304,0.9722
1754,644,13395,71,88,238,483,0.9667
1755,644,2483,57,652,214,484,0.9601
1756,644,6192,504,606,278,539,0.9552
1757,644,20004,715,1179,259,101,0.024
1758,644,35206,744,1169,232,111,0.0015
1759,646,27777,639,294,174,195,0.9637
1760,646,3483,175,277,257,216,0.9619
1761,646,34597,403,633,457,431,0.9583
1762,646,36637,130,828,193,257,0.9485
1763,646,2483,173,276,260,220,0.0038
1764,647,3483,565,813,265,216,0.98
1765,647,27777,179,814,175,199,0.9693
1766,647,34597,146,191,448,413,0.9622
1767,647,36637,664,179,187,250,0.9389
1768,648,3483,538,778,266,221,0.9763
1769,648,27777,145,776,178,205,0.9654
1770,648,34597,126,155,443,422,0.9644
1771,648,36637,634,177,183,244,0.9527
1772,648,3483,539,778,261,150,0.0012
1773,650,3351,369,176,180,185,0.9734
1774,650,32310,0,707,309,313,0.9574
1775,650,36637,561,824,273,167,0.9571
1776,650,41768,0,0,109,84,0.0047
1777,650,16551,0,1193,214,87,0.004
1778,650,16206,337,2,244,219,0.0033
1779,650,27733,0,1211,123,69,0.0026
1780,650,20238,0,706,307,314,0.0023
1781,650,18147,0,0,199,67,0.0019
1782,650,35206,0,1215,121,64,0.0016
1783,650,33026,0,0,60,68,0.0012
1784,650,41768,0,0,73,86,0.0011
1785,650,41768,0,0,165,76,0.0011
1786,652,16551,563,66,289,463,0.9618
1787,652,31705,596,696,257,453,0.9589
1788,652,24850,115,842,302,170,0.95
1789,652,1900,126,259,198,149,0.9236
1790,653,31705,133,132,243,418,0.9632
1791,653,16551,91,693,308,486,0.9612
1792,653,24850,546,267,291,163,0.941
1793,653,1900,647,858,211,155,0.9361
1794,653,16551,0,763,43,507,0.0013
1795,654,31705,626,734,248,445,0.9631
1796,654,24850,149,881,298,163,0.9587
1797,654,16551,591,75,297,474,0.9582
1798,654,1900,142,268,204,147,0.9314
1799,656,3544,150,190,207,202,0.9635
1800,656,6563,190,709,217,358,0.9633
1801,656,33878,628,849,228,138,0.9626
1802,656,16551,540,181,411,386,0.9574
1803,658,18110,78,790,306,289,0.9638
1804,658,16551,631,12,285,485,0.9553
1805,658,29451,495,819,404,268,0.9551
1806,658,1900,168,248,183,179,0.9472
1807,659,29451,465,782,407,274,0.9648
1808,659,18110,44,748,310,300,0.9639
1809,659,16551,602,9,279,467,0.9604
1810,659,1900,148,240,183,179,0.9427
1811,660,29451,114,214,393,264,0.9621
1812,660,18110,610,225,299,289,0.9619
1813,660,16551,62,743,296,501,0.9565
1814,660,1900,644,847,187,187,0.9425
1815,660,16551,0,781,50,494,0.0094
1816,661,31863,179,304,205,206,0.9825
1817,661,3351,377,878,190,191,0.964
1818,661,16232,686,293,191,188,0.9589
1819,661,41149,12,0,443,112,0.002
1820,662,31863,556,725,207,212,0.9768
1821,662,16232,43,746,196,192,0.9652
1822,662,3351,370,161,183,188,0.9637
1823,664,20877,543,294,328,237,0.9708
1824,664,3483,141,293,210,258,0.9621
1825,664,36637,166,799,189,258,0.9573
1826,664,28763,631,875,221,211,0.9457
1827,665,20877,85,727,334,238,0.9644
1828,665,3483,622,716,212,269,0.9619
1829,665,36637,604,203,179,245,0.9548
1830,665,28763,131,184,209,199,0.953
1831,667,25438,122,821,254,256,0.9687
1832,667,2483,575,117,297,448,0.9616
1833,667,12081,646,705,241,446,0.9607
1834,667,22627,21,145,478,279,0.9444
1835,668,2483,68,652,298,449,0.9642
1836,668,25438,556,195,248,253,0.9613
1837,668,12081,63,118,232,430,0.9599
1838,668,22627,434,776,487,298,0.9475
1839,668,20004,691,1189,285,91,0.034
1840,668,30308,693,1185,282,95,0.002
1841,668,30850,0,1205,242,75,0.0017
1842,668,35206,0,1209,279,71,0.0013
1843,670,3483,125,276,268,185,0.9735
1844,670,25469,572,180,323,292,0.9716
1845,670,22347,682,848,213,208,0.9665
1846,670,35206,133,728,246,411,0.959
1847,672,3483,602,845,279,186,0.9857
1848,672,22347,106,224,206,199,0.9727
1849,672,25469,88,830,335,301,0.9716
1850,672,35206,613,120,230,400,0.9566
1851,674,44199,137,294,283,146,0.9604
1852,674,16548,153,890,239,239,0.9526
1853,674,27926,599,160,256,450,0.9514
1854,674,1900,634,894,209,135,0.9401
1855,675,16548,566,135,228,224,0.9618
1856,675,44199,551,834,293,146,0.9561
1857,675,27926,97,614,266,483,0.949
1858,675,1900,138,240,199,129,0.9139
1859,677,18110,14,694,310,298,0.9629
1860,677,16551,615,14,301,453,0.9547
1861,677,27926,569,628,257,487,0.95
1862,677,1900,140,241,200,128,0.9297
1863,679,5094,105,810,285,286,0.9702
1864,679,4378,600,701,221,472,0.9688
1865,679,2483,608,95,219,462,0.9653
1866,679,22627,133,163,337,469,0.9489
1867,680,5094,551,190,273,269,0.9709
1868,680,4378,134,103,217,444,0.9606
1869,680,2483,86,680,233,477,0.9533
1870,680,22627,473,605,342,472,0.944
1871,680,20004,707,1191,269,89,0.0123
1872,681,5094,104,800,280,275,0.9709
1873,681,4378,591,697,214,458,0.9674
1874,681,2483,614,56,229,477,0.9595
1875,681,22627,130,131,340,470,0.9491
1876,681,27733,838,1194,138,86,0.0092
1877,684,18110,79,764,307,289,0.965
1878,684,16551,527,88,365,432,0.956
1879,684,1900,181,268,129,197,0.9437
1880,684,29345,578,718,323,423,0.9427
1881,685,25438,119,819,255,257,0.9668
1882,685,6192,89,9,301,526,0.955
1883,685,2483,576,120,296,447,0.9547
1884,685,12081,644,704,239,451,0.9538
1885,688,20238,613,187,221,213,0.9711
1886,688,27733,87,722,325,281,0.9698
1887,688,3483,581,757,274,213,0.9692
1888,688,34597,102,183,455,400,0.9663
1889,688,20877,578,755,280,217,0.0014
1890,692,3483,134,291,273,170,0.9814
1891,692,27653,671,255,219,199,0.9721
1892,692,22347,658,837,212,207,0.9668
1893,692,35206,106,687,202,420,0.9617
1894,694,19232,503,238,327,255,0.969
1895,694,3351,403,851,189,190,0.9669
1896,694,35206,158,277,259,389,0.9637
1897,697,3351,402,854,192,193,0.9726
1898,697,18357,603,202,239,343,0.971
1899,697,38162,138,258,226,268,0.9553
1900,697,41768,811,1187,165,93,0.1241
1901,697,18147,824,1130,152,149,0.0419
1902,697,3832,726,1193,248,87,0.0124
1903,697,41768,850,1119,126,159,0.0105
1904,697,18147,759,1121,216,157,0.0077
1905,697,16551,670,0,299,120,0.0028
1906,697,41768,808,1239,168,40,0.0017
1907,697,20238,402,854,192,192,0.0013
1908,698,3351,348,174,179,184,0.976
1909,698,18357,80,633,250,371,0.9652
1910,698,38162,575,680,234,281,0.9607
1911,698,16551,0,1210,295,70,0.0076
1912,698,30308,768,1165,206,115,0.0027
1913,698,16551,746,1173,227,107,0.0017
1914,698,27733,0,1211,235,69,0.0016
1915,700,3483,574,836,261,232,0.9754
1916,700,19861,92,826,226,176,0.973
1917,700,16232,618,173,185,181,0.9671
1918,700,30308,74,131,383,395,0.9544
1919,700,20877,568,832,271,237,0.0023
1920,701,3483,602,870,257,226,0.9846
1921,701,19861,128,864,220,168,0.9803
1922,701,16232,647,176,189,186,0.9785
1923,701,30308,87,146,395,408,0.9532
1924,701,20877,598,865,263,233,0.0063
1925,701,3483,603,869,249,124,0.001
1926,702,19861,637,277,222,171,0.9755
1927,702,3483,151,222,247,220,0.9627
1928,702,16232,145,899,196,192,0.9627
1929,702,30308,514,696,407,415,0.9487
1930,705,3483,593,872,256,231,0.9813
1931,705,19861,120,864,221,168,0.9791
1932,705,29667,639,205,223,216,0.9698
1933,705,22347,121,200,205,198,0.9687
1934,705,20877,590,869,262,236,0.0058
1935,706,5886,604,684,246,507,0.9654
1936,706,5094,111,817,284,283,0.9631
1937,706,2483,605,89,261,455,0.9555
1938,706,12778,74,121,346,487,0.9501
1939,706,38927,67,0,313,88,0.0021
1940,706,38927,70,0,318,137,0.0011
1941,707,5094,548,186,272,268,0.9725
1942,707,5886,111,78,237,482,0.9664
1943,707,2483,70,692,256,470,0.9648
1944,707,12778,534,632,358,491,0.9558
1945,707,20004,705,1183,271,97,0.0541
1946,707,30850,689,1166,287,114,0.0022
1947,707,35206,0,1208,276,71,0.0013
1948,708,5094,110,806,280,274,0.9649
1949,708,5886,596,684,236,490,0.9636
1950,708,12778,68,83,349,490,0.9543
1951,708,2483,618,51,252,470,0.9498
1952,710,27733,87,722,324,281,0.9736
1953,710,3483,580,757,275,212,0.9694
1954,710,28763,158,234,208,199,0.9599
1955,710,16262,563,216,238,229,0.958
1956,710,30308,562,216,239,229,0.0108
1957,710,20877,578,756,280,216,0.0019
1958,712,5094,135,844,284,285,0.9644
1959,712,2483,625,105,229,464,0.9582
1960,712,13395,638,675,245,516,0.9517
1961,712,12778,104,115,294,529,0.9409
1962,713,5094,523,162,273,266,0.971
1963,713,13395,78,83,236,486,0.9623
1964,713,2483,82,660,217,489,0.9564
1965,713,12778,547,599,285,521,0.9544
1966,713,20004,712,1182,264,98,0.0275
1967,714,5094,134,834,279,275,0.9677
1968,714,13395,630,675,233,500,0.9583
1969,714,2483,636,67,221,482,0.9583
1970,714,12778,102,88,296,521,0.9468
1971,714,27733,813,1186,163,94,0.0029
1972,716,3743,120,796,329,330,0.9723
1973,716,12081,609,714,241,468,0.9652
1974,716,2483,586,110,237,460,0.9645
1975,716,19552,97,132,320,497,0.9404
1976,717,3743,495,167,314,299,0.9749
1977,717,2483,89,667,253,470,0.9582
1978,717,12081,109,110,228,431,0.9567
1979,717,19552,526,609,321,490,0.9447
1980,717,20004,720,1187,256,93,0.0248
1981,717,27733,716,1175,260,105,0.0028
1982,717,38927,721,1183,253,97,0.0015
1983,719,21771,91,810,195,191,0.9671
1984,719,31705,604,692,254,450,0.9577
1985,719,16548,553,182,231,225,0.9557
1986,719,1900,123,261,199,148,0.9104
1987,719,6563,552,182,234,229,0.002
1988,720,21771,675,286,188,182,0.9658
1989,720,31705,126,135,242,419,0.9602
1990,720,16548,165,842,241,237,0.9563
1991,720,1900,648,857,210,153,0.93
1992,721,27733,88,721,323,281,0.9703
1993,721,3483,581,757,274,211,0.9638
1994,721,31885,72,164,445,463,0.96
1995,721,35206,572,120,248,378,0.9551
1996,721,20877,579,756,280,215,0.0037
1997,724,10221,578,166,218,215,0.969
1998,724,3544,133,178,202,200,0.9635
1999,724,31705,573,677,251,449,0.9591
2000,724,16548,107,736,238,234,0.9577
2001,725,3544,636,886,214,212,0.9623
2002,725,10221,154,874,227,226,0.9602
2003,725,31705,151,147,247,420,0.9568
2004,725,16548,619,301,229,226,0.9532
2005,726,3544,150,184,207,201,0.9646
2006,726,10221,608,170,222,216,0.964
2007,726,16548,139,776,236,227,0.9591
2008,726,31705,602,716,251,442,0.9586
2009,727,3483,573,810,284,192,0.9753
2010,727,25367,38,155,409,446,0.9687
2011,727,16232,602,213,184,181,0.9676
2012,727,25469,15,812,380,223,0.9629
2013,728,3483,602,845,279,186,0.9858
2014,728,16232,631,219,189,187,0.9752
2015,728,25469,49,858,375,218,0.9633
2016,728,25367,53,176,420,450,0.9629
2017,731,29871,604,771,206,223,0.9705
2018,731,3544,103,161,202,199,0.9646
2019,731,4543,611,142,203,199,0.9644
2020,731,16548,120,770,238,231,0.9517
2021,732,3544,669,899,215,213,0.9623
2022,732,16548,608,266,229,220,0.9562
2023,732,4543,132,916,215,214,0.9535
2024,732,29871,168,277,204,214,0.9534
2025,738,16551,587,90,289,463,0.9629
2026,738,31705,137,644,253,452,0.9602
2027,738,44199,606,769,166,287,0.9503
2028,738,1900,87,259,202,129,0.9232
2029,740,19607,656,273,157,149,0.9675
2030,740,31705,138,131,241,418,0.9624
2031,740,1900,645,829,169,200,0.949
2032,740,16548,120,805,240,235,0.9477
2033,742,4378,80,100,218,442,0.9636
2034,742,25438,567,187,248,253,0.9636
2035,742,2483,83,676,248,469,0.9603
2036,742,6192,564,540,282,529,0.9546
2037,742,20004,722,1194,254,86,0.0051
2038,742,27733,741,1191,235,89,0.0019
2039,742,4378,101,103,199,102,0.001
2040,743,4378,643,705,219,456,0.9671
2041,743,25438,111,830,255,254,0.967
2042,743,2483,607,72,248,466,0.9609
2043,743,6192,93,130,284,533,0.9545
2044,743,27733,832,1191,144,89,0.0176
2045,745,3351,351,892,192,193,0.9794
2046,745,32310,116,179,224,363,0.9714
2047,745,16262,663,270,236,231,0.9617
2048,745,18147,804,1188,172,92,0.1075
2049,745,18147,816,1130,160,149,0.0631
2050,745,24752,662,270,237,231,0.0167
2051,745,18147,759,1121,217,158,0.0157
2052,745,20238,116,184,222,353,0.0123
2053,745,41768,845,1119,131,160,0.0102
2054,745,3832,728,1193,246,87,0.0057
2055,745,16551,636,0,333,122,0.0039
2056,745,35206,761,1228,215,51,0.0027
2057,745,41768,805,1242,171,37,0.0023
2058,745,20004,816,976,160,304,0.0017
2059,745,35206,795,1201,179,78,0.0015
2060,747,3351,438,192,183,185,0.9751
2061,747,32310,637,737,232,391,0.9684
2062,747,16262,61,798,245,238,0.9633
2063,747,24752,62,799,243,237,0.0118
2064,747,20238,637,757,230,365,0.0074
2065,747,11220,2,1236,44,44,0.0016
2066,750,1900,686,807,132,206,0.957
2067,750,44199,177,201,163,270,0.9467
2068,750,16548,146,789,242,237,0.9459
2069,750,29345,585,129,274,413,0.9429
2070,752,27993,550,778,306,241,0.9768
2071,752,6563,165,672,221,365,0.9632
2072,752,16548,559,137,229,225,0.96
2073,752,3544,93,196,202,201,0.9569
2074,752,6563,559,137,231,225,0.0012
2075,754,3351,373,197,184,182,0.974
2076,754,29667,627,761,228,223,0.9716
2077,754,3832,90,655,365,376,0.9432
2078,754,11220,0,1199,42,80,0.0032
2079,754,27733,831,1,142,42,0.0026
2080,754,11220,0,1193,99,86,0.0021
2081,754,16551,0,0,209,128,0.0014
2082,754,11220,0,1230,79,50,0.0011
2083,754,16551,0,0,215,91,0.0011
2084,756,3351,417,890,189,190,0.9731
2085,756,29667,126,318,225,226,0.9704
2086,756,3832,512,255,363,376,0.9484
2087,756,3832,674,0,294,117,0.0037
2088,756,18147,836,1096,140,183,0.0012
2089,756,38927,667,0,301,112,0.0012
2090,756,41768,701,0,270,169,0.001
2091,758,19861,639,278,222,172,0.9754
2092,758,3483,152,222,245,221,0.9677
2093,758,31885,564,655,337,554,0.9638
2094,758,36637,96,907,270,165,0.9533
2095,758,20877,148,217,253,226,0.0015
2096,759,3483,572,836,262,233,0.978
2097,759,19861,90,826,227,176,0.9739
2098,759,31885,77,29,325,531,0.9596
2099,759,36637,591,196,259,153,0.9558
2100,759,20877,569,831,268,239,0.0037
2101,760,33208,657,804,214,204,0.9802
2102,760,16548,581,202,232,226,0.9584
2103,760,29345,87,709,290,444,0.9447
2104,760,1900,159,258,128,200,0.9252
2105,761,33208,683,836,212,201,0.9748
2106,761,16548,610,212,236,226,0.9521
2107,761,29345,125,749,283,441,0.943
2108,761,1900,179,269,129,198,0.9299
2109,763,27733,565,261,302,265,0.9711
2110,763,3483,125,308,266,204,0.9673
2111,763,20238,114,855,231,226,0.9604
2112,763,31885,501,641,452,484,0.9563
2113,764,27733,125,769,313,276,0.9767
2114,764,3483,606,791,273,205,0.9715
2115,764,20238,643,192,226,215,0.9662
2116,764,31885,54,133,456,471,0.9563
2117,766,20877,545,295,327,237,0.9695
2118,766,3483,143,292,209,257,0.9645
2119,766,34597,568,733,408,473,0.9636
2120,766,36637,166,797,189,257,0.9562
2121,768,34597,7,21,404,458,0.9643
2122,768,20877,84,726,334,238,0.964
2123,768,3483,620,718,212,270,0.9581
2124,768,36637,604,204,179,246,0.954
2125,772,33208,638,879,212,201,0.9773
2126,772,31705,171,686,250,445,0.9636
2127,772,16551,556,80,289,481,0.96
2128,772,1900,104,269,205,126,0.9394
2129,773,33208,611,846,215,207,0.9803
2130,773,16551,529,72,281,465,0.9611
2131,773,31705,138,644,252,452,0.9592
2132,773,1900,87,259,202,130,0.924
2133,778,3483,602,844,279,187,0.9865
2134,778,16232,631,219,189,187,0.9726
2135,778,25469,50,858,375,217,0.9644
2136,778,30308,84,172,404,397,0.9524
2137,779,3483,126,276,268,186,0.9755
2138,779,25469,574,232,370,219,0.9684
2139,779,16232,164,856,194,191,0.9675
2140,779,30308,512,686,415,406,0.9455
2141,780,3483,574,810,283,192,0.974
2142,780,16232,602,213,184,181,0.9685
2143,780,25469,15,812,379,223,0.9635
2144,780,30308,70,148,392,393,0.9515
2145,780,3483,574,812,283,103,0.0012
2146,782,22074,588,728,186,195,0.9818
2147,782,3351,339,183,185,189,0.9799
2148,782,20014,9,626,346,340,0.9446
2149,785,3483,135,292,272,170,0.9798
2150,785,27653,671,255,219,200,0.9724
2151,785,25367,542,692,394,493,0.9657
2152,785,35206,106,687,204,420,0.9623
2153,787,19861,638,277,222,171,0.9763
2154,787,3483,150,222,248,221,0.9684
2155,787,20238,112,857,230,226,0.9639
2156,787,34597,537,654,354,511,0.9621
2157,788,3483,574,835,261,232,0.9733
2158,788,20238,615,185,220,213,0.9732
2159,788,19861,92,826,226,176,0.9716
2160,788,34597,97,61,341,493,0.9648
2161,788,20877,567,832,271,238,0.0039
2162,797,27993,496,853,335,164,0.9708
2163,797,3544,147,192,203,198,0.9683
2164,797,4543,602,188,204,200,0.9621
2165,797,16551,43,528,308,474,0.9561
2166,798,27993,525,891,332,156,0.9688
2167,798,3544,164,198,206,201,0.9652
2168,798,4543,630,192,208,202,0.9611
2169,798,16551,70,577,312,469,0.9582
2170,799,3483,602,869,257,227,0.9841
2171,799,19861,128,865,220,167,0.9786
2172,799,20238,645,190,225,216,0.9616
2173,799,28763,170,180,213,201,0.9513
2174,799,20877,599,865,262,233,0.0072
2175,807,19861,644,278,222,171,0.9755
2176,807,25367,611,708,315,526,0.973
2177,807,29667,120,840,228,226,0.9716
2178,807,3483,157,216,246,222,0.9697
2179,807,20877,153,212,253,228,0.0021
2180,808,29871,633,826,170,238,0.9652
2181,808,3544,110,207,206,202,0.9636
2182,808,6563,193,707,218,359,0.9607
2183,808,16551,613,50,336,455,0.9562
2184,808,33009,651,295,286,203,0.0012
2185,810,29871,605,789,173,246,0.9708
2186,810,6563,159,665,222,365,0.9668
2187,810,3544,93,199,201,198,0.9641
2188,810,16551,585,44,326,441,0.9584
2189,815,3351,363,170,181,185,0.9784
2190,815,20238,100,712,228,227,0.97
2191,815,32310,523,613,274,360,0.9539
2192,815,27733,0,1195,236,84,0.266
2193,815,29711,0,1198,317,82,0.0132
2194,815,27733,0,1201,173,79,0.0097
2195,815,16551,0,1203,288,77,0.0076
2196,815,27733,828,0,144,104,0.0047
2197,815,20238,525,615,271,356,0.004
2198,815,16551,757,1173,217,107,0.0016
2199,815,30308,773,1166,201,114,0.0016
2200,815,27733,824,1,148,53,0.0013
2201,817,3483,591,844,281,169,0.9814
2202,817,27653,95,853,222,206,0.9719
2203,817,16232,649,230,191,182,0.9703
2204,817,30308,94,156,388,421,0.9537
2205,817,3483,593,845,280,97,0.0018
2206,818,3483,135,291,272,170,0.9791
2207,818,27653,672,255,219,200,0.9726
2208,818,16232,143,846,197,193,0.9692
2209,818,30308,525,678,391,427,0.9426
2210,819,3483,563,812,285,173,0.9837
2211,819,16232,620,221,188,183,0.9736
2212,819,27653,62,812,224,209,0.9721
2213,819,30308,81,137,373,412,0.9513
2214,820,3743,484,151,315,302,0.9711
2215,820,2483,93,696,215,481,0.9613
2216,820,4378,132,103,225,442,0.9555
2217,820,19552,488,648,335,480,0.9426
2218,820,20004,697,1189,279,91,0.0095
2219,820,27733,694,1185,281,95,0.0032
2220,820,16551,0,1185,255,94,0.0012
2221,822,3743,131,813,335,329,0.9708
2222,822,2483,621,70,200,470,0.9636
2223,822,4378,596,704,233,469,0.9605
2224,822,19552,125,104,332,487,0.9421
2225,826,3351,407,862,190,191,0.9748
2226,826,18147,541,321,302,384,0.9602
2227,826,38162,179,204,247,257,0.9366
2228,828,3351,383,237,183,183,0.9722
2229,828,18147,129,575,308,405,0.9464
2230,828,38162,552,863,249,253,0.9442
2231,829,3483,538,778,268,221,0.9764
2232,829,27777,145,776,178,205,0.9649
2233,829,36637,636,177,182,242,0.9563
2234,829,28763,97,168,207,199,0.9459
2235,829,3483,539,778,262,152,0.0014
2236,829,20877,534,774,275,229,0.0011
2237,830,27777,639,293,174,194,0.9646
2238,830,3483,174,276,257,217,0.9612
2239,830,36637,129,828,192,257,0.9511
2240,830,28763,667,891,222,213,0.9503
2241,830,2483,173,275,260,222,0.0029
2242,831,3483,565,813,265,216,0.9787
2243,831,27777,179,814,175,199,0.9673
2244,831,36637,667,180,185,249,0.949
2245,831,28763,114,176,211,200,0.948
2246,832,21026,139,868,178,177,0.964
2247,832,18110,59,125,305,288,0.9577
2248,832,16548,607,163,234,225,0.956
2249,832,1900,624,891,206,136,0.9265
2250,838,33208,589,801,213,206,0.9789
2251,838,16548,592,163,232,225,0.9605
2252,838,27926,91,616,268,481,0.9475
2253,838,1900,140,241,200,128,0.9133
2254,842,27733,566,261,301,265,0.9701
2255,842,3483,126,308,266,203,0.969
2256,842,16262,153,804,248,241,0.9614
2257,842,34597,470,670,466,428,0.9579
2258,842,30308,153,804,249,241,0.0081
2259,851,3743,123,837,330,335,0.971
2260,851,22362,609,738,273,418,0.9697
2261,851,2483,627,102,206,469,0.9591
2262,851,22627,108,155,310,491,0.9515
2263,855,3743,131,813,335,330,0.9716
2264,855,4378,596,703,233,469,0.9653
2265,855,2483,621,70,201,472,0.9626
2266,855,12778,87,133,305,528,0.9516
2267,857,31863,575,746,208,212,0.978
2268,857,3351,340,133,182,187,0.9724
2269,857,16262,95,679,243,244,0.9561
2270,857,24752,94,679,245,244,0.0132
2271,858,31863,614,835,205,205,0.9777
2272,858,3351,380,190,183,184,0.9701
2273,858,16262,137,769,240,237,0.9543
2274,858,24752,137,770,241,237,0.0187
2275,861,25438,124,833,259,266,0.9656
2276,861,12081,654,707,251,466,0.9635
2277,861,2483,569,154,299,429,0.962
2278,861,19552,69,93,348,471,0.9421
2279,861,38927,56,0,326,95,0.0036
2280,862,3483,601,845,279,186,0.9861
2281,862,25469,87,829,337,302,0.974
2282,862,34597,76,134,448,417,0.9627
2283,862,36637,674,172,175,256,0.9457
2284,864,25469,50,788,343,301,0.9758
2285,864,3483,573,811,283,192,0.974
2286,864,34597,62,105,440,424,0.9699
2287,864,36637,644,169,170,250,0.9516
2288,866,3351,307,173,185,190,0.971
2289,866,3832,485,559,389,369,0.9488
2290,866,16688,35,527,439,574,0.9449
2291,867,3351,348,232,184,184,0.9633
2292,867,3832,528,658,381,361,0.9535
2293,867,16688,76,628,434,578,0.9381
2294,868,3483,591,845,282,168,0.9835
2295,868,27653,95,853,221,205,0.9718
2296,868,16232,649,230,191,182,0.9693
2297,868,31885,32,60,411,506,0.9592
2298,868,3483,593,846,280,93,0.0011
2299,869,3483,563,812,285,173,0.9847
2300,869,27653,62,812,224,209,0.9738
2301,869,16232,620,221,188,183,0.9732
2302,869,31885,20,40,395,502,0.9578
2303,870,3483,135,291,272,170,0.9802
2304,870,27653,672,255,219,199,0.971
2305,870,16232,143,846,197,193,0.9696
2306,870,31885,568,676,406,521,0.9565
2307,873,3351,345,224,184,184,0.9651
2308,873,18147,622,672,285,420,0.9646
2309,873,16688,76,629,437,577,0.9353
2310,874,16232,627,221,188,184,0.9707
2311,874,3483,621,716,212,269,0.9653
2312,874,31885,145,152,432,475,0.9637
2313,874,20877,85,726,334,238,0.962
2314,874,20877,619,710,220,276,0.0011
2315,875,16232,655,231,192,180,0.9688
2316,875,20877,117,770,333,228,0.9621
2317,875,3483,648,749,212,264,0.9612
2318,875,31885,164,179,446,476,0.9593
2319,878,3483,591,844,283,169,0.9838
2320,878,27653,97,854,222,205,0.9721
2321,878,34597,75,123,338,497,0.9668
2322,878,36637,643,208,189,247,0.9529
2323,878,3483,594,845,280,100,0.0017
2324,879,3483,564,812,284,173,0.9839
2325,879,27653,64,812,224,209,0.9721
2326,879,34597,60,95,328,497,0.967
2327,879,36637,614,203,183,242,0.9554
2328,880,5094,510,159,272,267,0.9668
2329,880,13395,65,90,239,484,0.9613
2330,880,2483,76,667,223,485,0.9545
2331,880,23223,509,607,305,503,0.9539
2332,880,20004,713,1179,262,101,0.026
2333,882,5094,149,837,279,275,0.9645
2334,882,2483,638,63,224,478,0.9556
2335,882,23223,124,95,306,501,0.9549
2336,882,13395,642,671,238,494,0.9544
2337,883,3483,602,844,279,187,0.9873
2338,883,16232,631,219,189,187,0.9754
2339,883,25469,49,859,375,217,0.9633
2340,883,28763,143,231,212,203,0.9459
2341,886,31863,163,285,207,206,0.9772
2342,886,3351,410,891,189,192,0.9672
2343,886,35206,544,262,269,386,0.9599
2344,888,31863,612,835,205,205,0.9814
2345,888,3351,381,206,184,184,0.9706
2346,888,35206,165,646,263,394,0.9608
2347,889,16232,135,847,196,192,0.9698
2348,889,20877,543,294,329,237,0.9692
2349,889,3483,141,292,210,258,0.9593
2350,889,28763,710,888,222,212,0.9474
2351,891,16232,627,220,188,183,0.9707
2352,891,20877,84,727,334,237,0.9653
2353,891,3483,621,717,212,269,0.9621
2354,891,28763,56,171,208,199,0.949
2355,894,25367,29,28,410,439,0.9671
2356,894,20877,85,726,334,238,0.9643
2357,894,3483,620,717,212,270,0.959
2358,894,36637,604,204,179,246,0.9526
2359,895,21026,102,820,180,181,0.9711
2360,895,3544,94,223,202,200,0.9674
2361,895,10221,584,775,226,222,0.9636
2362,895,16551,534,40,293,457,0.9529
2363,896,10221,612,812,223,215,0.9642
2364,896,21026,134,855,178,177,0.9623
2365,896,3544,110,233,206,201,0.9611
2366,896,16551,562,46,302,473,0.9561
2367,897,10221,169,273,218,215,0.9656
2368,897,21026,678,284,175,174,0.9609
2369,897,3544,677,836,213,212,0.9595
2370,897,16551,115,721,317,488,0.9548
2371,897,16551,0,766,37,514,0.0019
2372,898,3544,120,172,202,199,0.9689
2373,898,27926,568,584,255,486,0.9501
2374,898,16548,74,778,237,234,0.9497
2375,898,12247,619,204,174,189,0.9439
2376,900,3544,136,178,207,202,0.9693
2377,900,16548,108,821,234,228,0.955
2378,900,12247,646,205,178,190,0.9427
2379,900,27926,596,628,249,479,0.9407
2380,904,27733,124,769,313,276,0.9775
2381,904,3483,606,792,273,205,0.9707
2382,904,20238,644,192,225,215,0.9692
2383,904,30308,160,57,293,471,0.9475
2384,906,27733,565,261,302,265,0.9706
2385,906,3483,126,308,266,204,0.9695
2386,906,20238,114,855,231,226,0.9608
2387,906,30308,545,721,300,483,0.9341
2388,908,31863,575,746,209,212,0.9738
2389,908,3351,305,193,183,188,0.9692
2390,908,20238,117,715,226,228,0.9585
2391,908,30850,630,1186,344,93,0.0019
2392,908,29711,660,1180,314,100,0.0016
2393,910,29667,128,879,229,228,0.971
2394,910,25367,513,701,448,440,0.9644
2395,910,27777,641,295,174,195,0.9628
2396,910,3483,176,276,258,217,0.9599
2397,910,2483,175,274,261,222,0.0079
2398,912,3483,536,779,267,222,0.9771
2399,912,29667,603,161,216,215,0.9694
2400,912,25367,35,107,429,420,0.9622
2401,912,27777,143,774,179,206,0.9618
2402,912,3483,537,779,263,147,0.0014
2403,914,13900,557,709,202,248,0.9748
2404,914,3351,370,124,183,188,0.9728
2405,914,35206,47,614,344,354,0.9576
2406,915,13900,596,799,198,243,0.9678
2407,915,3351,412,179,184,184,0.9654
2408,915,35206,91,709,340,347,0.9607
2409,916,3483,126,308,266,203,0.9707
2410,916,27733,565,260,301,265,0.9692
2411,916,25367,507,682,454,425,0.9664
2412,916,16232,141,892,199,193,0.9651
2413,919,27733,564,260,301,266,0.9712
2414,919,3483,125,309,266,203,0.9685
2415,919,36637,102,883,266,179,0.9646
2416,919,30308,493,678,375,440,0.9453
2417,920,27733,89,722,324,282,0.9714
2418,920,3483,583,757,274,211,0.9709
2419,920,36637,592,203,254,169,0.965
2420,920,30308,127,124,361,422,0.9529
2421,920,20877,580,755,280,215,0.0025
2422,923,20877,544,294,329,238,0.968
2423,923,25367,544,711,428,450,0.9635
2424,923,3483,143,290,210,258,0.9624
2425,923,16262,111,837,247,241,0.9566
2426,923,30308,110,836,249,241,0.0091
2427,925,19861,637,277,222,171,0.9754
2428,925,3483,150,223,245,221,0.9666
2429,925,16232,145,900,196,192,0.9631
2430,925,34597,484,627,443,454,0.9624
2431,927,3483,574,835,261,232,0.9735
2432,927,19861,92,826,227,176,0.9726
2433,927,34597,65,140,422,441,0.9677
2434,927,16232,617,173,185,181,0.967
2435,927,20877,570,831,268,238,0.004
2436,929,3483,574,810,284,192,0.9756
2437,929,16232,602,213,185,181,0.9692
2438,929,25469,15,812,379,222,0.9636
2439,929,31885,29,40,413,489,0.9569
2440,930,3483,125,276,268,186,0.9764
2441,930,25469,574,232,368,219,0.9682
2442,930,16232,164,856,194,191,0.9634
2443,930,31885,541,688,426,513,0.9605
2444,931,16551,481,243,483,261,0.9588
2445,931,19607,166,918,159,155,0.9576
2446,931,29345,578,717,324,422,0.9413
2447,931,1900,178,269,130,198,0.9374
2448,932,19607,132,886,161,159,0.9574
2449,932,16551,452,221,475,266,0.9549
2450,932,29345,550,681,327,426,0.9481
2451,932,1900,159,258,128,200,0.9351
2452,933,19607,666,251,156,152,0.9696
2453,933,1900,686,807,133,206,0.9632
2454,933,16551,20,737,493,274,0.951
2455,933,29345,118,169,309,399,0.9458
2456,936,25438,112,842,259,266,0.9654
2457,936,4378,654,704,217,475,0.9649
2458,936,2483,596,110,254,449,0.9627
2459,936,19552,114,194,316,495,0.9431
2460,937,3743,132,813,335,330,0.9717
2461,937,4378,596,703,233,469,0.967
2462,937,2483,620,70,202,471,0.9624
2463,937,6192,120,66,302,566,0.9521
2464,938,3743,130,803,327,319,0.9719
2465,938,4378,590,700,222,454,0.9704
2466,938,6192,123,67,295,532,0.9623
2467,938,2483,631,32,202,485,0.956
2468,938,27733,835,1193,141,87,0.0086
2469,938,5002,643,43,185,93,0.001
2470,940,3351,421,898,190,191,0.9672
2471,940,18147,207,225,214,415,0.9624
2472,940,16232,643,322,191,189,0.9605
2473,941,3351,326,142,184,188,0.9746
2474,941,16232,92,712,192,194,0.9685
2475,941,18147,520,550,210,449,0.9627
2476,941,16551,702,1189,272,91,0.0034
2477,941,27733,726,1185,249,94,0.0023
2478,942,3351,367,199,184,184,0.9697
2479,942,18147,558,642,212,450,0.9582
2480,942,16232,133,801,191,188,0.9565
2481,945,19861,638,278,222,171,0.9748
2482,945,25367,628,640,321,524,0.9704
2483,945,3483,150,222,247,221,0.9664
2484,945,20238,112,857,231,225,0.9624
2485,947,3483,135,291,273,170,0.9802
2486,947,27653,671,255,219,199,0.9721
2487,947,16232,142,847,196,192,0.9705
2488,947,28763,592,887,223,214,0.9524
2489,948,3483,590,845,283,170,0.9836
2490,948,27653,95,853,222,205,0.9716
2491,948,16232,649,230,191,182,0.9716
2492,948,28763,185,179,211,201,0.9481
2493,948,3483,594,846,280,96,0.0013
2494,949,20877,545,295,327,237,0.9695
2495,949,3483,142,292,209,258,0.9604
2496,949,16262,111,837,246,241,0.9558
2497,949,30308,500,725,424,399,0.9437
2498,949,30308,110,837,248,241,0.0073
2499,950,20877,84,726,335,238,0.9626
2500,950,3483,620,718,212,269,0.9595
2501,950,16262,602,185,237,229,0.9538
2502,950,30308,72,120,400,384,0.9478
2503,950,30308,602,185,240,228,0.0037
2504,950,2483,618,713,221,275,0.0012
2505,950,24752,603,187,238,227,0.001
2506,951,20877,117,770,333,229,0.9632
2507,951,3483,647,750,214,265,0.9578
2508,951,16262,630,192,242,232,0.9544
2509,951,30308,87,136,411,391,0.9533
2510,951,30308,630,191,246,232,0.0052
2511,952,3483,126,276,268,186,0.975
2512,952,25469,574,233,370,218,0.9688
2513,952,16262,168,835,249,241,0.9567
2514,952,30308,561,649,391,429,0.939
2515,952,30308,168,835,248,241,0.0067
2516,953,3483,574,810,282,192,0.9734
2517,953,25469,15,812,379,222,0.9638
2518,953,30308,46,162,373,414,0.9585
2519,953,16262,547,188,237,228,0.955
2520,953,30308,547,188,239,229,0.0026
2521,953,24752,545,188,242,228,0.0017
2522,953,3483,573,812,282,102,0.0014
2523,954,3483,602,844,279,187,0.9847
2524,954,25469,50,858,375,217,0.9638
2525,954,16262,575,195,242,230,0.9538
2526,954,30308,61,181,385,425,0.9439
2527,954,30308,575,195,244,231,0.0036
2528,956,19607,143,862,159,155,0.9605
2529,956,16551,596,1,308,446,0.9581
2530,956,27926,598,675,255,479,0.9425
2531,956,1900,157,250,204,126,0.9242
2532,957,19607,689,299,157,150,0.965
2533,957,27926,150,144,254,458,0.9603
2534,957,16551,77,787,316,490,0.959
2535,957,1900,631,894,209,135,0.9456
2536,957,16551,0,819,39,461,0.005
2537,962,29451,473,778,404,276,0.9687
2538,962,19607,144,848,160,158,0.9661
2539,962,16551,626,109,279,472,0.9561
2540,962,1900,148,241,180,179,0.9429
2541,966,31705,137,131,243,419,0.9621
2542,966,18110,609,218,298,286,0.9601
2543,966,16548,126,852,242,238,0.9593
2544,966,1900,657,904,213,147,0.9559
2545,967,41768,127,301,259,296,0.9719
2546,967,3351,407,888,189,190,0.966
2547,967,29667,588,305,226,224,0.9634
2548,968,3351,343,155,183,188,0.9732
2549,968,41768,560,621,268,311,0.9706
2550,968,29667,112,696,231,234,0.9654
2551,972,21771,126,775,192,189,0.9648
2552,972,16551,571,14,329,437,0.9576
2553,972,27926,570,628,257,487,0.9573
2554,972,1900,140,242,199,129,0.9258
2555,973,16551,570,83,307,469,0.9545
2556,973,21771,184,884,190,186,0.9539
2557,973,29345,612,715,286,442,0.9446
2558,973,1900,181,268,128,197,0.9435
2559,974,16551,543,73,298,457,0.956
2560,974,21771,150,849,194,192,0.9519
2561,974,29345,586,677,288,446,0.946
2562,974,1900,161,257,129,199,0.9388
2563,975,21771,620,251,186,181,0.9565
2564,975,16551,105,688,319,484,0.9546
2565,975,1900,683,808,133,206,0.9486
2566,975,29345,117,154,272,416,0.9456
2567,979,3351,393,157,182,188,0.9757
2568,979,22074,584,709,187,195,0.9752
2569,979,18357,71,551,287,332,0.9636
2570,979,25200,814,0,162,418,0.0017
2571,979,16206,377,4,209,149,0.0015
2572,979,16235,0,1226,115,54,0.0012
2573,979,5391,788,1148,186,132,0.0012
2574,979,27733,715,1173,260,107,0.0011
2575,979,25200,802,0,174,301,0.0011
2576,980,22074,170,311,187,191,0.9759
2577,980,18357,574,305,282,319,0.9715
2578,980,3351,355,872,188,191,0.9639
2579,980,18147,814,1191,162,89,0.0105
2580,980,18147,823,1121,153,158,0.0077
2581,980,33026,810,1247,166,32,0.0032
2582,980,35206,753,1244,223,36,0.0017
2583,980,33026,819,1220,157,60,0.0016
2584,980,16551,653,0,317,111,0.0015
2585,980,18147,756,1107,220,172,0.0012
2586,980,25200,712,0,263,298,0.0011
2587,982,3743,117,838,330,332,0.9731
2588,982,2483,658,118,215,466,0.9581
2589,982,23223,100,116,301,506,0.9556
2590,982,13395,636,675,242,518,0.9554
2591,983,3743,117,827,322,322,0.9668
2592,983,13395,628,676,230,499,0.9632
2593,983,2483,670,82,205,483,0.9547
2594,983,23223,98,84,303,503,0.9536
2595,984,3743,499,126,311,304,0.9685
2596,984,13395,82,81,234,487,0.9608
2597,984,2483,58,643,208,490,0.9598
2598,984,23223,537,615,300,508,0.9559
2599,984,20004,707,1183,269,97,0.0079
2600,985,29451,520,801,421,236,0.9601
2601,985,16548,577,187,231,223,0.9453
2602,985,24850,116,740,202,282,0.9377
2603,985,1900,139,219,200,149,0.9196
2604,985,6563,575,185,234,227,0.0013
2605,986,29451,46,232,404,229,0.9592
2606,986,16548,144,837,240,238,0.9431
2607,986,1900,633,900,207,154,0.9391
2608,986,24850,645,259,193,267,0.9373
2609,988,3483,599,871,258,227,0.9843
2610,988,19861,125,864,220,168,0.9782
2611,988,22347,160,182,205,198,0.9705
2612,988,36637,619,200,267,152,0.9589
2613,988,20877,596,866,263,234,0.0088
2614,988,3483,601,870,249,121,0.0011
2615,989,3483,572,836,261,233,0.9769
2616,989,19861,90,826,226,176,0.9731
2617,989,22347,143,177,201,194,0.9713
2618,989,36637,592,195,259,153,0.9579
2619,989,20877,568,832,268,238,0.0072
2620,990,19861,639,278,222,171,0.9738
2621,990,3483,152,220,247,221,0.9692
2622,990,22347,627,887,213,209,0.9633
2623,990,36637,95,907,270,165,0.9536
2624,990,2483,148,216,250,227,0.001
2625,991,21026,102,820,179,181,0.9711
2626,991,10221,585,775,226,222,0.9646
2627,991,3544,94,222,202,201,0.9645
2628,991,16548,573,222,230,225,0.9547
2629,991,6563,572,220,231,228,0.0011
2630,993,10221,612,813,223,214,0.9652
2631,993,21026,134,855,178,178,0.9614
2632,993,3544,110,233,206,200,0.9607
2633,993,16548,601,233,235,225,0.9567
2634,993,6563,600,233,239,226,0.0013
2635,994,3483,135,291,272,170,0.9808
2636,994,27653,672,255,219,199,0.972
2637,994,16262,119,846,246,243,0.9589
2638,994,30308,507,755,396,429,0.948
2639,994,30308,118,847,249,242,0.013
2640,996,3483,590,845,283,169,0.9832
2641,996,27653,95,853,222,206,0.972
2642,996,30308,110,77,387,420,0.9534
2643,996,16262,623,182,242,231,0.9517
2644,996,30308,623,181,244,232,0.0051
2645,996,3483,594,846,279,97,0.0021
2646,997,29451,456,807,426,227,0.9639
2647,997,21771,123,805,195,190,0.9595
2648,997,16551,590,61,277,469,0.9543
2649,997,1900,148,241,182,179,0.9353
2650,998,16551,617,70,287,484,0.9581
2651,998,29451,486,845,420,223,0.9572
2652,998,21771,157,839,192,186,0.9523
2653,998,1900,168,249,182,179,0.9496
2654,999,21771,645,291,188,182,0.963
2655,999,16551,78,687,297,497,0.9578
2656,999,1900,645,845,187,188,0.9464
2657,999,29451,103,235,408,223,0.9452
2658,999,16551,0,749,43,525,0.0026
2659,999,10224,732,811,244,468,0.0012
2660,1003,27733,124,768,313,276,0.9763
2661,1003,16232,648,184,192,181,0.9724
2662,1003,3483,606,792,273,205,0.9705
2663,1003,34597,39,159,449,415,0.9641
2664,1004,27733,565,261,301,265,0.971
2665,1004,3483,126,308,266,204,0.967
2666,1004,16232,141,892,199,194,0.9667
2667,1004,34597,512,662,456,435,0.9644
2668,1005,16232,620,178,187,183,0.9724
2669,1005,27733,87,722,326,281,0.9709
2670,1005,34597,27,126,438,425,0.9663
2671,1005,3483,581,758,274,212,0.9649
2672,1005,20877,578,756,280,216,0.0013
2673,1006,3483,601,844,279,187,0.9873
2674,1006,25469,49,858,375,217,0.9641
2675,1006,25367,48,176,440,425,0.9618
2676,1006,20238,618,196,226,216,0.9613
2677,1007,3483,574,810,284,192,0.9728
2678,1007,20238,590,191,220,214,0.9704
2679,1007,25367,34,154,427,422,0.9653
2680,1007,25469,15,812,380,223,0.9632
2681,1009,3483,576,812,282,191,0.9704
2682,1009,22347,80,198,200,196,0.9677
2683,1009,25469,14,813,379,222,0.9626
2684,1009,16262,547,188,236,227,0.9593
2685,1009,30308,547,187,238,228,0.0043
2686,1009,3483,574,812,282,106,0.0013
2687,1010,3483,602,844,278,187,0.9856
2688,1010,22347,95,206,204,198,0.9726
2689,1010,25469,49,859,374,217,0.9641
2690,1010,16262,576,196,242,229,0.9562
2691,1010,30308,575,195,242,230,0.006
2692,1012,27926,571,629,256,486,0.9565
2693,1012,16548,613,158,229,224,0.9536
2694,1012,24850,139,704,185,293,0.9408
2695,1012,1900,140,242,199,129,0.913
2696,1013,27926,149,143,254,457,0.9621
2697,1013,16548,106,866,240,237,0.95
2698,1013,1900,632,892,209,134,0.9401
2699,1013,24850,639,275,179,277,0.9366
2700,1014,27926,600,674,255,479,0.9538
2701,1014,16548,640,164,236,225,0.9474
2702,1014,24850,172,743,183,289,0.9438
2703,1014,1900,156,252,204,125,0.908
2704,1015,20877,117,770,334,229,0.9646
2705,1015,3483,648,749,213,265,0.96
2706,1015,35206,660,174,225,405,0.9593
2707,1015,30308,68,126,400,404,0.9552
2708,1016,20877,544,295,328,237,0.9696
2709,1016,3483,141,293,209,258,0.9648
2710,1016,35206,97,672,239,411,0.9611
2711,1016,30308,536,722,412,413,0.9487
2712,1018,27733,561,256,301,265,0.9725
2713,1018,3483,126,308,266,203,0.9681
2714,1018,29667,89,863,230,227,0.967
2715,1018,30308,442,743,472,307,0.9438
2716,1019,3483,606,792,274,204,0.9728
2717,1019,27733,130,776,313,276,0.9723
2718,1019,29667,669,180,224,215,0.9655
2719,1019,30308,94,213,460,295,0.9545
2720,1020,3483,581,758,274,211,0.9721
2721,1020,27733,93,729,323,282,0.9705
2722,1020,29667,640,177,219,214,0.9663
2723,1020,30308,78,189,448,296,0.9505
2724,1020,20877,579,756,280,215,0.0031
2725,1022,33208,583,810,214,205,0.9683
2726,1022,29451,36,798,424,230,0.9668
2727,1022,16551,625,24,280,466,0.9553
2728,1022,1900,148,241,182,179,0.9293
2729,1023,33208,610,843,212,201,0.9784
2730,1023,29451,70,842,418,220,0.9609
2731,1023,16551,654,27,290,485,0.9537
2732,1023,1900,167,248,182,180,0.9423
2733,1025,20877,544,294,328,237,0.9679
2734,1025,3483,142,291,209,258,0.9605
2735,1025,16262,111,838,246,241,0.9602
2736,1025,28763,644,862,221,212,0.9495
2737,1025,30308,109,837,248,241,0.0144
2738,1026,20877,116,770,333,229,0.9634
2739,1026,3483,648,750,213,265,0.9619
2740,1026,16262,630,192,242,232,0.9558
2741,1026,28763,135,205,212,201,0.9466
2742,1026,30308,630,192,245,231,0.0066
2743,1027,16232,601,263,186,186,0.9748
2744,1027,3351,355,883,189,192,0.9692
2745,1027,13900,191,286,197,233,0.9661
2746,1028,16232,137,780,189,189,0.9776
2747,1028,13900,555,708,204,246,0.972
2748,1028,3351,393,157,183,187,0.9698
2749,1029,13900,595,798,199,241,0.9688
2750,1029,16232,179,867,188,192,0.9667
2751,1029,3351,436,215,184,184,0.9586
2752,1030,34597,48,142,445,415,0.9702
2753,1030,27733,88,723,324,280,0.9698
2754,1030,3483,582,757,274,212,0.9675
2755,1030,35206,570,120,251,377,0.9567
2756,1030,20877,579,755,281,216,0.0028
2757,1034,19861,637,277,222,171,0.9746
2758,1034,3483,150,221,247,221,0.9659
2759,1034,36637,95,908,271,164,0.9545
2760,1034,28763,650,882,220,213,0.9409
2761,1039,3483,601,845,279,187,0.9863
2762,1039,25469,49,859,375,217,0.9639
2763,1039,16262,575,195,242,230,0.9568
2764,1039,28763,128,214,211,202,0.9505
2765,1039,30308,575,195,243,230,0.0061
2766,1041,3483,126,276,268,186,0.9742
2767,1041,25469,574,232,368,218,0.9679
2768,1041,16262,167,835,249,241,0.9571
2769,1041,28763,653,852,220,214,0.9454
2770,1041,30308,167,835,248,241,0.0184
2771,1043,3351,314,170,183,188,0.9721
2772,1043,18357,52,628,269,351,0.9579
2773,1043,35206,514,606,244,415,0.9576
2774,1043,27733,0,1194,238,86,0.0725
2775,1043,27733,0,1203,186,76,0.0537
2776,1043,30308,779,1153,194,127,0.0171
2777,1043,35206,0,1196,260,84,0.0104
2778,1043,20004,777,1140,197,140,0.0082
2779,1043,20004,0,1197,305,83,0.0029
2780,1043,25200,767,0,207,159,0.0027
2781,1043,20004,706,1130,267,149,0.0022
2782,1043,25200,800,0,176,283,0.0013
2783,1044,3351,354,228,184,184,0.979
2784,1044,18357,95,724,266,350,0.9757
2785,1044,35206,554,702,237,408,0.9533
2786,1045,29667,595,178,218,216,0.967
2787,1045,20877,42,757,329,248,0.9633
2788,1045,3483,620,718,212,269,0.9611
2789,1045,28763,134,213,209,200,0.9531
2790,1046,29667,623,182,224,216,0.9664
2791,1046,20877,73,800,330,240,0.9659
2792,1046,3483,647,751,214,265,0.9621
2793,1046,28763,152,223,213,201,0.9484
2794,1047,20877,590,260,323,243,0.9686
2795,1047,29667,135,862,229,226,0.9679
2796,1047,3483,143,291,209,257,0.9621
2797,1047,28763,626,844,220,211,0.9452
2798,1050,5094,136,848,278,274,0.9687
2799,1050,22362,609,780,253,408,0.9662
2800,1050,2483,649,84,201,484,0.9573
2801,1050,22627,92,178,335,469,0.949
2802,1050,27733,827,1187,149,93,0.019
2803,1051,5094,550,190,273,269,0.9708
2804,1051,4378,135,103,216,444,0.9592
2805,1051,23223,490,660,383,465,0.9547
2806,1051,2483,89,680,228,476,0.9541
2807,1051,20004,738,1183,238,97,0.0032
2808,1053,5094,105,800,280,274,0.9708
2809,1053,4378,592,697,213,458,0.9706
2810,1053,2483,617,56,222,476,0.9628
2811,1053,23223,78,80,377,462,0.9557
2812,1053,27733,830,1194,146,86,0.0092
2813,1055,27733,82,728,331,272,0.9709
2814,1055,29667,648,184,220,215,0.9671
2815,1055,3483,572,768,277,206,0.962
2816,1055,31885,60,35,420,484,0.9592
2817,1056,27733,118,776,320,266,0.9734
2818,1056,3483,600,800,274,201,0.9733
2819,1056,29667,678,189,224,214,0.9678
2820,1056,31885,73,53,437,488,0.9599
2821,1056,20877,598,798,279,205,0.0011
2822,1057,4378,643,706,219,455,0.9682
2823,1057,25438,111,829,255,255,0.9664
2824,1057,2483,608,70,247,468,0.9589
2825,1057,12778,81,76,332,499,0.9516
2826,1057,27733,818,1192,158,88,0.0116
2827,1058,25438,112,843,259,265,0.9659
2828,1058,4378,657,702,214,477,0.9641
2829,1058,2483,598,105,254,454,0.96
2830,1058,12778,83,107,331,506,0.9438
2831,1060,25438,556,205,247,253,0.9615
2832,1060,13395,111,43,248,490,0.9549
2833,1060,2483,117,679,212,492,0.954
2834,1060,22627,530,644,354,471,0.9438
2835,1060,20004,732,1183,244,97,0.0055
2836,1064,3483,602,844,279,187,0.9876
2837,1064,25469,49,858,376,218,0.9645
2838,1064,20238,618,196,225,216,0.9614
2839,1064,34597,60,134,451,415,0.9602
2840,1065,3483,126,276,268,186,0.9774
2841,1065,25469,574,232,369,219,0.9682
2842,1065,20238,140,850,230,225,0.9661
2843,1065,34597,484,687,466,430,0.962
2844,1067,3483,135,291,273,170,0.9817
2845,1067,27653,672,256,218,199,0.9708
2846,1067,16262,119,846,246,243,0.9588
2847,1067,31885,559,674,401,527,0.9504
2848,1067,30308,118,846,249,242,0.0117
2849,1069,21026,138,867,178,178,0.9649
2850,1069,21771,116,203,191,185,0.9642
2851,1069,16548,642,165,238,225,0.9478
2852,1069,1900,623,892,206,136,0.9316
2853,1070,21771,687,882,197,193,0.9629
2854,1070,21026,674,272,175,173,0.9615
2855,1070,16548,102,864,240,239,0.9527
2856,1070,1900,175,280,203,141,0.9524
2857,1073,3483,536,779,267,221,0.9771
2858,1073,22347,116,199,201,195,0.9664
2859,1073,27777,144,775,179,205,0.963
2860,1073,36637,636,177,181,243,0.9551
2861,1073,3483,538,779,262,149,0.0014
2862,1073,20877,533,774,275,229,0.0013
2863,1075,29871,603,771,206,223,0.9735
2864,1075,3544,103,161,202,199,0.9671
2865,1075,4543,611,142,203,199,0.9655
2866,1075,16551,95,595,335,461,0.9583
2867,1076,3544,669,900,214,213,0.9624
2868,1076,4543,132,916,216,213,0.9601
2869,1076,16551,536,191,326,438,0.9549
2870,1076,29871,168,277,205,215,0.95
2871,1077,29871,631,807,206,218,0.9662
2872,1077,3544,118,166,207,203,0.9643
2873,1077,16551,129,646,329,456,0.9583
2874,1077,4543,640,143,208,202,0.9528
2875,1079,22347,120,219,204,198,0.971
2876,1079,20877,71,799,329,242,0.9671
2877,1079,29667,625,186,224,216,0.9667
2878,1079,3483,644,753,215,266,0.9607
2879,1080,29667,597,181,218,215,0.9669
2880,1080,22347,104,211,200,195,0.9654
2881,1080,20877,39,756,327,249,0.9641
2882,1080,3483,616,721,215,269,0.9592
2883,1081,21026,127,865,177,177,0.9763
2884,1081,44199,92,184,256,230,0.9602
2885,1081,16551,483,201,455,323,0.9545
2886,1081,1900,610,901,205,135,0.9454
2887,1085,16232,627,221,188,183,0.972
2888,1085,25367,37,130,434,411,0.9678
2889,1085,20877,85,726,334,238,0.962
2890,1085,3483,621,714,213,272,0.9564
2891,1085,2483,619,712,221,275,0.0011
2892,1087,3544,135,176,202,200,0.9652
2893,1087,10221,623,204,218,215,0.9639
2894,1087,31705,570,678,252,450,0.957
2895,1087,16551,87,588,296,486,0.957
2896,1089,3544,635,888,214,212,0.965
2897,1089,10221,107,834,227,226,0.9646
2898,1089,16551,582,180,291,461,0.9568
2899,1089,31705,153,146,249,421,0.9559
2900,1092,16548,85,914,242,239,0.9516
2901,1092,44199,135,243,241,234,0.9469
2902,1092,33009,567,215,320,289,0.9411
2903,1092,1900,652,849,209,158,0.9046
2904,1093,19861,638,277,221,171,0.9754
2905,1093,3483,150,221,248,222,0.9636
2906,1093,34597,502,693,459,438,0.9634
2907,1093,16262,101,852,249,241,0.9563
2908,1093,30308,102,851,248,241,0.0043
2909,1095,3483,601,868,257,227,0.9834
2910,1095,19861,127,864,220,168,0.9794
2911,1095,34597,47,123,445,419,0.9697
2912,1095,16262,638,178,244,229,0.953
2913,1095,20877,598,864,262,233,0.0037
2914,1095,30308,639,177,244,231,0.0026
2915,1096,27993,549,778,308,241,0.9789
2916,1096,6563,165,671,222,367,0.9644
2917,1096,3544,93,196,202,200,0.9586
2918,1096,16551,482,113,440,322,0.9552
2919,1097,27993,577,816,305,231,0.9741
2920,1097,6563,197,714,218,359,0.9638
2921,1097,16551,508,126,451,328,0.9621
2922,1097,3544,109,205,207,202,0.9606
2923,1098,27993,125,254,296,235,0.9755
2924,1098,6563,581,232,214,340,0.9628
2925,1098,3544,679,863,213,211,0.9618
2926,1098,16551,20,786,467,340,0.9517
2927,1100,3483,536,779,267,221,0.9788
2928,1100,27777,144,775,178,205,0.963
2929,1100,31885,56,99,417,489,0.9627
2930,1100,36637,636,177,181,243,0.9545
2931,1100,20877,534,774,274,229,0.0012
2932,1100,3483,539,779,261,148,0.0011
2933,1101,3483,564,814,264,215,0.9797
2934,1101,27777,177,813,175,199,0.9701
2935,1101,31885,71,123,430,491,0.9587
2936,1101,36637,665,180,186,250,0.9441
2937,1105,27733,125,769,312,277,0.9757
2938,1105,3483,607,791,274,205,0.9721
2939,1105,22347,112,212,205,197,0.9637
2940,1105,35206,603,126,254,390,0.9569
2941,1109,3483,589,843,283,170,0.9843
2942,1109,27653,95,853,222,206,0.9715
2943,1109,28763,140,226,212,200,0.9542
2944,1109,16262,624,182,241,231,0.953
2945,1109,30308,623,181,242,232,0.008
2946,1109,3483,594,845,279,99,0.0023
2947,1111,3483,562,812,285,173,0.9818
2948,1111,27653,61,812,223,208,0.9704
2949,1111,29667,604,176,217,214,0.9692
2950,1111,28763,115,188,208,198,0.9507
2951,1114,3483,135,292,273,170,0.9814
2952,1114,27653,671,255,220,200,0.9714
2953,1114,35206,107,687,203,420,0.9627
2954,1114,30308,558,697,402,423,0.9421
2955,1115,3483,563,812,285,173,0.9819
2956,1115,27653,63,812,224,209,0.9727
2957,1115,35206,650,143,202,401,0.9637
2958,1115,30308,41,126,380,403,0.9586
2959,1116,3483,590,844,283,169,0.9836
2960,1116,27653,96,853,222,206,0.9712
2961,1116,35206,680,153,203,409,0.9611
2962,1116,30308,55,142,394,414,0.9476
2963,1116,3483,594,845,279,99,0.0018
2964,1118,6563,586,237,212,340,0.9661
2965,1118,3544,678,861,214,213,0.96
2966,1118,29871,201,241,168,232,0.9542
2967,1118,16548,102,881,240,240,0.9503
2968,1119,6563,192,708,218,359,0.9631
2969,1119,29871,634,827,170,238,0.9629
2970,1119,3544,109,207,206,202,0.9611
2971,1119,16548,645,146,234,227,0.9476
2972,1121,3483,127,275,268,185,0.9757
2973,1121,25469,573,182,324,289,0.9733
2974,1121,29667,140,871,228,227,0.9715
2975,1121,28763,621,861,219,213,0.9515
2976,1123,27733,565,261,302,266,0.9696
2977,1123,3483,126,308,266,203,0.969
2978,1123,25367,498,666,445,440,0.9623
2979,1123,16262,152,804,248,241,0.9593
2980,1123,30308,152,804,249,241,0.0101
2981,1125,27733,125,768,314,277,0.9754
2982,1125,3483,607,791,273,206,0.9699
2983,1125,25367,67,161,440,423,0.9619
2984,1125,16262,589,227,245,231,0.9552
2985,1125,30308,590,226,246,231,0.0066
2986,1126,20877,545,294,328,238,0.9676
2987,1126,3483,143,290,209,257,0.9657
2988,1126,16262,111,836,247,242,0.9562
2989,1126,31885,516,732,455,475,0.954
2990,1126,30308,110,836,248,242,0.007
2991,1129,27733,565,260,301,264,0.972
2992,1129,22347,682,826,211,208,0.9712
2993,1129,3483,126,307,266,204,0.9703
2994,1129,20238,113,855,231,226,0.9614
2995,1135,18110,79,791,304,290,0.9638
2996,1135,16551,607,55,284,482,0.9582
2997,1135,33009,547,836,375,201,0.9336
2998,1135,1900,151,256,197,160,0.915
2999,1136,18110,611,222,298,285,0.9616
3000,1136,16551,89,701,295,498,0.9567
3001,1136,1900,643,856,205,171,0.9347
3002,1136,33009,84,255,369,211,0.9344
3003,1136,16551,0,777,36,503,0.0111
3004,1138,3483,564,811,285,173,0.9816
3005,1138,27653,65,813,224,209,0.9726
3006,1138,34597,32,85,373,481,0.9629
3007,1138,20238,594,174,220,212,0.9593
3008,1140,3483,591,844,283,169,0.9843
3009,1140,27653,98,853,222,206,0.9726
3010,1140,34597,44,114,383,478,0.9684
3011,1140,20238,623,177,224,215,0.9588
3012,1140,3483,595,845,280,102,0.0019
3013,1141,2483,68,651,299,450,0.9643
3014,1141,12081,63,117,231,430,0.9593
3015,1141,25438,557,195,249,253,0.959
3016,1141,23223,572,574,298,502,0.9562
3017,1141,20004,691,1192,285,88,0.0198
3018,1141,30850,696,1185,280,95,0.0028
3019,1142,25438,122,821,254,256,0.9679
3020,1142,12081,647,704,240,447,0.9614
3021,1142,2483,575,117,296,450,0.9576
3022,1142,23223,66,135,301,495,0.9554
3023,1143,25438,124,833,259,268,0.9662
3024,1143,12081,654,707,251,466,0.9625
3025,1143,2483,567,153,302,431,0.9617
3026,1143,23223,69,170,299,493,0.9556
3027,1144,3483,602,844,279,187,0.9868
3028,1144,25469,50,858,375,217,0.9638
3029,1144,31885,57,172,434,485,0.9561
3030,1144,16262,575,196,241,230,0.9555
3031,1144,30308,575,195,244,231,0.003
3032,1144,24752,575,195,244,230,0.0016
3033,1148,3351,385,160,183,188,0.9735
3034,1148,16232,147,732,194,193,0.968
3035,1148,41768,556,631,269,311,0.9679
3036,1149,16232,190,820,192,189,0.9717
3037,1149,3351,428,220,183,184,0.9706
3038,1149,41768,598,721,262,310,0.9695
3039,1150,3483,564,813,264,216,0.9802
3040,1150,29667,631,163,222,216,0.9701
3041,1150,27777,176,812,175,199,0.9694
3042,1150,34597,83,56,406,462,0.9683
3043,1153,3483,602,869,257,227,0.9836
3044,1153,19861,127,865,220,167,0.9788
3045,1153,16232,646,175,189,186,0.9769
3046,1153,22347,145,210,205,198,0.9649
3047,1153,20877,599,864,262,234,0.0069
3048,1154,3483,574,835,261,233,0.9767
3049,1154,19861,92,826,226,176,0.9722
3050,1154,16232,617,172,185,181,0.9693
3051,1154,22347,128,202,200,195,0.9674
3052,1154,20877,567,832,271,237,0.0055
3053,1155,22347,642,860,212,208,0.9755
3054,1155,19861,638,277,222,171,0.975
3055,1155,16232,145,899,195,192,0.9664
3056,1155,3483,149,220,249,222,0.964
3057,1156,3351,393,857,189,190,0.968
3058,1156,13900,183,285,205,228,0.9661
3059,1156,16262,574,309,238,235,0.96
3060,1156,24752,574,309,242,234,0.0087
3061,1157,13900,555,715,211,241,0.975
3062,1157,3351,356,182,182,189,0.97
3063,1157,16262,112,676,244,245,0.9579
3064,1157,24752,110,677,249,245,0.0101
3065,1158,13900,594,806,207,235,0.971
3066,1158,3351,398,241,183,184,0.9643
3067,1158,16262,155,767,241,238,0.9566
3068,1158,24752,153,768,245,237,0.0099
3069,1159,3351,403,809,187,190,0.9738
3070,1159,18357,154,300,239,355,0.9697
3071,1159,16232,646,295,190,194,0.9675
3072,1159,18147,818,1188,158,92,0.0064
3073,1159,18147,828,1110,148,168,0.0058
3074,1159,18147,759,1106,217,172,0.0016
3075,1159,25200,731,0,245,457,0.0012
3076,1161,18357,585,616,239,370,0.9752
3077,1161,3351,388,280,183,183,0.9746
3078,1161,16232,131,816,189,188,0.9641
3079,1163,29451,494,804,410,240,0.9647
3080,1163,10221,657,199,223,215,0.9633
3081,1163,3544,119,186,207,202,0.9633
3082,1163,16551,39,602,310,473,0.9586
3083,1164,29451,465,766,416,249,0.9689
3084,1164,10221,627,192,220,215,0.9662
3085,1164,3544,104,181,202,199,0.9648
3086,1164,16551,8,554,308,481,0.9545
3087,1166,3483,125,275,271,187,0.9755
3088,1166,25469,574,181,325,290,0.9721
3089,1166,25367,569,684,394,489,0.9648
3090,1166,36637,132,830,181,263,0.9502
3091,1166,2483,125,271,271,192,0.0011
3092,1167,3483,601,846,279,186,0.9863
3093,1167,25469,88,830,337,301,0.9727
3094,1167,25367,47,90,393,477,0.9649
3095,1167,36637,674,172,175,256,0.9472
3096,1168,25469,50,788,344,300,0.9761
3097,1168,3483,575,812,281,190,0.972
3098,1168,29667,592,168,217,216,0.9717
3099,1168,30308,42,16,349,426,0.942
3100,1168,3483,573,813,282,101,0.0012
3101,1170,3483,601,846,279,185,0.9856
3102,1170,25469,88,831,337,299,0.9739
3103,1170,29667,620,171,223,217,0.9688
3104,1170,30308,52,25,365,439,0.9521
3105,1171,3544,123,182,202,200,0.9678
3106,1171,4543,640,151,202,200,0.9615
3107,1171,10221,92,789,226,221,0.9611
3108,1171,16548,580,745,240,234,0.9588
3109,1173,10221,644,263,217,211,0.9658
3110,1173,3544,647,877,215,212,0.9613
3111,1173,16548,161,286,230,225,0.9591
3112,1173,4543,104,907,214,211,0.9551
3113,1174,3483,136,292,272,169,0.9808
3114,1174,27653,672,255,219,200,0.9714
3115,1174,29667,126,864,229,228,0.9712
3116,1174,30308,574,758,398,427,0.9471
3117,1176,3483,590,845,282,169,0.9829
3118,1176,27653,95,852,221,206,0.9718
3119,1176,29667,634,179,222,216,0.9656
3120,1176,30308,42,76,388,417,0.9491
3121,1176,3483,593,846,279,94,0.0012
3122,1178,3483,538,780,267,222,0.9811
3123,1178,27777,145,777,178,205,0.9652
3124,1178,20238,575,191,221,214,0.9621
3125,1178,31885,103,49,405,499,0.9617
3126,1180,19232,495,232,327,256,0.9791
3127,1180,3351,395,915,191,193,0.9691
3128,1180,21325,188,307,164,225,0.9517
3129,1184,21026,686,275,176,173,0.9756
3130,1184,16548,144,878,241,239,0.9478
3131,1184,1900,189,274,200,137,0.9398
3132,1184,24850,673,829,189,299,0.9347
3133,1185,21026,127,866,177,177,0.9774
3134,1185,16548,602,151,236,225,0.9577
3135,1185,1900,610,902,206,135,0.9386
3136,1185,24850,138,144,184,289,0.9384
3137,1186,5094,551,190,273,269,0.9703
3138,1186,2483,85,680,234,476,0.9577
3139,1186,4378,134,103,218,446,0.9569
3140,1186,19552,513,561,319,487,0.9447
3141,1186,20004,712,1192,264,87,0.0368
3142,1186,27733,709,1182,266,98,0.0061
3143,1186,16551,719,1180,256,100,0.0012
3144,1187,5094,104,800,280,275,0.9686
3145,1187,4378,591,698,214,457,0.9684
3146,1187,2483,614,56,228,476,0.9615
3147,1187,19552,110,159,319,488,0.9526
3148,1187,27733,830,1193,146,87,0.0041
3149,1189,3743,119,785,322,321,0.9692
3150,1189,2483,591,74,245,472,0.9633
3151,1189,12081,600,711,235,447,0.9613
3152,1189,22627,99,135,308,484,0.9477
3153,1189,27733,818,1191,158,89,0.0034
3154,1190,3743,120,795,330,331,0.9729
3155,1190,12081,610,714,242,468,0.967
3156,1190,2483,586,108,238,462,0.9644
3157,1190,22627,100,163,306,489,0.9496
3158,1191,3743,494,167,314,299,0.9724
3159,1191,12081,107,111,229,429,0.9557
3160,1191,2483,91,664,251,473,0.9545
3161,1191,22627,531,587,306,487,0.947
3162,1191,20004,713,1189,263,91,0.032
3163,1191,38927,717,1183,256,97,0.0053
3164,1191,27733,707,1175,268,105,0.0037
3165,1191,30850,706,1191,269,89,0.0014
3166,1191,35206,734,1181,242,99,0.0013
3167,1192,16551,82,694,297,496,0.9588
3168,1192,24850,646,207,178,276,0.9414
3169,1192,33009,85,256,368,211,0.9384
3170,1192,1900,643,856,205,171,0.9303
3171,1192,16551,0,768,36,512,0.0056
3172,1194,16551,612,63,288,482,0.9586
3173,1194,33009,547,835,374,202,0.9362
3174,1194,24850,165,819,181,292,0.9227
3175,1194,1900,150,256,197,161,0.9155
3176,1196,27777,638,293,174,195,0.9643
3177,1196,3483,173,280,255,214,0.9615
3178,1196,35206,138,708,240,410,0.9582
3179,1196,28763,615,887,223,213,0.9547
3180,1197,3483,567,811,265,217,0.9783
3181,1197,27777,180,814,174,199,0.9675
3182,1197,35206,616,141,223,402,0.9582
3183,1197,28763,164,179,212,200,0.9494
3184,1198,3483,568,815,264,216,0.9812
3185,1198,27777,179,815,175,199,0.9678
3186,1198,20238,606,197,224,214,0.9627
3187,1198,28763,131,216,210,201,0.9542
3188,1199,27777,639,292,174,195,0.9648
3189,1199,20238,153,851,231,225,0.9621
3190,1199,3483,173,277,255,215,0.9567
3191,1199,28763,649,851,221,213,0.9514
3192,1199,2483,172,273,261,222,0.0015
3193,1201,21026,103,822,179,181,0.9705
3194,1201,3544,145,189,203,198,0.9656
3195,1201,16548,586,212,231,224,0.9521
3196,1201,12247,583,815,211,155,0.9461
3197,1201,6563,584,211,232,226,0.0012
3198,1204,22074,687,264,183,185,0.982
3199,1204,3351,392,861,193,191,0.9762
3200,1204,32310,68,217,340,252,0.9467
3201,1204,18147,780,1189,196,91,0.1603
3202,1204,3832,759,1192,217,88,0.1113
3203,1204,18147,796,1136,180,143,0.0376
3204,1204,20238,72,216,334,256,0.0281
3205,1204,35206,764,1222,212,58,0.021
3206,1204,35206,787,1201,187,79,0.0148
3207,1204,41768,826,1125,150,154,0.0076
3208,1204,35206,732,1239,244,41,0.0034
3209,1204,33026,0,1237,131,43,0.0032
3210,1204,35206,0,1219,163,60,0.0021
3211,1204,35206,798,1233,176,46,0.0015
3212,1204,3832,672,1194,301,86,0.0015
3213,1204,18147,690,1124,285,154,0.0014
3214,1204,33026,0,1212,131,67,0.0013
3215,1204,16551,637,0,333,107,0.001
3216,1206,22074,94,853,185,188,0.9733
3217,1206,3351,397,224,182,183,0.9709
3218,1206,32310,568,816,350,270,0.9658
3219,1206,20238,579,817,337,271,0.0203
3220,1207,16232,153,827,192,192,0.9638
3221,1207,3483,171,278,258,216,0.9636
3222,1207,22347,687,813,210,207,0.9631
3223,1207,27777,639,293,174,195,0.9622
3224,1207,2483,171,275,261,222,0.002
3225,1209,3483,567,812,265,216,0.9809
3226,1209,22347,102,260,205,197,0.9712
3227,1209,16232,644,250,187,182,0.9659
3228,1209,27777,180,814,174,199,0.9659
3229,1210,34597,69,140,468,386,0.9645
3230,1210,20877,117,770,333,229,0.962
3231,1210,3483,648,749,213,265,0.9601
3232,1210,35206,658,173,227,405,0.9593
3233,1212,20877,544,295,327,237,0.9688
3234,1212,3483,142,293,209,258,0.9635
3235,1212,35206,96,672,240,412,0.9617
3236,1212,34597,455,710,482,402,0.9594
3237,1213,25438,128,836,256,257,0.9661
3238,1213,5886,592,682,235,489,0.9614
3239,1213,2483,660,65,203,481,0.9568
3240,1213,22627,102,3,317,485,0.9468
3241,1214,25438,130,849,259,267,0.9645
3242,1214,2483,651,100,204,468,0.9625
3243,1214,5886,600,680,245,507,0.9608
3244,1214,22627,103,16,315,512,0.9501
3245,1216,3544,660,866,214,212,0.9598
3246,1216,10221,133,847,225,224,0.9574
3247,1216,16551,618,178,282,465,0.9552
3248,1216,27926,157,173,262,456,0.9414
3249,1219,10221,649,208,221,215,0.9609
3250,1219,3544,105,241,203,200,0.9583
3251,1219,16551,65,579,336,466,0.955
3252,1219,29345,578,667,285,447,0.9423
3253,1220,10221,679,216,225,213,0.961
3254,1220,3544,122,252,207,202,0.9593
3255,1220,16551,93,626,340,459,0.9566
3256,1220,29345,606,703,282,443,0.946
3257,1220,29451,0,1031,20,249,0.001
3258,1222,3483,563,812,285,172,0.9816
3259,1222,27653,62,812,224,209,0.9725
3260,1222,25367,95,104,319,495,0.969
3261,1222,36637,614,203,184,242,0.9552
3262,1224,3483,590,845,284,169,0.9824
3263,1224,27653,95,853,222,206,0.971
3264,1224,25367,118,120,321,507,0.9671
3265,1224,36637,644,209,189,246,0.9537
3266,1224,3483,594,846,280,99,0.002
3267,1226,3483,602,869,257,227,0.9828
3268,1226,19861,127,865,220,167,0.9793
3269,1226,31885,124,8,319,542,0.959
3270,1226,35206,582,98,286,376,0.9578
3271,1226,20877,599,864,262,233,0.0139
3272,1227,19861,638,277,222,171,0.9751
3273,1227,3483,150,222,247,221,0.9687
3274,1227,35206,108,775,300,389,0.9615
3275,1227,31885,548,691,328,558,0.956
3276,1227,20877,146,218,252,226,0.002
3277,1232,3483,145,287,210,258,0.968
3278,1232,20877,594,260,324,244,0.9677
3279,1232,29667,134,859,228,225,0.9676
3280,1232,31885,545,661,405,521,0.9533
3281,1235,21771,161,806,190,187,0.9681
3282,1235,16548,621,145,237,227,0.9547
3283,1235,33009,546,837,375,202,0.9338
3284,1235,1900,150,255,197,161,0.9012
3285,1235,16235,544,836,376,203,0.0018
3286,1237,31705,171,686,250,444,0.9636
3287,1237,16548,614,189,237,224,0.9491
3288,1237,1900,105,269,205,126,0.9414
3289,1237,44199,633,802,162,280,0.9398
3290,1238,1900,683,879,211,133,0.9533
3291,1238,16548,132,844,241,235,0.9495
3292,1238,31705,573,177,246,420,0.9486
3293,1238,44199,209,234,157,270,0.9479
3294,1239,16548,586,181,231,226,0.9609
3295,1239,31705,137,645,252,452,0.9579
3296,1239,44199,605,770,166,286,0.9513
3297,1239,1900,88,259,201,130,0.9182
3298,1242,16551,546,90,286,467,0.9555
3299,1242,29345,89,706,287,447,0.9457
3300,1242,44199,637,806,162,287,0.9382
3301,1242,1900,159,258,128,200,0.9331
3302,1243,27733,125,768,312,277,0.9739
3303,1243,3483,607,791,272,205,0.9717
3304,1243,35206,602,126,257,391,0.9555
3305,1243,30308,66,138,379,428,0.9488
3306,1244,27733,564,261,301,265,0.9722
3307,1244,3483,125,308,266,203,0.9715
3308,1244,35206,122,734,274,400,0.9593
3309,1244,30308,562,687,386,434,0.9421
3310,1245,27733,89,722,324,281,0.9703
3311,1245,3483,582,758,274,212,0.9698
3312,1245,30308,53,123,366,416,0.9561
3313,1245,35206,574,120,248,377,0.9555
3314,1245,20877,579,756,281,216,0.0026
3315,1246,3483,538,780,267,222,0.9811
3316,1246,34597,56,78,399,466,0.9647
3317,1246,27777,144,777,178,205,0.9638
3318,1246,16262,575,186,238,229,0.9597
3319,1246,30308,574,186,241,229,0.0025
3320,1246,24752,573,186,243,229,0.0023
3321,1246,3483,540,780,261,143,0.001
3322,1248,27777,640,293,174,195,0.9644
3323,1248,34597,524,666,415,478,0.9611
3324,1248,3483,174,275,257,217,0.9588
3325,1248,16262,138,836,247,241,0.9565
3326,1248,30308,139,836,247,241,0.0059
3327,1248,2483,173,274,260,222,0.0034
3328,1250,5094,105,811,285,286,0.9731
3329,1250,4378,599,700,223,473,0.968
3330,1250,2483,608,94,219,463,0.9655
3331,1250,12778,97,50,306,540,0.9383
3332,1251,5094,551,190,273,269,0.97
3333,1251,2483,85,681,233,476,0.9563
3334,1251,4378,134,102,219,447,0.9554
3335,1251,12778,544,651,301,522,0.9554
3336,1251,20004,727,1186,249,94,0.0012
3337,1252,20877,72,799,328,242,0.967
3338,1252,3483,644,753,214,265,0.9655
3339,1252,29667,625,185,224,216,0.9648
3340,1252,30308,77,82,397,409,0.9486
3341,1254,29667,597,180,218,216,0.9657
3342,1254,3483,618,721,212,268,0.9643
3343,1254,20877,40,756,328,249,0.9643
3344,1254,30308,65,68,383,400,0.9563
3345,1256,19607,656,273,157,149,0.9674
3346,1256,16551,89,664,304,486,0.9633
3347,1256,31705,137,131,242,419,0.9599
3348,1256,1900,645,829,169,200,0.9543
3349,1261,3483,590,846,281,169,0.9826
3350,1261,16232,649,230,191,182,0.9715
3351,1261,27653,95,853,221,206,0.9713
3352,1261,22347,142,169,205,197,0.9684
3353,1261,3483,593,846,279,93,0.0016
3354,1262,3483,562,813,285,173,0.9834
3355,1262,27653,62,812,224,209,0.9744
3356,1262,16232,620,220,187,183,0.9729
3357,1262,22347,126,164,199,194,0.969
3358,1263,3483,136,291,272,170,0.9803
3359,1263,22347,647,902,212,209,0.9753
3360,1263,27653,671,255,219,199,0.9719
3361,1263,16232,142,847,196,192,0.9708
3362,1264,31863,637,321,205,206,0.9823
3363,1264,3351,392,861,190,191,0.9573
3364,1264,36637,227,319,203,238,0.9557
3365,1265,31863,82,704,208,213,0.9649
3366,1265,3351,357,178,183,188,0.9548
3367,1265,36637,507,661,209,253,0.9481
3368,1269,3351,363,233,183,182,0.9655
3369,1269,13900,619,763,175,258,0.961
3370,1269,36637,218,771,210,238,0.9524
3371,1270,18110,639,269,302,288,0.9657
3372,1270,27926,150,145,255,457,0.956
3373,1270,16548,115,852,241,239,0.9535
3374,1270,1900,632,894,210,134,0.9434
3375,1272,18110,48,739,306,289,0.9601
3376,1272,16548,631,177,236,227,0.9538
3377,1272,27926,598,673,255,479,0.9461
3378,1272,1900,156,250,204,125,0.9181
3379,1273,13395,108,47,248,486,0.9617
3380,1273,25438,554,204,247,251,0.9616
3381,1273,2483,109,680,224,487,0.9568
3382,1273,6192,544,593,294,526,0.9561
3383,1273,20004,740,1183,236,96,0.0109
3384,1274,25438,125,811,255,257,0.9669
3385,1274,6192,100,75,299,534,0.9632
3386,1274,13395,588,714,238,497,0.9617
3387,1274,2483,600,49,220,480,0.9585
3388,1274,27733,832,1189,144,91,0.0295
3389,1278,3351,418,256,183,181,0.9741
3390,1278,38162,622,704,188,298,0.9531
3391,1278,3832,149,604,303,417,0.9381
3392,1278,11220,0,1204,41,75,0.0085
3393,1278,16551,0,0,206,126,0.0052
3394,1278,11220,0,1200,91,80,0.0042
3395,1278,16551,0,0,154,143,0.0042
3396,1278,16551,0,0,240,85,0.0027
3397,1278,11220,0,1230,74,50,0.002
3398,1278,16551,0,0,185,190,0.0018
3399,1278,11220,0,1126,40,154,0.0012
3400,1279,21771,675,287,188,181,0.9675
3401,1279,31705,126,136,242,418,0.9623
3402,1279,16551,88,766,300,499,0.9597
3403,1279,1900,648,857,211,154,0.9326
3404,1279,16551,0,777,42,502,0.005
3405,1280,21771,91,810,195,190,0.9634
3406,1280,31705,604,692,254,451,0.9597
3407,1280,16551,573,1,283,454,0.9591
3408,1280,1900,123,261,200,148,0.9175
3409,1282,3743,499,126,312,304,0.9707
3410,1282,13395,83,82,234,487,0.9624
3411,1282,2483,58,643,207,488,0.9606
3412,1282,19552,508,591,310,495,0.943
3413,1282,20004,719,1188,256,92,0.0426
3414,1282,27733,714,1176,259,104,0.0071
3415,1282,35206,721,1184,251,96,0.0066
3416,1284,3743,117,827,323,322,0.9661
3417,1284,13395,628,676,230,500,0.9592
3418,1284,2483,670,83,205,481,0.9542
3419,1284,19552,122,120,311,497,0.9535
3420,1284,27733,817,1186,159,94,0.003
3421,1290,16548,539,140,230,225,0.9588
3422,1290,18110,46,723,307,300,0.9582
3423,1290,29345,590,533,271,447,0.9467
3424,1290,1900,161,257,129,199,0.9342
3425,1293,3483,538,780,267,222,0.9802
3426,1293,27777,145,777,178,206,0.9649
3427,1293,20238,576,191,220,213,0.9621
3428,1293,30308,115,87,310,446,0.9455
3429,1293,3483,541,780,261,145,0.0011
3430,1294,3483,590,845,282,169,0.9843
3431,1294,27653,95,853,222,206,0.9718
3432,1294,34597,13,46,419,452,0.9656
3433,1294,35206,680,153,204,409,0.9627
3434,1294,3483,595,846,279,99,0.0014
3435,1295,3483,563,812,285,173,0.9836
3436,1295,27653,62,812,225,209,0.972
3437,1295,34597,5,23,403,454,0.967
3438,1295,35206,650,144,202,401,0.964
3439,1296,3483,135,291,272,170,0.9813
3440,1296,27653,672,255,219,200,0.9717
3441,1296,35206,106,687,203,420,0.9622
3442,1296,34597,569,736,407,471,0.9619
3443,1297,12420,688,273,183,173,0.9694
3444,1297,3544,644,920,215,215,0.9631
3445,1297,16548,153,246,229,225,0.9596
3446,1297,4543,157,890,214,212,0.9546
3447,1298,12420,117,862,187,180,0.974
3448,1298,3544,141,145,207,201,0.9646
3449,1298,4543,617,169,207,201,0.9606
3450,1298,16548,618,828,235,229,0.9473
3451,1300,3483,590,844,282,169,0.9847
3452,1300,27653,95,852,222,205,0.9701
3453,1300,29667,634,179,222,216,0.9638
3454,1300,31885,77,126,457,467,0.9556
3455,1300,3483,593,846,279,93,0.0011
3456,1302,3483,562,812,285,173,0.9827
3457,1302,27653,61,811,224,209,0.9713
3458,1302,29667,604,176,217,214,0.9647
3459,1302,31885,64,102,443,464,0.9616
3460,1305,44199,138,294,284,146,0.962
3461,1305,16551,78,673,336,466,0.9573
3462,1305,27926,599,160,257,451,0.9526
3463,1305,1900,634,894,209,135,0.9455
3464,1309,3483,126,308,266,202,0.9712
3465,1309,27733,561,255,301,263,0.9711
3466,1309,29667,88,862,231,227,0.9674
3467,1309,28763,584,870,221,213,0.948
3468,1311,27733,93,729,323,281,0.9727
3469,1311,3483,581,758,275,212,0.9712
3470,1311,29667,640,177,219,213,0.9678
3471,1311,28763,176,187,207,199,0.9501
3472,1311,20877,579,756,280,215,0.0029
3473,1312,5094,109,806,280,274,0.9683
3474,1312,5886,596,684,236,489,0.965
3475,1312,2483,618,53,252,468,0.949
3476,1312,22627,69,58,324,481,0.9467
3477,1315,19232,543,210,300,286,0.9757
3478,1315,3351,423,878,189,192,0.9689
3479,1315,16688,147,91,273,609,0.9379
3480,1316,3351,326,162,184,187,0.9746
3481,1316,19232,82,695,309,304,0.9611
3482,1316,16688,517,479,288,656,0.9457
3483,1316,30850,651,1184,325,96,0.0101
3484,1316,20238,83,697,303,303,0.001
3485,1322,5094,551,190,274,269,0.9726
3486,1322,4378,135,103,217,445,0.9644
3487,1322,6192,482,595,342,502,0.9586
3488,1322,2483,87,680,233,476,0.9556
3489,1322,20004,718,1191,258,89,0.0071
3490,1323,5094,106,800,280,275,0.9727
3491,1323,4378,592,697,214,458,0.9721
3492,1323,2483,614,57,228,476,0.962
3493,1323,6192,125,104,339,505,0.9611
3494,1323,27733,837,1194,139,86,0.0064
3495,1326,3351,370,245,182,183,0.9751
3496,1326,18357,162,672,266,347,0.9732
3497,1326,20238,601,839,225,223,0.9576
3498,1327,29451,510,243,408,223,0.9618
3499,1327,44199,176,234,197,263,0.9575
3500,1327,16548,167,814,241,238,0.9504
3501,1327,1900,646,845,186,188,0.9335
3502,1328,29451,70,842,417,219,0.9604
3503,1328,16548,582,217,235,227,0.9563
3504,1328,44199,628,810,205,270,0.9521
3505,1328,1900,168,249,181,179,0.9391
3506,1329,29451,35,799,424,229,0.9692
3507,1329,44199,600,777,209,277,0.9576
3508,1329,16548,553,208,231,225,0.9499
3509,1329,1900,149,241,180,179,0.9238
3510,1330,3483,602,844,278,186,0.9869
3511,1330,25469,89,830,336,301,0.9745
3512,1330,34597,91,163,444,423,0.9661
3513,1330,35206,609,120,234,401,0.955
3514,1331,25469,51,787,343,302,0.9756
3515,1331,3483,574,810,283,192,0.9735
3516,1331,34597,76,132,435,430,0.9652
3517,1331,35206,582,112,226,391,0.9564
3518,1332,3483,126,276,268,186,0.9748
3519,1332,25469,572,181,324,292,0.9729
3520,1332,34597,456,651,454,437,0.9686
3521,1332,35206,134,727,250,412,0.9596
3522,1333,3351,401,921,191,194,0.9769
3523,1333,36637,158,285,193,245,0.9544
3524,1333,20014,581,283,336,319,0.9409
3525,1337,18110,78,791,305,289,0.9644
3526,1337,29451,495,820,403,268,0.9548
3527,1337,16548,577,187,236,227,0.9537
3528,1337,1900,168,248,183,179,0.9457
3529,1340,31705,137,128,243,418,0.9615
3530,1340,16548,187,824,240,237,0.9494
3531,1340,24850,582,287,288,168,0.9475
3532,1340,1900,644,860,210,157,0.9376
3533,1345,3483,600,845,278,186,0.989
3534,1345,25469,86,831,338,298,0.9738
3535,1345,29667,619,173,223,216,0.966
3536,1345,31885,166,130,424,495,0.9554
3537,1347,3483,127,275,268,186,0.975
3538,1347,29667,142,871,228,227,0.9733
3539,1347,25469,574,183,326,288,0.9723
3540,1347,31885,417,616,421,511,0.958
3541,1348,22074,674,309,185,188,0.9848
3542,1348,31863,187,265,203,206,0.9833
3543,1348,3351,362,879,190,193,0.9608
3544,1350,22074,107,814,183,188,0.9891
3545,1350,31863,589,857,204,205,0.9848
3546,1350,3351,427,219,184,185,0.9683
3547,1353,3483,173,280,254,214,0.9647
3548,1353,16232,153,828,192,192,0.9642
3549,1353,34597,512,681,443,456,0.9635
3550,1353,27777,638,294,174,195,0.9621
3551,1353,2483,171,276,260,221,0.0012
3552,1354,20877,544,295,328,236,0.9704
3553,1354,3483,141,293,209,258,0.9595
3554,1354,36637,167,799,189,257,0.9539
3555,1354,30308,577,737,345,464,0.9425
3556,1355,20877,86,726,333,238,0.9634
3557,1355,3483,622,716,211,270,0.9624
3558,1355,36637,604,203,178,246,0.953
3559,1355,30308,80,47,322,442,0.9504
3560,1355,3483,630,715,203,131,0.0011
3561,1357,12420,626,815,191,185,0.9747
3562,1357,3544,96,229,202,200,0.9628
3563,1357,6563,164,672,220,365,0.9624
3564,1357,16548,579,169,230,225,0.9539
3565,1358,12420,653,848,190,180,0.9641
3566,1358,6563,196,715,217,358,0.964
3567,1358,16548,607,177,236,224,0.9584
3568,1358,3544,113,240,207,201,0.9579
3569,1359,12420,164,277,184,179,0.9695
3570,1359,6563,583,231,213,339,0.9618
3571,1359,3544,675,828,212,210,0.9587
3572,1359,16548,141,854,240,238,0.9459
3573,1361,3351,358,148,182,188,0.968
3574,1361,19232,168,648,243,358,0.9675
3575,1361,29667,628,690,230,230,0.9659
3576,1363,33880,452,244,431,289,0.9807
3577,1363,3351,433,886,189,192,0.9749
3578,1363,16262,121,292,240,235,0.9542
3579,1363,24752,120,292,240,235,0.016
3580,1366,3483,136,291,272,170,0.9811
3581,1366,27653,673,256,219,199,0.9725
3582,1366,29667,125,864,229,227,0.9713
3583,1366,22347,663,837,212,207,0.9672
3584,1367,3483,562,812,285,173,0.9832
3585,1367,27653,61,812,223,208,0.9712
3586,1367,22347,108,226,200,194,0.9705
3587,1367,29667,604,176,217,214,0.9678
3588,1369,3483,602,869,257,227,0.9833
3589,1369,19861,127,865,221,167,0.9784
3590,1369,22347,120,214,205,198,0.9667
3591,1369,16262,639,178,244,230,0.9579
3592,1369,20877,599,864,262,234,0.0082
3593,1369,30308,639,177,244,231,0.0078
3594,1369,3483,603,869,248,126,0.0013
3595,1371,3483,574,835,261,232,0.9768
3596,1371,19861,92,826,226,176,0.9724
3597,1371,22347,104,205,201,195,0.9661
3598,1371,16262,610,172,237,228,0.9574
3599,1371,30308,611,171,237,228,0.0086
3600,1371,20877,567,832,271,237,0.0041
3601,1372,3743,75,812,335,330,0.9742
3602,1372,5886,613,695,235,513,0.9696
3603,1372,2483,596,115,289,441,0.9623
3604,1372,22627,79,92,324,488,0.9496
3605,1372,38927,71,0,307,97,0.0025
3606,1376,33208,152,296,207,197,0.9772
3607,1376,16551,89,699,295,499,0.9579
3608,1376,33009,584,243,358,236,0.9494
3609,1376,1900,641,860,208,165,0.9322
3610,1376,16551,0,770,37,501,0.0027
3611,1377,33208,642,806,211,201,0.9806
3612,1377,16551,607,56,284,483,0.9583
3613,1377,33009,47,827,361,229,0.945
3614,1377,1900,151,257,199,155,0.922
3615,1378,19861,637,277,222,171,0.9745
3616,1378,22347,624,868,212,209,0.9701
3617,1378,3483,149,221,248,221,0.9637
3618,1378,35206,108,775,300,388,0.9619
3619,1378,20877,146,218,253,225,0.001
3620,1379,3483,602,868,257,228,0.9829
3621,1379,19861,127,865,220,168,0.98
3622,1379,22347,162,201,205,198,0.9668
3623,1379,35206,584,98,284,376,0.9588
3624,1379,20877,599,864,262,234,0.0096
3625,1381,3351,406,844,193,192,0.9811
3626,1381,21325,633,275,240,141,0.9738
3627,1381,32310,34,235,367,234,0.964
3628,1381,41768,815,1186,161,94,0.0486
3629,1381,18147,825,1120,151,159,0.0355
3630,1381,20238,34,236,363,237,0.0208
3631,1381,18147,758,1113,218,165,0.0066
3632,1381,41768,856,1105,120,173,0.0061
3633,1381,3832,710,1193,263,87,0.0032
3634,1384,3483,568,815,264,216,0.9802
3635,1384,27777,178,815,174,198,0.9667
3636,1384,20238,605,196,224,215,0.965
3637,1384,25367,54,94,417,455,0.9628
3638,1385,3483,538,780,268,222,0.9802
3639,1385,25367,39,79,404,448,0.9673
3640,1385,27777,145,777,178,205,0.9631
3641,1385,20238,576,191,221,213,0.9628
3642,1385,3483,541,780,261,146,0.0011
3643,1386,25367,537,702,421,469,0.9673
3644,1386,27777,640,293,174,195,0.9636
3645,1386,20238,153,851,232,225,0.9613
3646,1386,3483,174,275,258,217,0.9536
3647,1386,2483,172,273,260,223,0.0026
3648,1386,21771,621,901,322,253,0.0011
3649,1387,3483,643,758,200,270,0.9796
3650,1387,20877,138,832,278,312,0.9702
3651,1387,22347,112,242,206,197,0.9672
3652,1387,20238,601,181,225,217,0.966
3653,1387,3483,648,758,183,82,0.0014
3654,1390,22362,605,748,267,418,0.9674
3655,1390,25438,158,872,260,267,0.9657
3656,1390,2483,601,121,208,462,0.9641
3657,1390,22627,114,163,359,457,0.9458
3658,1392,22362,596,746,260,406,0.9722
3659,1392,25438,156,860,256,255,0.9682
3660,1392,2483,603,83,219,477,0.9557
3661,1392,22627,110,134,364,454,0.9434
3662,1392,27733,832,1192,144,88,0.0055
3663,1393,22347,684,870,213,208,0.9646
3664,1393,27777,640,293,174,194,0.9641
3665,1393,3483,174,275,258,217,0.9567
3666,1393,16262,138,836,246,241,0.9544
3667,1393,30308,138,837,245,241,0.0123
3668,1395,3483,538,780,267,222,0.9791
3669,1395,22347,90,193,200,195,0.9722
3670,1395,16262,576,187,237,228,0.9633
3671,1395,27777,144,777,178,205,0.9629
3672,1395,30308,575,187,238,227,0.0072
3673,1395,3483,540,779,261,146,0.0012
3674,1396,5094,523,162,273,266,0.9662
3675,1396,13395,79,83,237,484,0.9614
3676,1396,2483,82,661,216,488,0.9597
3677,1396,19552,510,597,326,484,0.9502
3678,1396,20004,722,1184,254,96,0.0319
3679,1396,20004,737,1145,239,135,0.0027
3680,1401,3483,127,274,269,186,0.9742
3681,1401,25469,574,182,324,288,0.9724
3682,1401,29667,140,871,228,227,0.9724
3683,1401,22347,651,852,213,208,0.9699
3684,1402,33880,460,198,388,361,0.9805
3685,1402,3351,425,884,190,193,0.9693
3686,1402,20238,85,334,225,221,0.9552
3687,1404,33880,118,742,391,373,0.978
3688,1404,3351,365,214,185,184,0.9721
3689,1404,20238,670,762,226,222,0.965
3690,1407,33880,104,680,314,434,0.978
3691,1407,3351,380,230,183,183,0.9751
3692,1407,38162,603,792,246,256,0.9581
3693,1408,21026,686,275,176,173,0.9749
3694,1408,33208,657,900,217,210,0.9567
3695,1408,16548,75,808,240,237,0.9536
3696,1408,1900,188,274,201,137,0.9405
3697,1411,3483,590,844,283,169,0.985
3698,1411,27653,97,854,222,206,0.9722
3699,1411,36637,644,209,188,246,0.9529
3700,1411,30308,70,129,390,418,0.9512
3701,1411,3483,595,845,280,100,0.002
3702,1413,3483,134,292,273,169,0.9811
3703,1413,27653,670,255,220,200,0.9714
3704,1413,30308,547,707,399,425,0.9483
3705,1413,36637,150,802,194,255,0.9479
3706,1414,10221,601,191,217,214,0.9706
3707,1414,3544,111,194,202,200,0.9648
3708,1414,16548,57,776,239,234,0.9583
3709,1414,27926,553,598,273,483,0.9542
3710,1418,31705,593,698,253,454,0.9627
3711,1418,16551,104,649,291,493,0.9612
3712,1418,10224,561,91,242,396,0.9568
3713,1418,1900,127,256,199,150,0.9294
3714,1420,3351,410,875,190,191,0.9672
3715,1420,41768,100,240,292,262,0.9665
3716,1420,16688,547,70,262,601,0.9524
3717,1420,1900,0,1224,109,56,0.0015
3718,1421,3351,340,166,182,188,0.9711
3719,1421,41768,551,720,302,281,0.9638
3720,1421,16688,115,514,269,657,0.946
3721,1424,3483,538,778,266,221,0.9791
3722,1424,27777,145,776,178,205,0.9657
3723,1424,35206,584,134,220,392,0.9589
3724,1424,31885,96,77,361,520,0.9579
3725,1424,20877,535,773,274,230,0.0021
3726,1424,3483,540,778,261,151,0.0012
3727,1425,3483,566,812,264,216,0.9806
3728,1425,27777,179,814,175,199,0.9705
3729,1425,31885,112,98,376,525,0.9586
3730,1425,35206,612,141,227,403,0.9563
3731,1429,3544,122,252,207,202,0.9604
3732,1429,10221,679,216,225,213,0.9598
3733,1429,16548,126,830,235,229,0.9586
3734,1429,29345,606,704,282,442,0.9489
3735,1431,10221,649,208,221,215,0.9617
3736,1431,16548,91,789,240,235,0.96
3737,1431,3544,105,241,203,201,0.959
3738,1431,29345,579,666,283,448,0.9439
3739,1433,3351,368,173,181,185,0.9775
3740,1433,38162,610,755,291,208,0.9679
3741,1433,32310,0,664,303,327,0.9547
3742,1433,27733,0,1190,230,90,0.0152
3743,1433,16551,0,1194,261,86,0.0137
3744,1433,27733,0,1201,170,79,0.0127
3745,1433,35206,0,1196,277,84,0.0044
3746,1433,30308,761,1164,214,116,0.004
3747,1433,16551,741,1170,233,110,0.0019
3748,1433,20238,0,662,301,328,0.0012
3749,1435,3351,398,853,189,190,0.9689
3750,1435,13900,170,341,173,254,0.9656
3751,1435,20238,589,308,223,217,0.965
3752,1436,3351,350,186,183,188,0.9747
3753,1436,13900,600,626,177,265,0.9666
3754,1436,20238,111,700,228,227,0.9542
3755,1436,16551,657,1175,316,104,0.0012
3756,1438,6563,581,232,213,339,0.9628
3757,1438,3544,700,859,212,211,0.9611
3758,1438,12247,174,303,207,126,0.9538
3759,1438,16548,207,842,241,238,0.9487
3760,1439,6563,165,672,220,365,0.9645
3761,1439,16548,514,180,231,226,0.9575
3762,1439,3544,73,201,202,200,0.9571
3763,1439,12247,592,849,213,129,0.9539
3764,1441,27733,92,730,323,281,0.9732
3765,1441,3483,581,758,274,211,0.9696
3766,1441,36637,592,205,255,168,0.9658
3767,1441,22347,119,174,201,193,0.9655
3768,1441,20877,578,757,280,215,0.0021
3769,1442,27733,129,778,312,275,0.9714
3770,1442,3483,607,792,273,205,0.9705
3771,1442,22347,136,178,204,198,0.9703
3772,1442,36637,621,209,262,170,0.9636
3773,1444,3743,484,151,316,302,0.9697
3774,1444,4378,131,104,225,441,0.9593
3775,1444,2483,93,696,214,482,0.9593
3776,1444,23223,522,630,296,507,0.9555
3777,1444,30850,681,1184,294,96,0.0036
3778,1444,20004,669,1189,307,91,0.0028
3779,1444,35206,711,1181,265,99,0.0011
3780,1446,3743,130,802,327,319,0.9707
3781,1446,4378,590,700,222,454,0.9691
3782,1446,2483,630,34,200,482,0.9557
3783,1446,23223,118,70,299,504,0.9546
3784,1446,27733,826,1194,150,86,0.0134
3785,1447,29451,465,766,415,248,0.9678
3786,1447,10221,627,192,220,215,0.9651
3787,1447,3544,105,181,202,199,0.9642
3788,1447,16548,48,791,239,235,0.9571
3789,1449,10221,658,199,223,214,0.9641
3790,1449,3544,119,185,207,201,0.9625
3791,1449,29451,494,804,410,240,0.9602
3792,1449,16548,81,832,236,228,0.9534
3793,1450,25438,125,812,253,256,0.9674
3794,1450,13395,587,715,239,497,0.9581
3795,1450,2483,601,48,217,481,0.9573
3796,1450,12778,110,65,294,522,0.951
3797,1450,27733,837,1190,139,90,0.0348
3798,1452,25438,125,824,259,267,0.9669
3799,1452,2483,595,89,210,465,0.961
3800,1452,13395,600,712,234,522,0.954
3801,1452,12778,109,96,296,530,0.9501
3802,1453,18357,52,310,277,330,0.9725
3803,1453,3351,458,907,191,192,0.9718
3804,1453,16688,482,123,418,523,0.9415
3805,1455,18357,654,650,283,340,0.9769
3806,1455,3351,333,191,185,185,0.969
3807,1455,16688,77,629,434,578,0.9291
3808,1458,4378,640,705,223,454,0.9671
3809,1458,25438,111,830,255,254,0.9661
3810,1458,2483,608,71,246,467,0.9597
3811,1458,23223,73,167,303,502,0.955
3812,1458,27733,831,1191,145,89,0.0202
3813,1459,5094,105,810,284,287,0.9753
3814,1459,12081,649,693,244,466,0.9632
3815,1459,2483,627,74,227,462,0.9579
3816,1459,22627,74,186,314,475,0.9555
3817,1460,5094,549,188,272,271,0.9744
3818,1460,12081,70,129,228,431,0.9557
3819,1460,2483,49,703,255,472,0.9555
3820,1460,22627,546,573,321,485,0.9437
3821,1460,20004,707,1197,269,83,0.0019
3822,1460,27733,720,1192,256,88,0.0014
3823,1461,5094,105,800,277,276,0.977
3824,1461,2483,629,38,240,472,0.9568
3825,1461,22627,72,156,318,474,0.9537
3826,1461,12081,640,688,238,450,0.9516
3827,1461,27733,766,1193,210,87,0.0283
3828,1461,27733,748,1236,228,44,0.0023
3829,1461,27733,773,1218,202,62,0.0023
3830,1462,3483,134,291,273,171,0.9795
3831,1462,27653,670,254,219,200,0.973
3832,1462,25367,527,676,423,467,0.9665
3833,1462,20238,134,868,230,227,0.9648
3834,1463,3483,591,844,283,169,0.9844
3835,1463,27653,97,853,222,206,0.9726
3836,1463,25367,60,124,420,450,0.9625
3837,1463,20238,624,178,224,215,0.9583
3838,1463,3483,595,845,279,99,0.0015
3839,1464,3483,564,812,285,173,0.9815
3840,1464,27653,64,812,224,210,0.9731
3841,1464,25367,48,106,406,446,0.9656
3842,1464,20238,595,174,220,213,0.9578
3843,1466,3483,563,812,285,173,0.9823
3844,1466,27653,62,812,224,208,0.9713
3845,1466,22347,108,179,200,194,0.9672
3846,1466,16262,595,177,236,228,0.9598
3847,1466,30308,594,176,236,228,0.0066
3848,1473,21026,127,866,177,177,0.976
3849,1473,19607,153,219,158,152,0.9661
3850,1473,16551,572,90,286,482,0.9582
3851,1473,1900,615,862,202,155,0.9313
3852,1474,27733,126,769,313,277,0.9765
3853,1474,3483,607,790,273,206,0.9717
3854,1474,34597,68,101,439,427,0.9631
3855,1474,36637,619,208,263,170,0.9601
3856,1474,20877,608,788,276,209,0.001
3857,1476,27733,89,722,326,282,0.9716
3858,1476,3483,583,757,274,211,0.9671
3859,1476,34597,56,71,431,434,0.9655
3860,1476,36637,591,204,255,169,0.965
3861,1476,20877,580,755,281,215,0.0032
3862,1477,3351,651,288,184,185,0.9694
3863,1477,18357,358,680,249,370,0.9674
3864,1477,36637,87,231,241,213,0.9527
3865,1477,18147,787,1196,189,84,0.0115
3866,1477,35206,735,1233,241,46,0.0067
3867,1477,25200,686,0,290,486,0.0053
3868,1477,3832,709,1199,266,81,0.0042
3869,1477,18147,801,1126,175,152,0.0037
3870,1477,25200,710,0,263,324,0.0025
3871,1477,35206,764,1220,211,60,0.0021
3872,1480,6563,592,239,213,340,0.9662
3873,1480,10221,160,261,216,212,0.9659
3874,1480,3544,643,877,214,212,0.9616
3875,1480,16548,173,834,240,237,0.96
3876,1483,19861,638,277,221,171,0.9748
3877,1483,3483,149,223,247,220,0.9647
3878,1483,28763,632,897,221,215,0.9627
3879,1483,35206,108,776,300,388,0.9608
3880,1485,3483,601,869,258,228,0.9831
3881,1485,19861,127,865,221,167,0.9793
3882,1485,35206,584,98,284,376,0.9584
3883,1485,28763,149,168,211,201,0.9501
3884,1485,20877,599,864,262,233,0.0098
3885,1485,3483,602,869,249,125,0.001
3886,1488,31863,628,831,205,206,0.9745
3887,1488,3351,392,206,184,183,0.9714
3888,1488,21325,212,826,202,200,0.9676
3889,1489,3351,402,850,190,192,0.9705
3890,1489,20238,184,281,226,218,0.9558
3891,1489,20014,538,289,337,316,0.9407
3892,1492,21325,185,278,160,230,0.9679
3893,1492,3351,379,904,190,192,0.9658
3894,1492,18147,527,297,343,354,0.9551
3895,1493,3351,367,137,184,190,0.9778
3896,1493,21325,598,721,158,241,0.9601
3897,1493,18147,59,544,349,376,0.9463
3898,1497,19861,85,825,226,177,0.975
3899,1497,3483,566,840,260,234,0.9733
3900,1497,29667,611,198,218,215,0.9675
3901,1497,34597,62,54,300,507,0.9663
3902,1497,20877,562,836,267,240,0.0047
3903,1500,3351,351,237,184,183,0.9675
3904,1500,38162,199,734,183,298,0.9641
3905,1500,41768,570,859,352,179,0.9586
