annotation_id,image_id,category_id,bbox_x,bbox_y,bbox_w,bbox_h,score
1,1,24850,171,742,184,290,0.9583
2,1,16551,555,71,394,404,0.9511
3,1,1900,158,252,202,125,0.9473
4,1,27926,600,673,253,481,0.9414
5,3,24850,138,703,188,295,0.9608
6,3,16551,528,64,382,393,0.9508
7,3,27926,568,628,260,489,0.9376
8,3,1900,141,241,199,129,0.9329
9,4,24850,602,253,291,165,0.9596
10,4,1900,684,807,133,208,0.9565
11,4,29345,119,155,274,412,0.9516
12,4,16551,130,648,297,496,0.9476
13,5,24850,97,895,298,164,0.9644
14,5,16551,571,112,283,480,0.9532
15,5,1900,181,268,129,198,0.9514
16,5,29345,613,715,286,443,0.9514
17,8,27653,96,854,223,206,0.9741
18,8,22347,131,220,203,197,0.9684
19,8,20238,623,178,226,215,0.9576
20,8,3483,591,845,281,170,0.9516
21,9,27653,62,812,225,210,0.9744
22,9,22347,115,212,200,195,0.9677
23,9,3483,563,811,284,176,0.9531
24,9,20238,594,174,220,213,0.9518
25,10,29451,103,234,409,223,0.9669
26,10,21771,644,290,188,182,0.9632
27,10,1900,646,846,185,187,0.9511
28,10,16548,103,807,240,237,0.9489
29,13,33880,477,245,438,275,0.9703
30,13,16232,143,331,195,191,0.9625
31,13,3351,431,854,189,191,0.9574
32,15,33880,49,785,442,276,0.9624
33,15,16232,643,797,195,191,0.9606
34,15,3351,360,248,185,183,0.9559
35,17,3351,299,166,183,187,0.9633
36,17,35206,118,585,309,385,0.9627
37,17,41768,562,644,274,303,0.9585
38,19,27733,126,768,314,276,0.9716
39,19,28763,101,170,213,203,0.9676
40,19,3483,610,789,271,207,0.9654
41,19,36637,622,206,258,170,0.9445
42,23,27653,61,811,225,210,0.9754
43,23,16262,594,177,237,228,0.9611
44,23,25367,23,88,413,437,0.9606
45,23,3483,562,811,284,176,0.9577
46,24,27653,94,853,223,207,0.9699
47,24,16262,623,182,244,232,0.9607
48,24,25367,34,105,429,444,0.9594
49,24,3483,590,845,281,170,0.95
50,27,25438,123,823,260,267,0.9668
51,27,13395,600,709,231,522,0.9658
52,27,23223,70,96,304,517,0.9503
53,27,2483,600,83,205,467,0.9392
54,28,3483,564,813,265,217,0.9737
55,28,35206,615,143,223,401,0.9581
56,28,25367,20,63,414,458,0.9569
57,28,27777,178,814,174,200,0.9562
58,29,3483,536,777,269,225,0.9683
59,29,35206,586,134,216,391,0.9621
60,29,25367,11,49,398,451,0.9607
61,29,27777,145,777,178,205,0.9546
62,31,12420,654,848,190,181,0.9682
63,31,6563,197,715,217,359,0.965
64,31,3544,112,241,207,201,0.96
65,31,16551,590,50,287,481,0.9527
66,32,12420,164,277,184,180,0.9671
67,32,6563,584,231,211,340,0.9642
68,32,3544,674,828,213,211,0.9574
69,32,16551,106,705,296,501,0.9527
70,38,20877,86,725,332,240,0.9762
71,38,35206,625,162,216,394,0.9667
72,38,3483,621,716,213,270,0.9627
73,38,31885,114,29,401,504,0.957
74,40,3483,155,214,251,224,0.9851
75,40,19861,644,278,222,171,0.9721
76,40,29667,121,839,228,226,0.966
77,40,31885,620,608,327,562,0.9591
78,41,3483,592,874,258,230,0.9881
79,41,19861,119,864,220,169,0.9735
80,41,29667,638,206,222,215,0.9636
81,41,31885,55,87,318,547,0.9562
82,42,3483,565,839,262,236,0.9854
83,42,19861,85,825,226,177,0.9748
84,42,29667,610,200,216,214,0.9637
85,42,31885,35,69,316,537,0.9521
86,44,29667,94,723,230,232,0.9653
87,44,13900,579,673,179,265,0.9645
88,44,3351,371,154,184,187,0.955
89,46,3743,119,785,324,322,0.9696
90,46,12081,601,707,235,452,0.9646
91,46,23223,99,114,312,495,0.9534
92,46,2483,591,74,245,472,0.9482
93,47,12081,109,113,227,426,0.9701
94,47,3743,494,167,314,298,0.9665
95,47,23223,528,591,311,500,0.9434
96,47,2483,89,666,253,472,0.9428
97,53,25438,132,853,260,267,0.9658
98,53,5886,605,682,241,507,0.9649
99,53,2483,650,104,214,467,0.9511
100,53,6192,95,103,364,488,0.9459
101,54,25438,546,177,247,252,0.9648
102,54,2483,68,662,206,488,0.9604
103,54,5886,113,84,232,477,0.957
104,54,6192,464,641,374,487,0.9558
105,55,3351,423,848,189,190,0.9549
106,55,16688,437,167,507,455,0.9359
107,55,20014,53,283,341,319,0.9333
108,56,3351,325,193,185,190,0.9509
109,56,20014,550,618,347,343,0.9335
110,56,16688,0,556,515,502,0.9004
111,58,3483,573,835,263,234,0.9885
112,58,19861,91,826,226,177,0.976
113,58,34597,38,49,391,468,0.9673
114,58,35206,556,92,277,367,0.9618
115,60,3483,146,220,253,222,0.9854
116,60,19861,638,278,221,171,0.9708
117,60,34597,546,691,412,484,0.9661
118,60,35206,107,774,303,390,0.9614
119,62,18147,91,548,288,422,0.9539
120,62,3351,325,156,185,189,0.9489
121,62,36637,542,651,204,252,0.9459
122,64,29667,154,278,227,223,0.9663
123,64,3351,397,887,191,192,0.9567
124,64,20014,591,267,338,318,0.9342
125,65,29667,558,728,233,234,0.971
126,65,3351,350,153,185,189,0.9427
127,65,20014,0,632,339,343,0.9388
128,66,29667,598,819,229,224,0.9668
129,66,20014,34,717,344,338,0.9482
130,66,3351,392,211,185,185,0.9466
131,68,3483,170,278,260,216,0.9705
132,68,16232,153,828,192,192,0.9601
133,68,27777,638,294,176,195,0.96
134,68,30308,513,768,443,372,0.9599
135,70,29451,46,233,406,229,0.9716
136,70,24850,644,258,195,268,0.9589
137,70,16551,47,709,303,501,0.9522
138,70,1900,635,898,207,157,0.9392
139,72,29451,550,840,413,226,0.9653
140,72,24850,151,776,198,278,0.9597
141,72,16551,642,45,289,485,0.9529
142,72,1900,156,224,204,151,0.9369
143,73,6563,166,673,221,365,0.9673
144,73,3544,73,201,202,199,0.9612
145,73,12247,591,848,215,129,0.9544
146,73,16551,522,71,352,425,0.9516
147,75,6563,198,714,216,358,0.9653
148,75,3544,89,210,206,201,0.9612
149,75,16551,550,80,363,437,0.9581
150,75,12247,619,879,211,126,0.954
151,79,16262,128,298,243,234,0.9629
152,79,3351,388,847,189,190,0.9604
153,79,19232,502,238,328,253,0.9363
154,80,16262,570,694,248,245,0.9633
155,80,3351,360,194,183,188,0.959
156,80,19232,95,698,337,265,0.9359
157,82,3743,124,836,331,335,0.97
158,82,22362,610,737,272,418,0.9638
159,82,19552,114,131,326,509,0.9464
160,82,2483,630,103,202,467,0.9442
161,83,3743,493,128,313,301,0.9683
162,83,22362,82,117,261,392,0.9584
163,83,2483,95,660,203,493,0.9583
164,83,19552,506,597,320,487,0.9491
165,85,21771,149,850,195,191,0.9607
166,85,16548,570,251,232,226,0.95
167,85,29345,587,678,289,447,0.9491
168,85,1900,163,258,126,198,0.9426
169,86,21771,619,251,187,182,0.9628
170,86,16548,152,770,239,236,0.9593
171,86,1900,684,808,132,207,0.9548
172,86,29345,119,154,274,415,0.9475
173,88,31705,621,734,251,446,0.9618
174,88,16551,609,50,284,481,0.9519
175,88,18110,79,800,304,287,0.9454
176,88,1900,130,231,205,138,0.9335
177,89,31705,594,696,253,453,0.9635
178,89,16551,581,42,275,469,0.9507
179,89,1900,115,225,199,139,0.9503
180,89,18110,45,757,310,299,0.9396
181,90,16551,90,706,292,499,0.9529
182,90,31705,135,128,245,421,0.9487
183,90,1900,657,903,212,147,0.9477
184,90,18110,610,219,299,285,0.9288
185,91,19607,690,299,157,150,0.958
186,91,27926,150,144,253,458,0.9508
187,91,16548,124,866,240,238,0.9422
188,91,1900,631,894,209,135,0.9376
189,95,29667,62,742,231,235,0.9696
190,95,32310,498,718,385,240,0.9617
191,95,3351,339,183,182,186,0.9545
192,97,19607,667,252,156,151,0.965
193,97,1900,687,807,131,206,0.9542
194,97,29345,119,168,309,399,0.9542
195,97,16548,99,822,241,237,0.9486
196,100,18110,45,747,306,297,0.958
197,100,16548,586,132,230,224,0.9523
198,100,1900,134,246,192,161,0.9483
199,100,33009,518,792,382,210,0.9404
200,102,18110,79,791,303,290,0.9529
201,102,16548,615,136,237,228,0.9489
202,102,33009,548,836,376,201,0.9295
203,102,1900,150,255,198,162,0.9269
204,104,3351,325,205,183,188,0.9588
205,104,21325,617,761,175,232,0.9532
206,104,18357,108,610,248,368,0.9413
207,108,25438,142,843,257,256,0.9655
208,108,22362,589,744,252,406,0.9644
209,108,12778,104,46,295,524,0.9489
210,108,2483,602,86,246,471,0.9472
211,109,3483,146,220,252,223,0.9806
212,109,19861,638,278,221,171,0.9702
213,109,35206,107,774,303,391,0.9622
214,109,25367,581,718,384,497,0.9587
215,110,3483,600,868,260,230,0.9803
216,110,19861,126,865,221,168,0.9754
217,110,25367,43,50,382,483,0.9586
218,110,35206,583,97,287,377,0.9575
219,112,10221,634,200,223,215,0.9673
220,112,3544,127,236,207,200,0.9628
221,112,16551,155,585,307,471,0.9551
222,112,33009,560,810,372,209,0.9299
223,113,10221,126,846,228,225,0.9712
224,113,3544,659,833,213,211,0.9553
225,113,16551,533,227,304,458,0.9486
226,113,33009,77,270,360,221,0.9346
227,114,10221,605,193,217,214,0.9701
228,114,3544,110,226,203,199,0.9661
229,114,16551,122,536,312,478,0.9588
230,114,33009,533,766,375,224,0.9374
231,115,27733,561,256,301,264,0.9745
232,115,3483,127,307,266,204,0.9714
233,115,25367,495,646,420,465,0.9568
234,115,36637,101,882,268,179,0.9436
235,118,13900,64,311,233,212,0.969
236,118,3351,458,847,189,191,0.9548
237,118,16688,422,84,436,516,0.9362
238,119,13900,653,706,228,222,0.9652
239,119,3351,294,192,183,190,0.9584
240,119,16688,77,587,453,562,0.9287
241,120,13900,691,796,228,216,0.9685
242,120,3351,335,254,185,184,0.9579
243,120,16688,119,686,449,563,0.9251
244,122,25469,49,787,345,302,0.9731
245,122,3483,574,811,281,194,0.9618
246,122,25367,53,91,371,474,0.9604
247,122,29667,591,170,218,215,0.9569
248,124,21771,686,883,197,193,0.955
249,124,16551,5,764,367,458,0.9512
250,124,21026,674,273,176,173,0.951
251,124,1900,175,280,200,142,0.9398
252,125,21026,139,869,177,176,0.9599
253,125,21771,116,204,191,185,0.9584
254,125,16551,622,32,352,442,0.9552
255,125,1900,622,890,206,139,0.9278
256,126,21771,100,197,187,183,0.9562
257,126,16551,593,27,343,429,0.9527
258,126,21026,104,834,180,181,0.9454
259,126,1900,595,857,211,145,0.9217
260,127,5094,136,858,285,286,0.9703
261,127,22362,620,782,257,422,0.9672
262,127,2483,640,119,204,467,0.945
263,127,6192,128,144,300,547,0.9308
264,128,5094,135,848,278,273,0.9745
265,128,22362,609,779,252,408,0.9677
266,128,2483,650,80,199,489,0.958
267,128,6192,127,129,297,532,0.9388
268,129,5094,522,152,270,264,0.9759
269,129,22362,81,76,255,394,0.9608
270,129,2483,82,643,206,490,0.9487
271,129,6192,517,544,289,527,0.9413
272,130,3483,171,277,260,217,0.9683
273,130,27777,639,294,176,195,0.9607
274,130,30308,511,766,465,315,0.9558
275,130,36637,129,827,193,258,0.9368
276,132,3483,564,813,265,218,0.9752
277,132,30308,31,180,453,307,0.9621
278,132,27777,179,814,175,200,0.9561
279,132,36637,665,181,186,248,0.9462
280,134,27653,61,812,225,210,0.9742
281,134,35206,650,144,199,399,0.963
282,134,31885,41,5,355,524,0.9586
283,134,3483,562,811,284,176,0.9475
284,135,27653,95,853,222,206,0.971
285,135,35206,678,154,203,407,0.9637
286,135,31885,52,21,370,532,0.9606
287,135,3483,590,845,281,169,0.9349
288,136,44199,134,244,244,233,0.954
289,136,16551,81,652,315,487,0.953
290,136,33009,564,214,323,292,0.9432
291,136,1900,651,852,210,157,0.9403
292,139,25469,51,787,343,303,0.9734
293,139,35206,585,112,224,391,0.9622
294,139,31885,10,46,399,505,0.9585
295,139,3483,574,812,282,193,0.9557
296,140,25469,91,829,333,302,0.9735
297,140,3483,602,847,278,187,0.9657
298,140,35206,612,120,234,401,0.9648
299,140,31885,21,68,413,508,0.9585
300,142,44199,77,176,251,227,0.9577
301,142,16548,594,156,230,225,0.952
302,142,21026,91,832,181,181,0.9506
303,142,1900,582,867,211,144,0.9442
304,143,44199,92,185,256,229,0.9527
305,143,16548,621,163,238,224,0.9469
306,143,21026,126,866,178,177,0.9462
307,143,1900,610,901,205,136,0.9381
308,146,3483,170,278,261,216,0.9685
309,146,31885,555,671,403,530,0.9631
310,146,27777,638,294,176,195,0.9612
311,146,16232,153,827,191,193,0.9582
312,148,20238,120,300,227,220,0.9616
313,148,3351,403,851,189,190,0.9552
314,148,19232,502,238,328,254,0.9375
315,149,20238,595,711,230,229,0.9587
316,149,3351,346,190,184,187,0.953
317,149,19232,95,698,338,266,0.9232
318,149,16235,774,1154,202,126,0.3705
319,150,20238,634,802,227,223,0.9666
320,150,3351,389,251,184,181,0.9579
321,150,19232,139,802,333,262,0.9415
322,151,33208,183,266,208,198,0.9668
323,151,29451,510,243,408,223,0.9639
324,151,1900,646,846,185,188,0.9549
325,151,16548,99,820,240,236,0.9477
326,152,33208,583,810,214,205,0.9737
327,152,29451,36,799,422,229,0.9669
328,152,16548,619,205,231,225,0.9511
329,152,1900,148,241,180,180,0.941
330,153,33208,610,844,211,199,0.9759
331,153,29451,70,842,417,218,0.968
332,153,16548,649,213,238,226,0.9515
333,153,1900,168,249,180,179,0.9157
334,154,5094,109,805,281,276,0.9711
335,154,5886,598,683,235,491,0.9668
336,154,2483,617,53,253,468,0.9505
337,154,23223,88,133,320,494,0.9446
338,155,5094,548,186,273,268,0.9735
339,155,5886,112,85,236,476,0.9574
340,155,2483,70,691,252,472,0.9507
341,155,23223,533,575,321,498,0.9387
342,156,5094,110,817,285,284,0.9705
343,156,5886,604,685,246,505,0.9623
344,156,23223,92,165,316,495,0.9526
345,156,2483,606,89,262,457,0.9364
346,157,3483,536,779,269,225,0.9706
347,157,25367,106,82,393,459,0.962
348,157,16262,575,187,239,229,0.957
349,157,27777,145,777,178,205,0.9553
350,159,3483,564,815,265,218,0.9714
351,159,27777,178,815,174,200,0.959
352,159,16262,603,193,245,231,0.9577
353,159,25367,122,97,405,467,0.9549
354,160,4543,145,915,216,212,0.9631
355,160,3544,627,889,214,211,0.9573
356,160,23203,211,315,136,140,0.9553
357,160,16551,577,263,288,469,0.9512
358,162,3544,158,179,207,200,0.9665
359,162,23203,653,852,139,137,0.9573
360,162,16551,127,536,288,479,0.9562
361,162,4543,627,145,209,203,0.9557
362,163,3483,565,813,265,217,0.9716
363,163,28763,127,174,213,202,0.9677
364,163,16232,644,251,187,181,0.9581
365,163,27777,180,815,174,199,0.9575
366,164,28763,651,891,223,215,0.9691
367,164,3483,170,278,260,216,0.9678
368,164,27777,638,294,176,195,0.9604
369,164,16232,153,827,192,192,0.96
370,165,3483,537,777,268,223,0.9674
371,165,28763,110,169,209,197,0.9652
372,165,16232,615,239,184,184,0.9627
373,165,27777,146,777,178,205,0.9554
374,170,5094,107,811,285,286,0.9658
375,170,12081,651,692,243,468,0.9629
376,170,2483,619,75,238,460,0.9506
377,170,6192,115,145,311,539,0.9365
378,172,27653,94,852,222,206,0.9704
379,172,29667,633,181,222,215,0.9605
380,172,25367,115,64,339,504,0.9554
381,172,3483,589,846,282,169,0.9538
382,173,27653,60,811,225,210,0.9739
383,173,29667,604,177,217,213,0.9644
384,173,25367,100,51,329,494,0.9626
385,173,3483,561,811,285,176,0.9502
386,174,27653,673,256,219,199,0.9693
387,174,29667,126,864,228,226,0.9641
388,174,3483,134,291,275,172,0.9628
389,174,25367,549,684,341,516,0.9577
390,175,3483,593,872,258,231,0.9888
391,175,19861,121,864,220,169,0.9726
392,175,30308,123,97,271,475,0.9661
393,175,29667,640,205,222,214,0.9645
394,176,3483,154,215,251,223,0.9821
395,176,19861,643,278,222,171,0.9717
396,176,30308,598,676,282,483,0.9654
397,176,29667,119,840,228,226,0.9651
398,179,22347,644,833,215,208,0.9721
399,179,3483,171,275,261,217,0.9672
400,179,20238,152,851,234,226,0.9636
401,179,27777,639,293,176,195,0.9621
402,180,3483,536,780,268,224,0.9677
403,180,22347,124,229,202,195,0.9668
404,180,20238,576,191,222,213,0.9567
405,180,27777,145,778,178,205,0.9544
406,183,10221,160,262,218,212,0.9735
407,183,3544,642,877,214,213,0.9624
408,183,6563,593,239,212,342,0.9613
409,183,16551,20,697,408,415,0.9546
410,185,3544,142,173,201,199,0.9648
411,185,4543,598,144,203,201,0.9549
412,185,23203,628,821,141,141,0.9515
413,185,16548,134,738,238,235,0.9481
414,186,3544,158,180,207,200,0.9695
415,186,16548,166,780,236,229,0.9565
416,186,4543,626,144,209,204,0.9541
417,186,23203,655,853,139,137,0.9536
418,189,5094,135,859,285,286,0.9737
419,189,22362,620,782,255,423,0.9661
420,189,2483,639,122,205,465,0.9431
421,189,12778,85,121,296,539,0.9424
422,191,10221,93,789,224,221,0.9772
423,191,4543,640,152,202,200,0.964
424,191,3544,123,183,202,198,0.9635
425,191,16551,578,568,289,490,0.9517
426,196,3743,493,128,312,300,0.966
427,196,22362,82,118,260,392,0.9592
428,196,2483,91,660,208,495,0.9581
429,196,12778,536,518,282,522,0.945
430,197,3743,123,826,323,323,0.9656
431,197,22362,603,733,260,406,0.9633
432,197,2483,635,63,201,484,0.9505
433,197,12778,118,172,291,520,0.9478
434,198,3743,123,837,331,334,0.971
435,198,22362,610,736,271,418,0.9655
436,198,2483,628,102,200,467,0.9476
437,198,12778,118,191,294,534,0.9453
438,199,3483,561,814,266,218,0.9765
439,199,30308,38,118,404,401,0.9636
440,199,29667,630,165,222,215,0.9604
441,199,27777,177,813,175,199,0.9547
442,200,3483,174,277,261,217,0.9704
443,200,27777,640,295,176,195,0.9604
444,200,29667,127,880,230,228,0.9595
445,200,30308,559,735,412,405,0.9531
446,202,3483,144,290,211,258,0.9824
447,202,20877,544,293,329,239,0.9748
448,202,22347,690,867,213,207,0.9654
449,202,16262,110,837,249,242,0.9566
450,203,20877,85,725,332,241,0.9751
451,203,3483,620,718,213,271,0.9709
452,203,22347,84,197,201,195,0.9659
453,203,16262,601,187,238,229,0.9553
454,204,20877,117,769,331,232,0.9699
455,204,22347,99,205,205,197,0.9657
456,204,3483,646,751,215,266,0.963
457,204,16262,630,193,243,232,0.9559
458,205,6563,165,674,219,364,0.9664
459,205,3544,113,165,202,199,0.9633
460,205,16548,593,122,228,225,0.9587
461,205,23203,623,848,141,141,0.9544
462,210,31863,596,876,205,206,0.9808
463,210,29667,163,750,228,224,0.9685
464,210,3351,419,245,185,183,0.9476
465,212,16551,479,140,438,350,0.9554
466,212,21026,139,868,178,177,0.9455
467,212,18110,58,124,306,288,0.9453
468,212,1900,623,890,206,139,0.9319
469,213,16551,451,125,429,346,0.9534
470,213,21026,104,833,180,181,0.9464
471,213,1900,595,856,211,145,0.9251
472,213,18110,45,115,296,286,0.9201
473,214,33208,589,801,213,204,0.9771
474,214,16551,567,54,278,467,0.9509
475,214,27926,88,613,272,484,0.9484
476,214,1900,142,240,197,129,0.9262
477,215,33208,616,835,211,200,0.9712
478,215,16551,595,62,285,481,0.9513
479,215,1900,157,250,203,126,0.9482
480,215,27926,125,664,264,475,0.9403
481,217,3743,118,785,323,321,0.9718
482,217,12081,600,707,235,454,0.9609
483,217,2483,590,74,246,472,0.9523
484,217,6192,127,122,279,538,0.945
485,219,3743,494,167,314,298,0.9696
486,219,12081,109,113,228,426,0.9694
487,219,6192,535,542,272,537,0.9475
488,219,2483,88,666,252,472,0.9423
489,222,41768,607,741,272,302,0.9617
490,222,3351,406,204,185,183,0.9608
491,222,16262,171,768,245,239,0.9603
492,224,25469,88,829,333,300,0.9733
493,224,34597,102,80,369,487,0.9695
494,224,3483,602,846,279,187,0.9668
495,224,29667,619,173,224,216,0.954
496,225,25469,576,185,323,287,0.9721
497,225,34597,527,664,376,506,0.9691
498,225,29667,140,872,228,226,0.963
499,225,3483,126,274,270,188,0.9625
500,226,3483,600,868,258,229,0.9846
501,226,19861,126,865,221,168,0.9757
502,226,22347,109,230,205,198,0.969
503,226,20238,644,189,226,216,0.9573
504,229,3743,535,152,319,302,0.9698
505,229,5886,99,70,241,475,0.9646
506,229,2483,51,679,283,461,0.9554
507,229,23223,496,659,409,448,0.9543
508,231,3743,75,813,332,328,0.9701
509,231,5886,615,695,233,513,0.9608
510,231,2483,598,114,288,443,0.9479
511,231,23223,59,132,389,446,0.9457
512,232,27733,116,775,323,266,0.9759
513,232,22347,129,233,205,197,0.9646
514,232,29667,678,189,225,215,0.9632
515,232,3483,599,801,274,201,0.9463
516,234,27733,79,726,335,274,0.9717
517,234,22347,112,224,200,194,0.9691
518,234,29667,649,185,219,213,0.9601
519,234,3483,570,767,278,206,0.9411
520,236,27653,672,255,219,199,0.9703
521,236,28763,615,835,223,212,0.9683
522,236,3483,134,291,274,171,0.967
523,236,35206,104,686,205,421,0.9619
524,237,27653,61,811,225,210,0.9755
525,237,28763,144,223,209,199,0.9694
526,237,35206,651,144,198,398,0.9641
527,237,3483,563,811,284,176,0.9615
528,238,16262,625,241,243,233,0.9578
529,238,3351,403,835,188,188,0.953
530,238,18357,67,260,300,296,0.9471
531,241,3351,410,913,192,192,0.9554
532,241,18147,516,258,309,380,0.9497
533,241,20238,129,327,227,218,0.9484
534,243,18147,144,649,314,401,0.9569
535,243,3351,378,185,186,183,0.9472
536,243,20238,623,769,227,224,0.9399
537,244,6563,198,716,215,358,0.9654
538,244,3544,127,171,208,200,0.9632
539,244,16551,579,4,284,482,0.9535
540,244,23203,650,879,139,137,0.9529
541,247,3743,123,836,330,334,0.9714
542,247,22362,610,736,271,418,0.966
543,247,2483,627,103,200,467,0.9462
544,247,6192,59,118,334,524,0.9284
545,248,3743,123,826,322,323,0.9702
546,248,22362,602,733,261,407,0.9653
547,248,2483,634,63,204,484,0.9501
548,248,6192,54,103,337,506,0.9355
549,249,3743,493,129,312,300,0.9669
550,249,22362,82,118,262,391,0.9584
551,249,2483,90,661,212,492,0.9526
552,249,6192,557,592,344,503,0.9453
553,250,29667,130,205,224,224,0.9653
554,250,3351,378,850,188,190,0.9519
555,250,18357,544,227,241,356,0.9246
556,251,29667,588,795,232,233,0.9675
557,251,3351,370,179,182,188,0.9559
558,251,18357,142,596,244,369,0.946
559,252,29667,625,886,228,223,0.9655
560,252,3351,412,239,184,183,0.9491
561,252,18357,184,692,242,369,0.9473
562,253,33880,455,251,433,292,0.9705
563,253,35206,61,260,416,213,0.9549
564,253,3351,446,850,190,190,0.9536
565,256,25438,543,178,247,254,0.964
566,256,2483,64,666,208,486,0.957
567,256,5886,109,88,237,477,0.9538
568,256,19552,495,656,317,501,0.9514
569,259,41768,113,285,268,286,0.9671
570,259,3351,384,895,190,191,0.9571
571,259,20238,605,280,223,219,0.9468
572,262,27653,60,811,225,210,0.9745
573,262,34597,77,32,331,496,0.9722
574,262,29667,604,177,217,213,0.9639
575,262,3483,562,811,284,175,0.9543
576,264,34597,564,679,352,516,0.9709
577,264,27653,673,256,219,200,0.969
578,264,3483,135,290,274,172,0.9648
579,264,29667,126,864,228,227,0.9639
580,265,27653,672,256,219,200,0.9689
581,265,3483,134,291,274,172,0.9685
582,265,16232,142,846,197,193,0.9578
583,265,25367,597,667,376,492,0.9552
584,266,27653,94,852,223,207,0.9689
585,266,25367,20,107,391,478,0.9611
586,266,16232,648,230,192,182,0.9609
587,266,3483,590,845,281,170,0.9455
588,271,20877,86,726,331,240,0.9738
589,271,22347,105,188,200,194,0.968
590,271,35206,632,164,216,393,0.9676
591,271,3483,622,717,212,271,0.967
592,273,3483,142,291,211,258,0.9791
593,273,20877,542,293,330,238,0.9737
594,273,22347,666,877,214,209,0.9651
595,273,35206,95,673,237,411,0.9618
596,274,3351,420,890,190,192,0.9554
597,274,21325,208,327,149,233,0.9505
598,274,20014,576,257,339,318,0.9365
599,275,21325,582,665,153,243,0.957
600,275,3351,329,150,183,189,0.9553
601,275,20014,6,646,346,342,0.9404
602,277,3483,600,868,259,230,0.9858
603,277,19861,126,865,222,168,0.9745
604,277,30308,80,96,397,404,0.9669
605,277,36637,619,199,265,152,0.9483
606,278,3483,146,220,253,223,0.9827
607,278,19861,638,278,221,171,0.9703
608,278,30308,523,747,408,413,0.9615
609,278,36637,95,907,273,166,0.9473
610,280,3351,410,868,189,191,0.9646
611,280,16232,133,290,189,193,0.9613
612,280,3832,430,275,387,351,0.9454
613,286,3483,536,780,268,224,0.9691
614,286,30308,31,116,372,407,0.964
615,286,16262,575,187,239,228,0.9565
616,286,27777,145,777,178,205,0.9532
617,287,3483,172,276,260,216,0.9737
618,287,27777,640,293,176,195,0.9598
619,287,30308,575,704,392,422,0.9571
620,287,16262,138,836,249,242,0.9548
621,288,3483,564,815,265,218,0.9777
622,288,30308,43,132,388,419,0.9637
623,288,16262,604,193,244,231,0.9596
624,288,27777,178,815,174,200,0.9582
625,289,22362,588,744,252,407,0.968
626,289,25438,142,843,257,256,0.9656
627,289,2483,600,86,249,472,0.9536
628,289,6192,89,42,282,545,0.9395
629,291,25438,535,175,248,253,0.9651
630,291,22362,99,106,257,394,0.9594
631,291,6192,572,612,274,543,0.9449
632,291,2483,76,659,256,470,0.9407
633,292,25438,547,177,247,253,0.9651
634,292,2483,70,661,204,488,0.9547
635,292,5886,113,84,232,479,0.9536
636,292,12778,541,593,326,506,0.9408
637,295,16232,642,297,194,191,0.962
638,295,3351,413,864,190,190,0.9546
639,295,20014,126,194,335,313,0.9428
640,298,33208,157,235,206,196,0.9654
641,298,16548,160,777,242,236,0.9533
642,298,31705,573,176,247,420,0.9519
643,298,1900,685,879,211,134,0.9379
644,299,33208,611,846,214,206,0.9749
645,299,31705,139,645,251,451,0.9623
646,299,1900,88,260,199,128,0.9544
647,299,16548,560,246,234,227,0.9496
648,302,3351,310,160,184,188,0.9567
649,302,36637,569,714,236,227,0.9446
650,302,19232,95,636,282,325,0.9321
651,304,3743,131,813,334,329,0.9635
652,304,4378,596,703,233,467,0.9602
653,304,22627,103,129,312,506,0.9519
654,304,2483,622,73,195,466,0.9519
655,308,3351,290,206,184,188,0.9614
656,308,41768,563,605,277,300,0.9589
657,308,36637,118,712,191,264,0.9396
658,310,12247,617,321,176,186,0.96
659,310,3544,654,891,215,213,0.9542
660,310,4543,138,867,215,212,0.9535
661,310,16551,105,145,315,450,0.9516
662,313,20877,39,756,328,252,0.9742
663,313,3483,617,721,214,270,0.9724
664,313,34597,15,20,449,412,0.9616
665,313,29667,596,182,219,215,0.954
666,315,3483,145,288,212,258,0.9831
667,315,20877,594,257,323,247,0.9692
668,315,34597,508,782,468,424,0.9598
669,315,29667,134,859,229,226,0.9587
670,316,10221,634,200,223,215,0.9696
671,316,3544,126,235,208,201,0.9636
672,316,16548,167,791,235,229,0.9529
673,316,33009,561,811,373,208,0.926
674,317,10221,126,845,228,227,0.9702
675,317,3544,659,833,214,212,0.9589
676,317,16548,593,283,230,223,0.9542
677,317,33009,76,269,362,220,0.932
678,320,20877,87,726,331,239,0.9763
679,320,3483,622,717,212,270,0.9702
680,320,35206,632,164,216,394,0.9669
681,320,28763,135,197,210,197,0.9658
682,323,27653,672,254,218,199,0.9699
683,323,22347,655,877,215,208,0.9691
684,323,3483,133,290,275,171,0.9603
685,323,36637,150,801,195,255,0.9476
686,324,27653,95,853,222,206,0.9731
687,324,22347,131,194,205,197,0.9662
688,324,3483,590,846,281,169,0.9514
689,324,36637,643,209,189,246,0.941
690,325,3483,172,276,260,217,0.9698
691,325,31885,508,701,404,529,0.9634
692,325,27777,640,293,176,195,0.9601
693,325,16262,137,836,250,241,0.9578
694,327,3483,564,815,265,217,0.9725
695,327,27777,178,815,174,200,0.9582
696,327,16262,603,193,244,231,0.9578
697,327,31885,94,26,408,511,0.9528
698,328,27733,562,257,301,264,0.9733
699,328,31885,517,642,383,538,0.961
700,328,3483,126,306,267,204,0.9596
701,328,36637,101,882,268,178,0.9419
702,332,12420,82,823,190,186,0.9684
703,332,4543,589,168,203,198,0.9682
704,332,3544,126,143,202,197,0.9592
705,332,16551,563,538,287,488,0.9538
706,334,20877,86,726,332,240,0.9749
707,334,3483,622,717,213,271,0.9679
708,334,22347,147,224,201,195,0.9651
709,334,16232,627,221,188,183,0.9567
710,335,3483,143,292,210,257,0.9795
711,335,20877,543,293,330,238,0.9739
712,335,22347,622,840,214,207,0.9674
713,335,16232,134,847,196,191,0.962
714,336,3483,648,750,214,266,0.9718
715,336,20877,117,770,332,230,0.9691
716,336,22347,164,232,206,198,0.9678
717,336,16232,656,232,192,179,0.9595
718,337,25469,575,184,322,288,0.9737
719,337,22347,641,837,213,206,0.9685
720,337,3483,126,274,270,186,0.9568
721,337,36637,132,828,180,264,0.9441
722,338,25469,49,788,344,302,0.9705
723,338,22347,128,225,201,196,0.9654
724,338,36637,645,169,170,250,0.9568
725,338,3483,574,812,281,193,0.9541
726,339,25469,88,830,333,301,0.9729
727,339,22347,145,235,206,198,0.9714
728,339,3483,602,846,278,187,0.9638
729,339,36637,675,173,175,255,0.9448
730,340,3483,537,780,268,224,0.9749
731,340,34597,38,85,391,468,0.9702
732,340,27777,145,777,178,205,0.9558
733,340,20238,576,191,221,213,0.9558
734,341,3483,565,816,265,217,0.9767
735,341,34597,52,114,402,464,0.9688
736,341,20238,604,197,226,215,0.9615
737,341,27777,179,815,174,199,0.9577
738,344,3483,564,815,265,217,0.971
739,344,28763,155,194,212,201,0.9656
740,344,16262,603,193,244,231,0.9587
741,344,27777,178,815,174,200,0.9574
742,345,3483,536,780,269,224,0.9712
743,345,28763,138,186,208,199,0.9632
744,345,16262,575,187,239,229,0.9557
745,345,27777,145,778,178,205,0.9544
746,346,3483,565,813,265,217,0.9725
747,346,27777,180,814,174,199,0.9591
748,346,25367,140,54,341,503,0.9586
749,346,16232,643,250,188,183,0.9586
750,347,3483,537,778,269,224,0.9693
751,347,25367,125,41,331,493,0.9631
752,347,16232,615,239,183,184,0.9597
753,347,27777,146,776,178,205,0.9559
754,349,3483,565,812,265,218,0.9757
755,349,34597,5,130,439,426,0.9658
756,349,27777,180,814,174,199,0.9584
757,349,35206,614,142,223,401,0.956
758,352,5094,138,859,285,285,0.9727
759,352,22362,622,782,255,423,0.9677
760,352,19552,107,165,330,498,0.9448
761,352,2483,640,122,205,465,0.9431
762,355,5094,549,190,271,268,0.9697
763,355,12081,72,131,226,427,0.9663
764,355,23223,542,591,302,505,0.9385
765,355,2483,52,701,249,476,0.9361
766,356,5094,106,800,279,278,0.9715
767,356,12081,642,685,235,454,0.9617
768,356,23223,92,111,307,500,0.9482
769,356,2483,629,37,239,472,0.9481
770,359,3483,561,814,266,217,0.9715
771,359,29667,630,164,222,215,0.96
772,359,27777,177,812,175,199,0.9548
773,359,31885,79,45,369,531,0.9516
774,361,16262,643,287,244,235,0.9643
775,361,3351,430,882,190,190,0.9606
776,361,18147,211,167,211,417,0.9507
777,364,35206,100,255,352,322,0.9642
778,364,32310,587,166,244,345,0.9562
779,364,3351,406,854,192,194,0.9526
780,372,3483,604,845,278,188,0.9652
781,372,25469,51,857,372,218,0.9595
782,372,16262,574,195,245,231,0.9579
783,372,34597,15,143,450,412,0.9575
784,374,20877,71,798,327,244,0.9701
785,374,3483,644,754,216,266,0.9608
786,374,25367,100,33,409,468,0.9606
787,374,29667,624,187,224,215,0.9573
788,379,31863,137,314,208,207,0.9749
789,379,3351,466,859,189,191,0.9605
790,379,16688,455,164,495,463,0.937
791,380,31863,599,715,208,215,0.9773
792,380,3351,285,180,186,190,0.9464
793,380,16688,0,553,499,521,0.8953
794,382,3743,75,813,332,328,0.9687
795,382,5886,615,695,233,515,0.9618
796,382,2483,598,114,287,443,0.9411
797,382,12778,100,127,374,460,0.9385
798,384,5886,602,696,239,495,0.9699
799,384,3743,74,801,326,319,0.9669
800,384,2483,607,79,280,456,0.9534
801,384,12778,92,92,382,458,0.9452
802,387,27653,671,255,218,200,0.9697
803,387,3483,133,291,275,172,0.9623
804,387,31885,500,655,416,513,0.9609
805,387,20238,135,869,231,227,0.9526
806,389,3483,621,718,213,270,0.9781
807,389,20877,86,725,332,242,0.9762
808,389,34597,27,126,442,423,0.9641
809,389,16262,601,186,238,230,0.9583
810,390,20877,118,769,332,231,0.9729
811,390,3483,648,750,212,266,0.9703
812,390,34597,42,157,451,417,0.9619
813,390,16262,630,192,243,232,0.9562
814,392,33208,657,900,219,211,0.9777
815,392,1900,188,274,202,138,0.9606
816,392,21026,687,275,175,173,0.9528
817,392,16551,111,701,296,500,0.9516
818,393,33208,110,160,206,197,0.9792
819,393,16551,558,48,276,467,0.9532
820,393,21026,91,832,181,181,0.951
821,393,1900,582,867,211,144,0.9455
822,394,28763,605,856,222,214,0.9682
823,394,25469,575,230,369,221,0.965
824,394,3483,126,274,270,188,0.9616
825,394,20238,139,850,232,226,0.9537
826,395,28763,172,209,215,202,0.9652
827,395,3483,603,846,278,188,0.9635
828,395,25469,52,858,371,217,0.963
829,395,20238,619,196,225,216,0.9593
830,396,25469,17,812,376,223,0.9699
831,396,28763,153,201,210,198,0.9663
832,396,3483,575,811,282,194,0.9618
833,396,20238,590,192,221,212,0.9535
834,400,33208,615,772,213,204,0.9772
835,400,16548,604,125,229,224,0.9544
836,400,1900,134,247,195,154,0.9454
837,400,33009,14,777,365,238,0.9364
838,401,33208,151,295,208,196,0.9686
839,401,16548,111,899,243,239,0.9611
840,401,33009,584,242,357,237,0.9392
841,401,1900,641,857,208,168,0.9372
842,404,35206,435,700,419,232,0.966
843,404,18147,16,588,287,420,0.9538
844,404,3351,357,145,186,190,0.952
845,409,1900,136,244,189,165,0.9484
846,409,16551,6,727,466,320,0.9483
847,409,10224,540,128,376,283,0.9465
848,409,33009,517,793,383,210,0.9422
849,411,16551,500,198,451,310,0.9521
850,411,1900,645,852,203,178,0.9426
851,411,10224,30,828,390,302,0.9361
852,411,33009,87,255,368,214,0.9348
853,412,5094,106,810,285,287,0.9668
854,412,12081,651,692,243,469,0.964
855,412,2483,622,74,230,460,0.9516
856,412,19552,112,184,311,505,0.9499
857,413,5094,105,800,278,277,0.9738
858,413,12081,641,686,235,454,0.9664
859,413,2483,628,39,241,471,0.9539
860,413,19552,111,162,310,495,0.9497
861,414,5094,547,190,272,268,0.9738
862,414,12081,71,131,226,427,0.9648
863,414,19552,518,551,308,496,0.9505
864,414,2483,50,702,254,474,0.9308
865,415,3483,599,868,260,229,0.9833
866,415,19861,126,865,222,168,0.9753
867,415,16262,639,178,242,230,0.9552
868,415,31885,97,89,322,547,0.9487
869,416,3483,572,834,263,234,0.9857
870,416,19861,92,826,227,176,0.9767
871,416,31885,78,69,315,539,0.9547
872,416,16262,610,173,238,229,0.9533
873,417,3483,146,220,252,223,0.9828
874,417,19861,638,278,221,171,0.9705
875,417,31885,573,610,328,559,0.9633
876,417,16262,100,852,249,241,0.9571
877,419,27733,565,261,302,266,0.9731
878,419,25367,541,737,430,440,0.9641
879,419,3483,127,306,267,205,0.9636
880,419,20238,112,855,233,227,0.9569
881,420,27733,86,721,329,284,0.968
882,420,3483,580,758,275,212,0.9608
883,420,25367,6,74,426,417,0.9589
884,420,20238,615,187,219,213,0.9579
885,422,3483,148,219,252,222,0.9824
886,422,19861,640,278,220,171,0.9711
887,422,34597,561,694,351,519,0.9677
888,422,36637,95,906,273,166,0.9468
889,423,3483,571,835,263,236,0.9836
890,423,19861,90,826,226,176,0.975
891,423,34597,82,15,332,496,0.9707
892,423,36637,589,196,261,154,0.9555
893,429,27733,131,775,313,278,0.9666
894,429,3483,609,791,273,206,0.962
895,429,29667,668,181,225,213,0.9582
896,429,34597,73,155,485,352,0.956
897,430,33878,616,793,170,219,0.969
898,430,4543,611,154,203,200,0.9636
899,430,3544,183,200,202,198,0.9605
900,430,16551,67,611,409,407,0.9546
901,431,33878,644,830,167,214,0.9662
902,431,3544,200,208,207,200,0.9639
903,431,4543,640,155,208,203,0.9617
904,431,16551,102,663,403,397,0.9506
905,432,33878,193,254,164,218,0.965
906,432,3544,584,859,214,212,0.964
907,432,4543,133,904,215,213,0.9604
908,432,16551,494,226,393,387,0.9585
909,433,3483,580,759,274,211,0.9702
910,433,30308,94,106,352,423,0.9684
911,433,27733,86,721,328,283,0.9654
912,433,16232,621,178,186,183,0.9607
913,434,27733,566,261,301,265,0.9738
914,434,3483,127,307,266,204,0.9699
915,434,16232,141,892,198,194,0.9598
916,434,30308,533,694,370,444,0.9539
917,435,27733,124,768,315,276,0.9693
918,435,3483,608,792,273,206,0.9659
919,435,30308,107,119,368,439,0.9602
920,435,16232,648,185,192,179,0.9564
921,436,3483,603,845,278,187,0.9691
922,436,25469,53,857,372,218,0.963
923,436,20238,619,196,224,217,0.9598
924,436,31885,43,136,447,482,0.9556
925,443,25438,567,187,247,254,0.964
926,443,2483,82,673,248,472,0.9544
927,443,4378,78,101,223,439,0.953
928,443,22627,531,684,346,477,0.9477
929,444,25438,111,842,260,266,0.9688
930,444,22627,76,62,336,494,0.9615
931,444,4378,655,705,216,472,0.9589
932,444,2483,596,106,257,456,0.9426
933,449,34597,47,130,382,478,0.9698
934,449,27653,95,852,222,206,0.9697
935,449,16262,623,182,243,232,0.9586
936,449,3483,591,845,281,169,0.9533
937,452,29451,512,243,408,224,0.9689
938,452,1900,645,846,186,189,0.9555
939,452,16551,138,636,312,488,0.9506
940,452,44199,176,233,199,262,0.9502
941,454,5094,560,196,273,266,0.9724
942,454,5886,124,85,235,476,0.9555
943,454,2483,103,702,229,486,0.9485
944,454,6192,496,589,298,526,0.9409
945,455,5094,92,794,281,276,0.9721
946,455,5886,584,681,233,491,0.9657
947,455,2483,602,26,218,481,0.9521
948,455,6192,141,89,303,521,0.9375
949,456,5094,94,807,284,284,0.9696
950,456,5886,591,683,243,505,0.9666
951,456,2483,595,64,212,473,0.9438
952,456,6192,141,104,300,541,0.9325
953,457,5094,132,834,281,275,0.9734
954,457,13395,633,673,232,500,0.9641
955,457,2483,638,67,219,482,0.951
956,457,6192,108,151,285,540,0.9365
957,458,5094,134,844,286,285,0.9707
958,458,13395,640,674,246,518,0.9704
959,458,2483,625,106,229,461,0.9481
960,458,6192,110,168,285,552,0.9278
961,459,5094,523,162,272,266,0.9757
962,459,13395,79,86,236,483,0.9669
963,459,2483,81,660,217,488,0.9615
964,459,6192,550,515,275,533,0.9405
965,460,3743,493,129,313,300,0.966
966,460,22362,82,118,261,391,0.9601
967,460,2483,94,660,203,491,0.9595
968,460,23223,509,581,294,512,0.9466
969,462,3743,123,836,331,335,0.974
970,462,22362,610,736,272,419,0.9647
971,462,2483,629,103,204,467,0.9439
972,462,23223,133,143,298,512,0.9434
973,463,27653,670,254,219,199,0.9718
974,463,28763,623,874,222,213,0.9683
975,463,3483,132,291,275,171,0.9676
976,463,20238,133,869,232,227,0.9558
977,464,27653,63,812,225,210,0.9741
978,464,28763,137,185,209,199,0.9671
979,464,3483,564,810,284,176,0.9603
980,464,20238,595,174,219,212,0.9508
981,465,27653,97,854,223,206,0.9748
982,465,28763,155,194,213,200,0.9687
983,465,20238,623,177,226,216,0.9589
984,465,3483,591,845,281,169,0.954
985,468,25438,155,872,262,268,0.9678
986,468,22362,604,748,268,419,0.966
987,468,2483,602,118,204,466,0.9518
988,468,23223,107,110,312,510,0.9424
989,469,27733,124,769,315,276,0.9709
990,469,28763,150,221,213,201,0.969
991,469,3483,609,792,272,206,0.9648
992,469,35206,602,127,256,390,0.961
993,472,33878,629,849,227,138,0.9694
994,472,6563,190,709,215,359,0.9635
995,472,3544,150,191,207,201,0.9608
996,472,16548,628,148,235,226,0.9526
997,474,33878,145,305,227,149,0.9677
998,474,6563,591,236,211,340,0.9655
999,474,3544,636,876,214,213,0.9595
1000,474,16548,117,881,242,239,0.9533
1001,475,25438,124,824,260,267,0.965
1002,475,13395,602,711,232,521,0.9594
1003,475,19552,86,122,320,513,0.9438
1004,475,2483,595,85,210,465,0.9369
1005,477,13395,589,710,237,499,0.9658
1006,477,25438,122,811,256,257,0.9657
1007,477,2483,602,46,214,483,0.9486
1008,477,19552,85,107,317,493,0.9446
1009,479,3483,536,778,269,224,0.9666
1010,479,25367,66,82,374,472,0.9602
1011,479,27777,145,777,178,205,0.9556
1012,479,36637,636,176,181,246,0.944
1013,481,5094,134,844,286,285,0.9698
1014,481,13395,640,674,245,519,0.9697
1015,481,22627,77,95,308,511,0.9579
1016,481,2483,626,107,228,461,0.9489
1017,482,5094,523,163,272,266,0.9761
1018,482,13395,79,86,236,483,0.9653
1019,482,2483,81,660,216,488,0.9616
1020,482,22627,557,633,309,493,0.9589
1021,484,32310,25,327,294,325,0.963
1022,484,3351,421,894,190,192,0.9543
1023,484,16688,482,123,418,530,0.9331
1024,485,32310,627,534,290,340,0.9662
1025,485,3351,329,147,185,189,0.954
1026,485,16688,39,524,431,585,0.9281
1027,485,16235,784,1154,192,126,0.5418
1028,486,32310,666,634,291,342,0.9656
1029,486,3351,370,205,186,183,0.9562
1030,486,16688,77,625,429,581,0.935
1031,487,27733,123,768,315,276,0.9706
1032,487,3483,608,792,272,206,0.9669
1033,487,16232,649,186,192,179,0.9586
1034,487,31885,97,49,414,510,0.9579
1035,493,19607,683,901,166,161,0.9646
1036,493,16548,124,886,242,238,0.958
1037,493,21026,687,275,175,173,0.9561
1038,493,1900,187,291,198,156,0.9325
1039,494,19607,136,213,153,151,0.9689
1040,494,16548,591,139,231,224,0.9582
1041,494,21026,91,832,181,180,0.9531
1042,494,1900,587,827,206,164,0.9287
1043,496,3351,395,872,188,190,0.9636
1044,496,36637,165,294,188,247,0.9552
1045,496,3832,499,179,373,364,0.9441
1046,497,3351,355,160,181,184,0.9582
1047,497,36637,586,670,195,257,0.9513
1048,497,3832,51,653,385,378,0.9403
1049,499,25469,575,231,369,221,0.9627
1050,499,16262,168,835,250,242,0.9611
1051,499,3483,126,275,271,188,0.9606
1052,499,25367,528,729,431,458,0.9595
1053,500,25469,16,811,378,223,0.968
1054,500,3483,575,811,281,194,0.9627
1055,500,25367,34,62,414,438,0.9588
1056,500,16262,547,188,239,229,0.9578
1057,501,3483,603,845,278,188,0.9646
1058,501,25469,51,858,372,218,0.9608
1059,501,25367,46,77,428,444,0.9603
1060,501,16262,574,195,245,232,0.959
1061,502,25469,575,231,370,220,0.9649
1062,502,30308,550,731,413,408,0.9605
1063,502,3483,126,275,270,188,0.9587
1064,502,20238,139,851,232,225,0.9532
1065,503,25469,17,811,376,223,0.9695
1066,503,3483,575,811,282,193,0.9657
1067,503,30308,40,104,386,394,0.9655
1068,503,20238,589,193,220,212,0.9539
1069,506,31863,82,699,208,212,0.9836
1070,506,38162,534,633,197,302,0.9591
1071,506,3351,352,140,183,188,0.9567
1072,507,31863,124,785,205,205,0.9784
1073,507,3351,394,197,185,184,0.9622
1074,507,38162,575,730,193,293,0.9593
1075,508,22074,168,262,186,189,0.9648
1076,508,3351,419,871,190,191,0.964
1077,508,18147,537,239,343,355,0.9533
1078,509,22074,590,779,187,193,0.9639
1079,509,3351,329,168,185,189,0.9578
1080,509,18147,47,607,349,379,0.9547
1081,511,3483,148,219,252,223,0.9784
1082,511,19861,639,278,221,171,0.9701
1083,511,25367,573,746,391,492,0.9629
1084,511,36637,96,907,273,166,0.9457
1085,515,3483,565,812,265,217,0.9723
1086,515,30308,92,187,425,366,0.9639
1087,515,35206,613,142,225,401,0.9567
1088,515,27777,179,813,174,200,0.9567
1089,516,3483,171,278,260,216,0.9731
1090,516,27777,638,294,175,195,0.9593
1091,516,35206,139,706,243,412,0.9584
1092,516,30308,482,701,435,372,0.9559
1093,517,27653,95,853,222,206,0.9708
1094,517,31885,26,16,383,523,0.962
1095,517,36637,643,210,189,246,0.9384
1096,517,3483,591,846,281,169,0.9372
1097,518,27653,61,812,225,210,0.9736
1098,518,31885,18,1,365,519,0.9561
1099,518,36637,613,202,186,243,0.9529
1100,518,3483,563,811,284,175,0.9395
1101,519,27653,672,255,219,199,0.9696
1102,519,31885,598,698,377,542,0.9659
1103,519,3483,134,291,274,171,0.963
1104,519,36637,150,802,196,256,0.9483
1105,520,3483,173,277,261,217,0.9683
1106,520,28763,614,906,223,214,0.9682
1107,520,29667,127,880,230,228,0.9616
1108,520,27777,640,295,176,195,0.9606
1109,521,28763,147,155,208,198,0.9678
1110,521,3483,534,778,269,224,0.9663
1111,521,29667,602,161,218,214,0.965
1112,521,27777,144,776,178,205,0.9526
1113,522,3483,562,814,265,218,0.9711
1114,522,28763,163,161,213,201,0.9642
1115,522,29667,630,164,223,216,0.9622
1116,522,27777,177,813,175,199,0.9534
1117,525,27733,565,261,302,265,0.9733
1118,525,3483,126,306,267,205,0.9723
1119,525,28763,634,864,224,214,0.9686
1120,525,16232,140,892,199,194,0.9619
1121,526,3483,146,220,253,223,0.9841
1122,526,19861,637,278,222,171,0.97
1123,526,30308,552,709,313,471,0.9607
1124,526,16262,100,852,249,241,0.958
1125,527,3483,600,868,258,229,0.9854
1126,527,19861,126,865,222,168,0.9753
1127,527,30308,142,75,307,464,0.9674
1128,527,16262,640,178,242,230,0.9573
1129,528,3483,573,835,263,234,0.9857
1130,528,19861,92,826,227,176,0.9758
1131,528,30308,128,63,295,449,0.9667
1132,528,16262,611,173,238,230,0.9522
1133,529,22347,107,241,206,198,0.9671
1134,529,3483,602,845,278,188,0.9643
1135,529,25469,52,858,372,218,0.9636
1136,529,20238,619,196,225,216,0.9579
1137,530,22347,681,832,213,207,0.9679
1138,530,25469,574,230,370,220,0.9644
1139,530,3483,125,274,270,188,0.9578
1140,530,20238,139,850,232,226,0.9535
1141,531,25469,16,812,378,222,0.9686
1142,531,22347,90,230,202,195,0.966
1143,531,3483,575,811,282,194,0.9613
1144,531,20238,590,192,221,212,0.9535
1145,532,3743,76,813,332,329,0.9721
1146,532,5886,615,695,234,515,0.9598
1147,532,19552,119,102,381,443,0.9443
1148,532,2483,598,113,289,444,0.943
1149,533,3743,74,801,326,320,0.9718
1150,533,5886,602,696,240,495,0.9662
1151,533,2483,608,79,281,455,0.9538
1152,533,19552,116,75,383,431,0.9446
1153,534,3743,535,152,319,303,0.9716
1154,534,5886,99,70,242,477,0.9615
1155,534,2483,51,680,283,460,0.9498
1156,534,19552,447,698,394,434,0.9432
1157,535,25469,90,830,333,300,0.9746
1158,535,3483,603,847,278,186,0.9592
1159,535,31885,82,142,412,508,0.9552
1160,535,36637,674,173,174,254,0.9446
1161,536,25469,50,787,344,302,0.9735
1162,536,3483,574,812,281,193,0.9585
1163,536,36637,644,169,170,251,0.955
1164,536,31885,67,115,400,506,0.9527
1165,537,25469,576,184,325,287,0.971
1166,537,31885,514,596,406,521,0.9629
1167,537,3483,126,274,270,188,0.9547
1168,537,36637,132,828,181,265,0.9446
1169,539,38162,594,709,199,305,0.9643
1170,539,3351,321,133,185,189,0.9532
1171,539,20014,14,668,346,343,0.9428
1172,540,38162,633,806,193,296,0.9649
1173,540,20014,55,754,344,337,0.9547
1174,540,3351,364,189,185,183,0.9543
1175,541,3483,146,220,252,222,0.98
1176,541,19861,638,278,221,171,0.9699
1177,541,16232,144,899,196,193,0.9628
1178,541,31885,588,646,327,560,0.9577
1179,542,3483,573,834,262,235,0.9838
1180,542,19861,92,826,226,176,0.9767
1181,542,16232,618,173,184,180,0.9618
1182,542,31885,68,31,316,538,0.9537
1183,543,3483,599,868,259,229,0.9821
1184,543,19861,127,865,221,168,0.9762
1185,543,16232,646,175,189,186,0.9585
1186,543,31885,86,48,321,548,0.9524
1187,545,3483,174,277,260,216,0.9707
1188,545,22347,663,863,215,208,0.9681
1189,545,27777,640,295,176,195,0.9616
1190,545,29667,127,880,231,228,0.9602
1191,546,22347,107,202,201,194,0.97
1192,546,29667,602,162,217,214,0.9636
1193,546,3483,533,779,270,224,0.9622
1194,546,27777,143,775,179,205,0.9527
1195,547,20877,117,770,331,231,0.9708
1196,547,22347,121,242,206,198,0.9672
1197,547,3483,647,751,214,266,0.9665
1198,547,36637,632,210,185,250,0.9483
1199,548,3483,143,290,210,258,0.9789
1200,548,20877,544,293,329,239,0.9737
1201,548,22347,665,830,212,207,0.9635
1202,548,36637,166,796,190,258,0.9456
1203,551,27653,670,255,219,199,0.9702
1204,551,3483,133,292,274,171,0.9694
1205,551,30308,546,687,387,428,0.9586
1206,551,20238,134,870,231,226,0.9568
1207,552,27653,97,853,223,206,0.9729
1208,552,30308,78,145,382,423,0.9661
1209,552,20238,623,178,225,215,0.954
1210,552,3483,591,845,281,169,0.9535
1211,553,25469,16,811,377,223,0.9684
1212,553,34597,13,72,417,449,0.9645
1213,553,16232,602,213,185,182,0.9632
1214,553,3483,575,811,282,193,0.9622
1215,555,34597,24,101,429,443,0.9669
1216,555,3483,603,845,278,187,0.9609
1217,555,25469,52,857,373,218,0.96
1218,555,16232,631,220,189,187,0.9592
1219,560,3483,600,868,258,229,0.9867
1220,560,19861,126,865,222,168,0.9749
1221,560,30308,116,76,272,475,0.9685
1222,560,35206,584,99,286,375,0.9557
1223,564,21771,161,807,188,185,0.9564
1224,564,16551,592,106,293,477,0.9523
1225,564,33009,548,836,377,200,0.9346
1226,564,1900,150,255,198,163,0.9262
1227,565,12081,652,692,243,469,0.9655
1228,565,5094,108,811,284,286,0.9645
1229,565,2483,622,73,232,461,0.9517
1230,565,12778,31,164,401,430,0.94
1231,569,3743,494,167,314,298,0.9694
1232,569,12081,110,114,226,425,0.9688
1233,569,12778,536,576,294,519,0.941
1234,569,2483,89,666,252,471,0.9394
1235,571,24850,120,137,183,283,0.9643
1236,571,21026,91,831,181,180,0.9561
1237,571,16551,538,53,305,456,0.9531
1238,571,1900,581,867,210,143,0.9466
1239,572,24850,673,829,188,300,0.9641
1240,572,1900,189,274,202,138,0.9612
1241,572,21026,687,275,175,173,0.9516
1242,572,16551,99,710,331,483,0.951
1243,573,24850,138,142,185,291,0.9685
1244,573,16551,566,61,314,468,0.9579
1245,573,21026,125,865,178,176,0.9507
1246,573,1900,609,901,205,136,0.9402
1247,574,3743,117,826,322,323,0.9694
1248,574,22627,92,176,314,484,0.9609
1249,574,13395,630,673,230,502,0.9603
1250,574,2483,672,81,206,485,0.9575
1251,575,3743,498,127,313,302,0.9644
1252,575,13395,83,86,234,484,0.9635
1253,575,2483,59,646,203,489,0.9535
1254,575,22627,535,547,312,485,0.9507
1255,576,3743,118,839,330,332,0.9679
1256,576,13395,638,673,242,520,0.9636
1257,576,22627,94,190,313,501,0.9545
1258,576,2483,661,117,213,467,0.9427
1259,577,19607,140,787,159,157,0.9676
1260,577,16551,537,71,352,422,0.9545
1261,577,33009,519,792,380,210,0.942
1262,577,1900,134,248,196,155,0.9416
1263,578,19607,663,333,156,150,0.9661
1264,578,16551,50,725,383,450,0.9537
1265,578,1900,642,858,207,168,0.9374
1266,578,33009,86,255,368,211,0.9364
1267,579,19607,173,823,157,153,0.9615
1268,579,16551,566,80,361,434,0.9536
1269,579,33009,548,836,375,200,0.9316
1270,579,1900,149,257,202,156,0.9259
1271,581,24850,645,206,180,276,0.9531
1272,581,16548,103,905,244,240,0.9507
1273,581,1900,644,853,205,174,0.9482
1274,581,33009,87,254,367,211,0.9329
1275,583,5094,549,186,273,268,0.9735
1276,583,5886,112,85,236,476,0.9528
1277,583,2483,70,691,253,471,0.9521
1278,583,19552,470,635,332,487,0.9484
1279,584,5094,110,817,285,284,0.9694
1280,584,5886,604,685,246,506,0.9635
1281,584,19552,143,99,331,500,0.9453
1282,584,2483,604,90,264,454,0.9397
1283,586,25469,50,787,342,303,0.974
1284,586,28763,146,199,209,196,0.9676
1285,586,3483,574,812,281,194,0.9625
1286,586,36637,645,169,170,250,0.9574
1287,587,25469,575,183,321,289,0.9747
1288,587,28763,614,859,222,214,0.9705
1289,587,3483,126,273,269,188,0.9612
1290,587,36637,132,828,179,263,0.9427
1291,588,25469,91,830,330,302,0.976
1292,588,28763,164,207,213,202,0.969
1293,588,3483,602,846,279,187,0.9595
1294,588,36637,675,173,174,254,0.9442
1295,589,3483,600,868,259,229,0.9851
1296,589,19861,126,865,221,168,0.9756
1297,589,25367,27,111,349,500,0.9624
1298,589,16262,640,178,242,230,0.9539
1299,591,3483,146,220,252,223,0.9836
1300,591,19861,637,277,222,171,0.9711
1301,591,25367,628,644,346,511,0.9623
1302,591,16262,100,852,250,241,0.956
1303,592,3483,146,219,253,222,0.9833
1304,592,19861,640,278,221,171,0.9721
1305,592,28763,649,901,223,214,0.9711
1306,592,29667,120,844,228,226,0.9658
1307,593,3483,571,836,262,235,0.9866
1308,593,19861,90,826,227,176,0.9745
1309,593,28763,113,160,210,197,0.9675
1310,593,29667,611,194,217,214,0.9634
1311,594,3483,598,869,258,229,0.9854
1312,594,19861,125,865,221,168,0.9746
1313,594,28763,130,164,211,202,0.9688
1314,594,29667,639,200,223,215,0.9645
1315,595,3351,397,866,192,193,0.9639
1316,595,16232,651,290,191,189,0.9617
1317,595,32310,112,216,248,344,0.954
1318,596,16232,79,734,199,197,0.9587
1319,596,3351,351,162,180,185,0.9573
1320,596,32310,581,617,261,372,0.9475
1321,598,33880,549,191,307,422,0.9716
1322,598,3351,403,874,190,191,0.9591
1323,598,36637,173,334,183,251,0.9503
1324,600,33880,115,683,312,434,0.9678
1325,600,36637,624,722,183,257,0.9556
1326,600,3351,387,227,184,181,0.952
1327,601,27733,566,261,301,265,0.9727
1328,601,3483,127,307,266,205,0.972
1329,601,16262,153,805,248,240,0.9626
1330,601,31885,500,636,453,483,0.9617
1331,602,27733,86,721,328,283,0.9663
1332,602,3483,580,759,274,211,0.9627
1333,602,16262,563,217,238,230,0.961
1334,602,31885,39,110,443,472,0.9608
1335,603,27733,123,768,315,276,0.971
1336,603,3483,608,792,273,206,0.9648
1337,603,31885,52,138,461,470,0.9627
1338,603,16262,590,227,244,231,0.9581
1339,605,27653,96,854,222,206,0.9759
1340,605,28763,146,250,213,201,0.9709
1341,605,3483,591,845,280,169,0.9474
1342,605,36637,643,208,189,246,0.939
1343,608,33880,49,605,318,446,0.9747
1344,608,29667,589,723,232,233,0.9679
1345,608,3351,339,191,186,189,0.9543
1346,610,27653,61,811,225,211,0.9751
1347,610,34597,0,105,394,448,0.9672
1348,610,16232,620,221,187,182,0.9563
1349,610,3483,562,811,285,176,0.9522
1350,611,3483,134,291,274,171,0.9682
1351,611,27653,672,255,219,200,0.9676
1352,611,34597,581,657,395,456,0.9658
1353,611,16232,142,846,197,192,0.9593
1354,612,27653,95,852,222,207,0.9704
1355,612,34597,2,138,416,439,0.9676
1356,612,16232,648,231,192,182,0.9624
1357,612,3483,590,845,281,169,0.9528
1358,614,22074,635,727,185,193,0.9554
1359,614,3351,347,154,184,187,0.9435
1360,614,19232,165,652,242,358,0.94
1361,615,22074,674,821,184,186,0.9605
1362,615,3351,389,213,185,182,0.9507
1363,615,19232,209,755,237,354,0.9407
1364,616,3483,145,220,253,222,0.981
1365,616,28763,629,887,222,214,0.9709
1366,616,19861,638,277,220,171,0.9703
1367,616,16232,144,899,196,193,0.9641
1368,617,3483,600,868,258,230,0.9835
1369,617,19861,127,865,221,168,0.9758
1370,617,28763,148,178,214,201,0.97
1371,617,16232,646,175,190,185,0.9594
1372,618,3483,573,834,262,234,0.9872
1373,618,19861,91,827,226,176,0.9767
1374,618,28763,131,172,209,197,0.9679
1375,618,16232,617,172,185,180,0.9624
1376,620,5094,520,151,271,265,0.9758
1377,620,22362,80,76,255,393,0.9626
1378,620,2483,83,641,202,490,0.955
1379,620,23223,548,636,296,516,0.945
1380,621,5094,135,848,278,273,0.9752
1381,621,22362,609,779,253,408,0.9656
1382,621,2483,651,83,199,488,0.9595
1383,621,23223,88,57,303,503,0.9508
1384,622,41768,130,295,261,294,0.972
1385,622,22074,611,291,188,189,0.9581
1386,622,3351,397,891,190,191,0.9577
1387,623,22074,127,746,187,196,0.9667
1388,623,41768,558,631,268,309,0.9647
1389,623,3351,351,148,185,190,0.9525
1390,624,22074,170,839,184,185,0.9641
1391,624,41768,598,720,264,311,0.9635
1392,624,3351,394,209,186,184,0.9506
1393,625,3483,127,307,267,204,0.975
1394,625,27733,565,261,301,265,0.9742
1395,625,16262,153,805,248,240,0.9615
1396,625,30308,503,698,419,399,0.9562
1397,627,3483,580,758,274,212,0.9694
1398,627,30308,74,147,396,379,0.967
1399,627,27733,87,722,326,282,0.9653
1400,627,16262,563,217,238,229,0.9597
1401,628,27733,565,260,302,266,0.9738
1402,628,22347,677,851,213,209,0.9722
1403,628,3483,127,306,266,204,0.9692
1404,628,16232,140,892,199,194,0.9617
1405,632,25438,550,180,248,254,0.9668
1406,632,5886,116,87,234,476,0.9561
1407,632,2483,64,664,211,486,0.9548
1408,632,23223,502,605,299,508,0.9486
1409,633,5886,599,681,245,505,0.966
1410,633,25438,130,848,260,268,0.9658
1411,633,2483,653,102,201,465,0.9483
1412,633,23223,137,123,299,509,0.9459
1413,635,33878,617,793,169,219,0.9668
1414,635,4543,612,154,203,200,0.9642
1415,635,3544,182,200,203,197,0.9608
1416,635,16548,70,753,239,233,0.947
1417,636,33878,194,253,162,216,0.9674
1418,636,3544,584,859,214,212,0.9645
1419,636,4543,133,904,214,212,0.9613
1420,636,16548,653,279,232,224,0.9534
1421,637,3743,76,813,332,329,0.9727
1422,637,5886,615,695,233,515,0.9651
1423,637,2483,599,116,288,442,0.9466
1424,637,6192,57,192,470,349,0.9412
1425,638,3743,75,801,326,320,0.9722
1426,638,5886,602,696,241,495,0.967
1427,638,2483,608,79,281,456,0.9545
1428,638,6192,49,158,481,348,0.9494
1429,640,3351,405,918,192,192,0.9598
1430,640,3832,483,285,398,340,0.951
1431,640,20238,95,300,227,221,0.94
1432,641,3351,342,125,184,186,0.9591
1433,641,3832,41,578,402,349,0.9468
1434,641,20238,619,709,230,230,0.9436
1435,644,3743,487,123,312,301,0.9672
1436,644,13395,71,89,239,481,0.9627
1437,644,2483,57,651,211,488,0.9573
1438,644,6192,506,607,272,540,0.9459
1439,646,3483,172,278,260,216,0.9769
1440,646,34597,402,631,458,431,0.9622
1441,646,27777,639,294,175,195,0.9598
1442,646,36637,130,828,195,257,0.9372
1443,647,3483,564,813,266,218,0.9752
1444,647,34597,143,191,455,413,0.9609
1445,647,27777,179,814,175,200,0.9568
1446,647,36637,664,181,187,249,0.9506
1447,648,3483,536,778,269,224,0.971
1448,648,34597,124,157,444,422,0.9588
1449,648,27777,146,776,178,205,0.9547
1450,648,36637,635,176,182,247,0.9448
1451,650,3351,370,177,180,185,0.957
1452,650,32310,0,706,309,313,0.9529
1453,650,36637,560,823,274,169,0.9526
1454,652,24850,116,843,302,169,0.9739
1455,652,31705,598,696,254,454,0.9532
1456,652,16551,562,66,288,463,0.9506
1457,652,1900,124,259,199,149,0.9448
1458,653,24850,547,267,294,162,0.9657
1459,653,1900,646,858,210,155,0.9653
1460,653,16551,93,690,310,490,0.9564
1461,653,31705,132,128,245,422,0.9516
1462,654,24850,150,881,297,162,0.9687
1463,654,31705,625,733,252,446,0.9661
1464,654,16551,590,74,296,475,0.9543
1465,654,1900,141,268,203,148,0.9452
1466,656,33878,629,849,228,138,0.9671
1467,656,6563,190,709,216,359,0.9636
1468,656,3544,150,191,207,201,0.9606
1469,656,16551,538,181,413,385,0.9559
1470,658,29451,497,819,399,269,0.9638
1471,658,16551,631,9,284,487,0.9511
1472,658,18110,77,791,307,288,0.9503
1473,658,1900,168,248,182,179,0.9176
1474,659,29451,466,782,405,275,0.9644
1475,659,16551,602,9,277,467,0.9515
1476,659,18110,43,747,310,299,0.9468
1477,659,1900,148,240,181,179,0.9455
1478,660,29451,114,213,391,266,0.9649
1479,660,16551,62,742,298,505,0.9518
1480,660,1900,645,847,186,187,0.9517
1481,660,18110,609,225,301,288,0.9391
1482,661,31863,179,304,205,206,0.9769
1483,661,16232,686,293,191,190,0.9653
1484,661,3351,377,879,191,190,0.9525
1485,662,31863,557,726,208,211,0.9817
1486,662,16232,43,746,195,191,0.9629
1487,662,3351,370,161,183,189,0.956
1488,664,3483,142,292,210,257,0.9797
1489,664,20877,542,293,330,238,0.9756
1490,664,28763,630,875,222,212,0.9663
1491,664,36637,166,797,189,258,0.948
1492,665,20877,86,726,332,239,0.9754
1493,665,3483,622,717,213,270,0.969
1494,665,28763,130,185,209,199,0.965
1495,665,36637,604,202,180,247,0.9584
1496,667,12081,645,699,243,452,0.9697
1497,667,25438,121,821,256,256,0.9656
1498,667,22627,22,142,475,282,0.9589
1499,667,2483,569,118,304,447,0.9521
1500,668,12081,64,120,230,425,0.9695
1501,668,25438,556,196,247,253,0.9676
1502,668,22627,435,775,485,300,0.9615
1503,668,2483,61,651,308,449,0.9553
1504,670,25469,574,183,321,289,0.9727
1505,670,22347,682,849,214,207,0.9706
1506,670,35206,136,728,243,411,0.9628
1507,670,3483,125,274,270,188,0.9596
1508,672,25469,90,830,331,302,0.9714
1509,672,22347,106,224,205,198,0.9675
1510,672,35206,614,120,232,400,0.9662
1511,672,3483,602,846,279,187,0.9568
1512,674,44199,138,294,282,147,0.9634
1513,674,27926,600,159,255,455,0.9506
1514,674,16548,153,889,241,241,0.9504
1515,674,1900,633,895,209,135,0.936
1516,675,44199,550,835,293,147,0.9649
1517,675,16548,566,135,230,225,0.9528
1518,675,27926,94,614,270,484,0.95
1519,675,1900,140,240,199,129,0.9238
1520,677,18110,15,694,309,297,0.9484
1521,677,16551,614,13,302,454,0.9483
1522,677,1900,141,240,198,129,0.9394
1523,677,27926,567,627,261,488,0.9372
1524,679,5094,105,812,287,284,0.9638
1525,679,4378,599,701,223,471,0.9581
1526,679,22627,132,155,340,479,0.9518
1527,679,2483,610,93,215,464,0.9431
1528,680,5094,551,191,272,268,0.9693
1529,680,22627,470,605,346,471,0.9535
1530,680,4378,137,106,215,442,0.9527
1531,680,2483,85,677,233,480,0.95
1532,681,5094,104,800,280,275,0.9718
1533,681,4378,592,696,213,459,0.9609
1534,681,22627,127,131,345,469,0.9489
1535,681,2483,615,55,224,479,0.9472
1536,684,16551,528,88,365,432,0.9574
1537,684,1900,181,268,128,198,0.95
1538,684,29345,576,716,327,425,0.9487
1539,684,18110,79,766,306,287,0.9459
1540,685,12081,644,700,240,452,0.9687
1541,685,25438,117,819,257,256,0.9645
1542,685,2483,577,118,298,449,0.9544
1543,685,6192,89,0,304,536,0.9358
1544,688,3483,581,758,274,212,0.969
1545,688,27733,86,721,328,282,0.9671
1546,688,34597,100,182,456,402,0.9628
1547,688,20238,614,187,219,213,0.9559
1548,692,22347,658,837,213,206,0.9707
1549,692,27653,672,255,219,200,0.9685
1550,692,3483,134,291,274,171,0.9661
1551,692,35206,105,686,203,421,0.9625
1552,694,35206,159,277,257,388,0.9591
1553,694,3351,403,851,188,190,0.9587
1554,694,19232,502,239,328,253,0.9256
1555,697,3351,403,855,191,193,0.9534
1556,697,38162,141,259,225,268,0.9531
1557,697,18357,605,202,236,344,0.9457
1558,698,38162,574,679,238,282,0.9521
1559,698,3351,347,174,180,184,0.9504
1560,698,18357,81,633,248,369,0.9475
1561,700,3483,573,834,262,235,0.9868
1562,700,19861,91,826,227,177,0.9754
1563,700,30308,76,129,383,396,0.962
1564,700,16232,618,173,184,180,0.9616
1565,701,3483,600,868,259,229,0.9878
1566,701,19861,127,865,221,168,0.9746
1567,701,30308,88,147,396,407,0.9643
1568,701,16232,646,176,189,186,0.9581
1569,702,3483,146,220,252,222,0.9842
1570,702,19861,638,278,221,171,0.9697
1571,702,30308,517,696,404,413,0.9631
1572,702,16232,145,899,195,193,0.9628
1573,705,3483,592,873,258,231,0.9871
1574,705,19861,119,864,221,169,0.9736
1575,705,22347,122,200,205,199,0.9689
1576,705,29667,640,205,222,215,0.9643
1577,706,5094,111,817,285,284,0.9733
1578,706,5886,604,685,245,505,0.9622
1579,706,12778,77,116,338,492,0.944
1580,706,2483,605,89,262,455,0.9336
1581,707,5094,549,186,272,268,0.9747
1582,707,2483,70,691,253,472,0.9521
1583,707,5886,113,85,235,476,0.9513
1584,707,12778,532,631,361,492,0.9441
1585,708,5886,597,684,235,491,0.9671
1586,708,5094,109,805,280,276,0.967
1587,708,2483,616,52,253,469,0.9438
1588,708,12778,68,84,346,487,0.9416
1589,710,27733,86,722,327,283,0.9685
1590,710,28763,158,234,209,199,0.9663
1591,710,3483,580,758,275,212,0.964
1592,710,16262,563,217,238,229,0.9571
1593,712,5094,135,844,286,285,0.9711
1594,712,13395,641,674,244,518,0.9703
1595,712,12778,104,95,293,551,0.9477
1596,712,2483,626,106,227,462,0.947
1597,713,5094,524,163,271,266,0.9758
1598,713,13395,79,86,236,483,0.9653
1599,713,2483,81,660,217,487,0.9598
1600,713,12778,547,597,285,524,0.944
1601,714,5094,133,834,280,275,0.9705
1602,714,13395,634,673,230,502,0.9639
1603,714,2483,638,68,219,481,0.9495
1604,714,12778,101,83,295,525,0.947
1605,716,3743,119,796,331,330,0.9752
1606,716,12081,610,713,241,469,0.9647
1607,716,19552,95,122,323,509,0.9461
1608,716,2483,586,108,236,459,0.9368
1609,717,3743,495,167,314,298,0.9697
1610,717,12081,109,113,228,426,0.969
1611,717,19552,523,607,323,492,0.9513
1612,717,2483,88,667,253,471,0.9394
1613,719,21771,90,811,196,190,0.9674
1614,719,16548,553,183,231,226,0.9554
1615,719,31705,604,691,255,452,0.9511
1616,719,1900,123,261,199,148,0.9387
1617,720,21771,674,288,188,180,0.9661
1618,720,1900,647,857,210,154,0.9632
1619,720,16548,165,841,242,239,0.9495
1620,720,31705,125,133,245,419,0.9453
1621,721,27733,87,720,328,284,0.9633
1622,721,35206,572,118,248,381,0.9596
1623,721,3483,581,758,275,211,0.9576
1624,721,31885,68,161,448,468,0.9561
1625,724,10221,579,168,217,213,0.9741
1626,724,3544,133,178,202,199,0.9649
1627,724,31705,573,676,254,450,0.957
1628,724,16548,107,736,239,233,0.9558
1629,725,10221,152,875,228,226,0.9697
1630,725,31705,149,147,250,420,0.9624
1631,725,3544,636,886,215,212,0.9611
1632,725,16548,620,301,231,225,0.952
1633,726,10221,608,171,222,216,0.9729
1634,726,3544,149,184,207,201,0.9619
1635,726,31705,601,714,254,444,0.9501
1636,726,16548,139,775,236,228,0.948
1637,727,25469,17,811,377,224,0.9688
1638,727,16232,602,214,184,181,0.9633
1639,727,3483,575,811,282,193,0.9613
1640,727,25367,37,153,409,446,0.9578
1641,728,16232,630,220,190,187,0.9609
1642,728,25469,52,857,373,218,0.9598
1643,728,3483,603,845,279,187,0.9593
1644,728,25367,51,175,422,452,0.9575
1645,731,29871,603,771,207,224,0.9703
1646,731,3544,103,161,202,198,0.9645
1647,731,4543,611,142,203,201,0.96
1648,731,16548,119,770,238,229,0.9529
1649,732,29871,168,278,205,212,0.9694
1650,732,3544,668,900,216,213,0.9663
1651,732,4543,131,916,216,213,0.9638
1652,732,16548,607,265,230,221,0.9576
1653,738,31705,139,644,252,451,0.9628
1654,738,44199,605,769,169,287,0.9577
1655,738,16551,585,88,292,464,0.951
1656,738,1900,88,260,199,127,0.9497
1657,740,19607,657,273,156,149,0.9657
1658,740,31705,136,129,243,420,0.9498
1659,740,16548,122,805,238,235,0.9476
1660,740,1900,643,830,171,201,0.9403
1661,742,25438,567,187,247,254,0.9655
1662,742,4378,80,102,217,439,0.9594
1663,742,2483,82,673,250,473,0.9542
1664,742,6192,565,538,281,534,0.947
1665,743,25438,109,829,256,256,0.9652
1666,743,4378,644,703,217,457,0.964
1667,743,2483,606,68,250,470,0.9501
1668,743,6192,89,126,286,539,0.9454
1669,745,3351,351,891,192,194,0.9628
1670,745,32310,116,177,224,365,0.9606
1671,745,16262,662,271,239,231,0.9604
1672,747,16262,63,798,242,237,0.9637
1673,747,32310,639,736,230,392,0.9626
1674,747,3351,438,192,184,184,0.9594
1675,750,16548,147,789,241,237,0.9579
1676,750,1900,687,807,131,205,0.9531
1677,750,29345,584,131,276,412,0.9529
1678,750,44199,175,199,167,270,0.9465
1679,752,6563,165,673,221,364,0.9671
1680,752,3544,93,197,202,200,0.9607
1681,752,27993,550,778,308,241,0.9605
1682,752,16548,559,138,229,224,0.9529
1683,754,29667,627,762,227,222,0.9688
1684,754,3351,373,198,184,181,0.9601
1685,754,3832,89,655,370,376,0.942
1686,756,29667,126,319,225,224,0.9695
1687,756,3351,418,890,189,190,0.9575
1688,756,3832,514,254,364,376,0.9472
1689,758,3483,147,219,252,222,0.9772
1690,758,19861,639,278,221,171,0.9701
1691,758,31885,563,654,339,556,0.9576
1692,758,36637,95,906,274,166,0.9432
1693,759,3483,571,835,263,235,0.9841
1694,759,19861,90,826,227,177,0.9715
1695,759,31885,76,28,328,533,0.9599
1696,759,36637,589,196,261,154,0.9541
1697,760,33208,657,804,213,205,0.9776
1698,760,16548,581,202,232,226,0.964
1699,760,29345,86,708,293,445,0.9506
1700,760,1900,160,260,125,197,0.9444
1701,761,33208,683,836,211,201,0.9687
1702,761,29345,124,749,284,440,0.9543
1703,761,1900,179,271,128,197,0.954
1704,761,16548,609,211,239,227,0.9508
1705,763,27733,565,261,302,265,0.9732
1706,763,3483,127,306,266,205,0.9722
1707,763,31885,498,641,457,483,0.9604
1708,763,20238,113,855,233,226,0.9569
1709,764,27733,123,768,315,276,0.97
1710,764,3483,608,792,272,206,0.9637
1711,764,31885,52,134,464,470,0.9599
1712,764,20238,644,191,225,216,0.9575
1713,766,3483,143,290,210,258,0.9825
1714,766,20877,544,293,329,238,0.9745
1715,766,34597,569,730,407,475,0.9674
1716,766,36637,167,797,190,258,0.9455
1717,768,20877,85,725,332,241,0.9739
1718,768,3483,621,718,212,271,0.9723
1719,768,34597,8,21,401,458,0.9666
1720,768,36637,603,204,180,248,0.9529
1721,772,33208,639,879,211,201,0.9755
1722,772,31705,171,687,252,444,0.9571
1723,772,16551,555,78,288,482,0.9553
1724,772,1900,104,270,203,125,0.9448
1725,773,33208,612,846,214,207,0.9748
1726,773,31705,139,644,251,451,0.964
1727,773,16551,527,70,280,468,0.955
1728,773,1900,88,260,199,128,0.9458
1729,778,30308,84,170,405,401,0.9632
1730,778,3483,604,846,278,187,0.9626
1731,778,16232,630,220,189,186,0.9615
1732,778,25469,52,857,372,218,0.9611
1733,779,25469,575,231,370,221,0.9644
1734,779,16232,164,856,193,192,0.9612
1735,779,3483,126,275,269,188,0.96
1736,779,30308,515,685,411,406,0.9543
1737,780,25469,18,811,375,223,0.9685
1738,780,30308,71,148,390,394,0.9644
1739,780,16232,602,214,184,181,0.9641
1740,780,3483,576,811,281,193,0.9601
1741,782,22074,588,727,185,194,0.9566
1742,782,3351,339,183,186,190,0.9542
1743,782,20014,9,625,347,341,0.9463
1744,785,27653,671,255,220,200,0.9711
1745,785,3483,134,291,275,172,0.9638
1746,785,35206,104,686,206,422,0.9638
1747,785,25367,541,692,392,491,0.9554
1748,787,3483,145,220,253,223,0.9863
1749,787,19861,638,277,221,171,0.9701
1750,787,34597,537,650,355,514,0.9688
1751,787,20238,112,856,231,228,0.9595
1752,788,3483,573,834,262,234,0.9885
1753,788,19861,92,826,226,177,0.9763
1754,788,34597,98,61,338,493,0.9725
1755,788,20238,616,186,220,214,0.9563
1756,797,3544,147,192,202,198,0.9621
1757,797,4543,602,188,204,199,0.961
1758,797,27993,497,854,335,163,0.9597
1759,797,16551,42,528,308,476,0.953
1760,798,4543,629,192,210,202,0.9602
1761,798,3544,164,200,207,200,0.9598
1762,798,16551,69,578,313,468,0.9541
1763,798,27993,523,891,334,155,0.9525
1764,799,3483,600,868,259,229,0.9874
1765,799,19861,126,865,222,168,0.9755
1766,799,28763,170,180,212,201,0.9685
1767,799,20238,644,189,226,217,0.9588
1768,807,3483,154,215,252,224,0.9791
1769,807,19861,643,278,222,172,0.9714
1770,807,29667,120,840,229,226,0.9646
1771,807,25367,611,707,317,529,0.9636
1772,808,29871,634,826,169,236,0.968
1773,808,6563,193,707,216,359,0.9641
1774,808,3544,109,208,207,200,0.9588
1775,808,16551,612,49,336,455,0.9537
1776,810,29871,605,790,173,244,0.9653
1777,810,6563,160,666,220,365,0.9649
1778,810,3544,93,200,203,197,0.9595
1779,810,16551,585,43,327,442,0.9541
1780,815,20238,99,711,231,229,0.9581
1781,815,3351,363,170,181,184,0.9553
1782,815,32310,523,612,275,363,0.9378
1783,817,27653,95,852,223,206,0.9711
1784,817,30308,94,156,384,422,0.9654
1785,817,16232,648,231,192,181,0.9619
1786,817,3483,590,845,281,170,0.9522
1787,818,27653,672,255,219,200,0.968
1788,818,3483,135,291,274,171,0.9679
1789,818,16232,142,846,196,193,0.9578
1790,818,30308,525,677,390,427,0.9518
1791,819,27653,61,811,224,210,0.9745
1792,819,30308,81,139,371,411,0.964
1793,819,16232,620,222,187,182,0.9575
1794,819,3483,562,811,284,176,0.9554
1795,820,3743,483,150,316,302,0.9658
1796,820,19552,486,644,333,482,0.9529
1797,820,4378,134,108,223,435,0.9514
1798,820,2483,94,693,212,486,0.9476
1799,822,3743,131,814,333,330,0.9678
1800,822,4378,596,704,233,467,0.9601
1801,822,2483,622,72,195,467,0.9504
1802,822,19552,125,92,333,502,0.9485
1803,826,38162,179,201,250,261,0.9643
1804,826,18147,541,320,304,385,0.9545
1805,826,3351,408,861,190,191,0.9523
1806,828,38162,553,864,249,253,0.9615
1807,828,3351,381,238,186,182,0.9587
1808,828,18147,128,573,307,408,0.9533
1809,829,28763,97,169,208,199,0.9686
1810,829,3483,536,778,269,223,0.9634
1811,829,27777,145,777,179,205,0.9509
1812,829,36637,636,176,181,245,0.9451
1813,830,3483,172,278,260,216,0.9683
1814,830,28763,665,891,224,213,0.9668
1815,830,27777,639,294,175,194,0.9602
1816,830,36637,128,827,193,258,0.9362
1817,831,3483,564,813,265,218,0.9713
1818,831,28763,113,176,212,200,0.9659
1819,831,27777,179,814,174,200,0.9561
1820,831,36637,665,181,186,248,0.9452
1821,832,16548,606,163,236,224,0.9476
1822,832,21026,139,868,178,177,0.9476
1823,832,18110,59,124,306,288,0.9462
1824,832,1900,623,890,207,139,0.9209
1825,838,33208,589,801,213,204,0.9734
1826,838,27926,89,614,272,483,0.9557
1827,838,16548,593,164,231,223,0.9516
1828,838,1900,141,241,198,129,0.9284
1829,842,3483,127,307,266,204,0.976
1830,842,27733,565,261,301,266,0.9723
1831,842,16262,153,804,250,240,0.9629
1832,842,34597,472,669,462,428,0.9623
1833,851,3743,123,836,331,336,0.9758
1834,851,22362,610,737,272,418,0.9665
1835,851,22627,108,145,310,502,0.9586
1836,851,2483,630,103,202,466,0.9472
1837,855,3743,131,814,335,329,0.9667
1838,855,4378,596,703,233,468,0.9596
1839,855,2483,622,72,195,467,0.9481
1840,855,12778,89,131,305,528,0.9407
1841,857,31863,575,746,208,213,0.9752
1842,857,16262,94,679,246,245,0.9614
1843,857,3351,339,133,183,188,0.9573
1844,857,16235,764,1143,212,137,0.2573
1845,858,31863,614,834,205,206,0.9776
1846,858,16262,137,770,242,237,0.9631
1847,858,3351,380,190,184,182,0.9504
1848,861,25438,124,833,259,266,0.9688
1849,861,12081,655,705,251,465,0.9665
1850,861,19552,71,82,345,483,0.9411
1851,861,2483,570,154,303,427,0.9411
1852,862,25469,89,829,333,302,0.9739
1853,862,34597,76,134,450,417,0.9652
1854,862,3483,602,846,279,187,0.9645
1855,862,36637,674,173,175,254,0.9455
1856,864,25469,50,787,341,303,0.9738
1857,864,3483,574,812,281,193,0.9664
1858,864,34597,59,104,443,424,0.9582
1859,864,36637,644,169,170,251,0.9554
1860,866,3351,306,173,186,190,0.9562
1861,866,3832,485,557,384,371,0.94
1862,866,16688,35,529,437,581,0.9189
1863,867,3351,347,234,186,182,0.9633
1864,867,3832,528,657,379,362,0.9483
1865,867,16688,71,629,436,577,0.9336
1866,868,27653,95,853,223,206,0.9699
1867,868,16232,649,231,192,181,0.9615
1868,868,31885,32,58,412,508,0.9577
1869,868,3483,590,846,281,170,0.9496
1870,869,27653,61,811,225,210,0.9749
1871,869,31885,21,38,397,503,0.9626
1872,869,16232,620,222,187,182,0.957
1873,869,3483,562,811,285,176,0.9477
1874,870,27653,672,255,219,200,0.9695
1875,870,3483,135,291,274,172,0.9684
1876,870,31885,570,675,401,523,0.9643
1877,870,16232,142,846,197,192,0.9593
1878,873,18147,622,672,281,421,0.9616
1879,873,3351,344,225,185,183,0.9528
1880,873,16688,70,628,439,578,0.9323
1881,874,20877,86,725,332,240,0.975
1882,874,3483,622,717,212,270,0.9715
1883,874,31885,146,150,436,478,0.9592
1884,874,16232,627,221,187,184,0.9557
1885,875,20877,117,769,332,230,0.9731
1886,875,3483,648,749,213,266,0.9703
1887,875,16232,655,232,193,179,0.96
1888,875,31885,166,180,447,479,0.9519
1889,878,27653,96,853,223,206,0.9733
1890,878,34597,74,123,337,497,0.9696
1891,878,3483,591,845,281,169,0.9491
1892,878,36637,643,210,190,246,0.9396
1893,879,27653,62,812,225,210,0.9735
1894,879,34597,59,94,329,499,0.9701
1895,879,3483,563,811,284,176,0.9646
1896,879,36637,613,202,185,243,0.9515
1897,880,5094,510,161,272,266,0.9704
1898,880,2483,76,667,224,486,0.9596
1899,880,13395,65,91,239,483,0.9583
1900,880,23223,509,604,304,508,0.9383
1901,882,5094,147,837,281,276,0.9717
1902,882,13395,645,668,236,499,0.9701
1903,882,2483,636,62,226,480,0.9523
1904,882,23223,123,95,308,499,0.9497
1905,883,28763,142,232,214,203,0.9651
1906,883,25469,52,858,371,217,0.9628
1907,883,3483,603,845,279,187,0.9615
1908,883,16232,631,220,190,186,0.9613
1909,886,31863,163,285,207,207,0.9758
1910,886,35206,546,262,266,385,0.9626
1911,886,3351,410,892,189,191,0.9508
1912,888,31863,612,835,205,206,0.9783
1913,888,35206,165,646,262,395,0.9624
1914,888,3351,380,206,185,183,0.9574
1915,889,3483,142,291,211,258,0.9815
1916,889,20877,542,293,330,238,0.9754
1917,889,28763,709,888,222,214,0.9701
1918,889,16232,134,847,196,191,0.9609
1919,891,20877,87,725,331,240,0.976
1920,891,3483,622,717,212,271,0.9707
1921,891,28763,56,172,209,199,0.9652
1922,891,16232,628,221,187,183,0.9558
1923,894,20877,86,725,332,241,0.9753
1924,894,3483,621,718,214,271,0.9727
1925,894,25367,29,24,409,442,0.9593
1926,894,36637,603,204,180,247,0.9551
1927,895,10221,585,775,226,222,0.9711
1928,895,3544,93,222,203,199,0.9573
1929,895,16551,533,37,295,459,0.9528
1930,895,21026,100,821,181,181,0.9517
1931,896,10221,612,813,223,215,0.9714
1932,896,3544,109,234,207,199,0.9596
1933,896,16551,561,43,302,473,0.9546
1934,896,21026,134,855,177,177,0.9454
1935,897,10221,169,275,218,215,0.9685
1936,897,3544,677,836,212,212,0.9656
1937,897,16551,114,721,320,490,0.9547
1938,897,21026,680,285,173,172,0.942
1939,898,3544,121,173,202,198,0.9611
1940,898,12247,618,204,176,189,0.9593
1941,898,16548,74,779,238,233,0.9448
1942,898,27926,567,583,257,488,0.9369
1943,900,3544,136,180,207,200,0.9638
1944,900,12247,646,205,179,190,0.9597
1945,900,27926,597,628,251,481,0.9465
1946,900,16548,107,821,235,228,0.9441
1947,904,27733,123,769,315,275,0.9699
1948,904,3483,608,792,272,206,0.9618
1949,904,20238,643,191,226,216,0.9583
1950,904,30308,161,55,297,474,0.9516
1951,906,3483,126,306,266,205,0.9751
1952,906,27733,565,260,302,266,0.9713
1953,906,20238,113,855,232,225,0.9571
1954,906,30308,542,722,301,483,0.9337
1955,908,31863,575,746,208,213,0.9764
1956,908,3351,306,194,183,187,0.954
1957,908,20238,116,715,228,228,0.9512
1958,908,16235,773,1148,203,132,0.5529
1959,910,3483,174,277,260,217,0.9642
1960,910,25367,513,701,446,440,0.9616
1961,910,27777,640,295,176,196,0.9608
1962,910,29667,127,880,230,228,0.9576
1963,912,29667,602,162,217,215,0.9644
1964,912,3483,533,779,270,224,0.962
1965,912,25367,31,110,431,417,0.9578
1966,912,27777,143,775,179,205,0.9539
1967,914,13900,556,709,204,248,0.9615
1968,914,35206,46,615,347,354,0.9569
1969,914,3351,370,123,184,189,0.9545
1970,915,13900,596,799,198,243,0.9642
1971,915,35206,91,710,342,348,0.9609
1972,915,3351,412,180,185,183,0.9539
1973,916,27733,565,261,301,265,0.9745
1974,916,3483,127,306,266,205,0.9667
1975,916,25367,503,680,456,427,0.9598
1976,916,16232,141,892,199,194,0.957
1977,919,27733,564,261,301,266,0.9733
1978,919,3483,126,308,266,204,0.9618
1979,919,30308,492,679,374,438,0.9538
1980,919,36637,101,882,268,180,0.9444
1981,920,27733,88,721,326,284,0.9644
1982,920,3483,581,757,275,211,0.9623
1983,920,30308,127,123,358,424,0.9614
1984,920,36637,594,204,251,169,0.9532
1985,923,3483,143,290,211,259,0.9812
1986,923,20877,544,292,330,240,0.9763
1987,923,25367,540,710,431,452,0.9585
1988,923,16262,111,837,249,242,0.9567
1989,925,3483,146,220,252,222,0.9848
1990,925,19861,638,278,221,171,0.97
1991,925,34597,487,624,440,455,0.965
1992,925,16232,144,899,196,193,0.9614
1993,927,3483,573,835,262,233,0.9883
1994,927,19861,92,827,226,176,0.9767
1995,927,34597,62,138,423,444,0.97
1996,927,16232,617,173,185,181,0.9608
1997,929,25469,18,811,376,223,0.9686
1998,929,16232,602,214,184,181,0.9631
1999,929,31885,31,38,414,492,0.9583
2000,929,3483,576,811,281,193,0.9582
2001,930,31885,541,688,428,510,0.9679
2002,930,25469,575,231,370,220,0.9647
2003,930,16232,165,856,192,192,0.9615
2004,930,3483,126,274,270,188,0.9531
2005,931,19607,166,918,158,154,0.9611
2006,931,1900,179,271,128,197,0.9538
2007,931,29345,576,716,327,424,0.9512
2008,931,16551,480,245,485,258,0.944
2009,932,19607,132,886,162,160,0.9669
2010,932,29345,550,680,330,430,0.9483
2011,932,16551,454,223,476,263,0.9448
2012,932,1900,160,260,125,197,0.9435
2013,933,19607,667,252,156,151,0.9624
2014,933,29345,119,167,309,399,0.9566
2015,933,1900,687,807,131,206,0.9545
2016,933,16551,22,737,497,274,0.9497
2017,936,25438,111,841,260,266,0.9686
2018,936,4378,656,705,215,474,0.959
2019,936,19552,114,190,314,499,0.9501
2020,936,2483,597,107,256,453,0.9424
2021,937,3743,131,814,334,329,0.9693
2022,937,4378,596,704,234,466,0.9596
2023,937,2483,621,73,199,469,0.9478
2024,937,6192,121,73,302,560,0.9347
2025,938,3743,130,802,328,320,0.9686
2026,938,4378,590,701,222,453,0.9631
2027,938,2483,634,34,195,483,0.9591
2028,938,6192,122,68,297,532,0.9455
2029,940,16232,643,322,191,190,0.9623
2030,940,3351,423,899,189,190,0.9611
2031,940,18147,205,225,215,418,0.9489
2032,941,16232,91,712,192,194,0.9589
2033,941,18147,518,550,212,450,0.9542
2034,941,3351,326,143,185,188,0.9492
2035,942,3351,368,199,186,184,0.9615
2036,942,18147,557,643,213,449,0.9611
2037,942,16232,134,800,191,189,0.9569
2038,945,3483,146,220,252,223,0.9837
2039,945,19861,638,278,221,171,0.9711
2040,945,25367,629,639,319,524,0.9671
2041,945,20238,112,856,231,227,0.9601
2042,947,28763,591,887,225,213,0.9715
2043,947,27653,672,255,219,200,0.9697
2044,947,3483,134,290,274,171,0.966
2045,947,16232,141,846,197,193,0.9586
2046,948,27653,95,853,223,206,0.9732
2047,948,28763,184,179,213,202,0.9657
2048,948,16232,649,230,192,182,0.9628
2049,948,3483,590,845,280,170,0.95
2050,949,3483,143,291,210,258,0.9829
2051,949,20877,544,293,329,239,0.9768
2052,949,16262,111,837,247,242,0.9583
2053,949,30308,505,724,418,399,0.9572
2054,950,3483,621,718,213,270,0.9782
2055,950,20877,86,725,332,241,0.977
2056,950,30308,73,118,396,385,0.9658
2057,950,16262,601,186,238,229,0.9552
2058,951,20877,118,769,332,232,0.9735
2059,951,3483,647,750,214,267,0.9693
2060,951,30308,86,136,411,393,0.961
2061,951,16262,630,191,244,233,0.9565
2062,952,25469,575,231,370,220,0.9646
2063,952,3483,125,275,270,188,0.9643
2064,952,16262,168,835,249,241,0.959
2065,952,30308,562,650,387,428,0.9561
2066,953,25469,17,811,375,223,0.9686
2067,953,30308,48,161,368,414,0.9642
2068,953,3483,576,811,281,193,0.9624
2069,953,16262,546,188,239,229,0.9611
2070,954,3483,604,845,277,187,0.9645
2071,954,30308,61,182,381,425,0.9641
2072,954,25469,53,857,372,218,0.9611
2073,954,16262,575,195,243,231,0.9594
2074,956,19607,142,862,157,155,0.9596
2075,956,16551,595,0,309,447,0.9518
2076,956,1900,158,251,203,126,0.9503
2077,956,27926,599,674,253,480,0.9413
2078,957,19607,690,299,157,150,0.9572
2079,957,16551,79,784,314,495,0.955
2080,957,27926,150,143,254,458,0.9489
2081,957,1900,631,894,209,135,0.9399
2082,962,29451,473,777,403,276,0.9678
2083,962,19607,144,848,159,158,0.9654
2084,962,16551,625,108,281,471,0.9525
2085,962,1900,148,241,179,181,0.9456
2086,966,16548,126,853,244,239,0.9534
2087,966,31705,136,128,245,421,0.9491
2088,966,1900,656,904,213,147,0.9454
2089,966,18110,610,218,298,285,0.9304
2090,967,41768,128,302,261,296,0.9754
2091,967,29667,587,306,227,223,0.9714
2092,967,3351,408,888,188,191,0.9498
2093,968,29667,111,696,232,234,0.9675
2094,968,3351,342,156,184,189,0.962
2095,968,41768,561,621,267,311,0.955
2096,972,21771,126,775,193,189,0.9638
2097,972,16551,570,13,328,437,0.9479
2098,972,27926,568,628,261,488,0.9375
2099,972,1900,141,241,198,129,0.9322
2100,973,21771,183,886,190,184,0.9684
2101,973,29345,613,715,286,442,0.9513
2102,973,16551,570,82,309,470,0.9496
2103,973,1900,181,268,128,198,0.9449
2104,974,21771,148,850,195,190,0.9621
2105,974,16551,543,73,299,457,0.9479
2106,974,29345,586,678,288,447,0.9477
2107,974,1900,163,258,126,198,0.9426
2108,975,21771,619,251,187,182,0.9647
2109,975,1900,684,808,132,208,0.9587
2110,975,16551,105,686,322,488,0.9536
2111,975,29345,119,154,274,414,0.95
2112,979,22074,586,710,185,193,0.9527
2113,979,3351,392,158,184,187,0.9507
2114,979,18357,72,550,286,335,0.9468
2115,980,3351,355,873,189,190,0.9629
2116,980,22074,171,312,186,191,0.9538
2117,980,18357,577,306,278,320,0.9292
2118,982,3743,118,838,329,333,0.971
2119,982,13395,637,673,242,520,0.9661
2120,982,2483,660,116,215,468,0.9421
2121,982,23223,99,102,304,520,0.941
2122,983,3743,116,827,323,323,0.9713
2123,983,13395,629,674,230,501,0.96
2124,983,2483,672,80,205,485,0.9566
2125,983,23223,98,81,304,505,0.9439
2126,984,3743,498,127,312,302,0.9655
2127,984,13395,83,84,234,486,0.9639
2128,984,2483,59,644,204,491,0.9576
2129,984,23223,539,612,299,512,0.9491
2130,985,29451,520,802,422,235,0.9657
2131,985,16548,575,187,232,224,0.9633
2132,985,24850,115,739,203,284,0.9553
2133,985,1900,139,218,201,150,0.9373
2134,986,29451,45,233,405,229,0.9665
2135,986,24850,644,258,195,268,0.9573
2136,986,16548,143,838,240,237,0.9498
2137,986,1900,633,900,208,155,0.9407
2138,988,3483,598,869,258,230,0.9819
2139,988,19861,124,864,222,169,0.9746
2140,988,22347,160,183,204,198,0.9699
2141,988,36637,618,200,267,152,0.9482
2142,989,3483,571,835,263,235,0.9846
2143,989,19861,90,826,227,176,0.9746
2144,989,22347,143,177,201,194,0.9713
2145,989,36637,589,195,261,154,0.9563
2146,990,3483,147,219,253,222,0.9806
2147,990,22347,626,887,214,209,0.9715
2148,990,19861,640,278,221,171,0.9698
2149,990,36637,95,906,274,166,0.9454
2150,991,10221,584,775,226,221,0.9722
2151,991,3544,93,223,202,199,0.9607
2152,991,16548,573,222,230,226,0.9525
2153,991,21026,100,820,181,181,0.9514
2154,993,10221,612,813,223,215,0.9722
2155,993,3544,109,234,207,199,0.9589
2156,993,16548,601,233,236,226,0.9471
2157,993,21026,134,855,177,177,0.9461
2158,994,3483,134,291,274,172,0.9718
2159,994,27653,672,255,218,200,0.9695
2160,994,16262,118,847,248,242,0.965
2161,994,30308,509,755,392,427,0.9511
2162,996,27653,95,852,222,206,0.9726
2163,996,16262,623,182,244,231,0.9616
2164,996,30308,109,76,386,423,0.9589
2165,996,3483,590,845,280,170,0.9481
2166,997,21771,123,806,194,189,0.9716
2167,997,29451,457,807,425,226,0.9687
2168,997,16551,589,60,277,471,0.9541
2169,997,1900,148,241,180,179,0.9437
2170,998,21771,156,841,191,184,0.967
2171,998,29451,488,844,417,222,0.9621
2172,998,16551,616,68,286,484,0.954
2173,998,1900,167,248,183,180,0.9187
2174,999,29451,104,235,409,223,0.9698
2175,999,21771,645,290,188,183,0.9662
2176,999,16551,80,687,296,501,0.9542
2177,999,1900,646,846,186,188,0.9527
2178,1003,27733,123,768,315,276,0.9706
2179,1003,3483,608,792,273,206,0.9669
2180,1003,34597,38,158,452,416,0.9608
2181,1003,16232,649,185,192,179,0.9568
2182,1004,27733,565,261,301,266,0.9731
2183,1004,3483,127,306,267,205,0.971
2184,1004,34597,509,660,459,436,0.9605
2185,1004,16232,141,892,199,194,0.9565
2186,1005,27733,86,721,326,284,0.966
2187,1005,3483,580,759,275,211,0.9622
2188,1005,34597,23,126,440,424,0.9603
2189,1005,16232,620,179,187,182,0.9583
2190,1006,3483,603,845,279,187,0.9683
2191,1006,25469,52,857,372,218,0.9625
2192,1006,25367,46,176,443,425,0.9604
2193,1006,20238,619,196,225,217,0.9595
2194,1007,25469,17,811,377,223,0.9684
2195,1007,3483,575,811,282,194,0.9669
2196,1007,25367,31,153,432,423,0.9584
2197,1007,20238,589,193,221,212,0.9536
2198,1009,25469,16,812,377,223,0.9685
2199,1009,22347,79,198,201,195,0.9651
2200,1009,3483,575,811,281,194,0.9594
2201,1009,16262,546,188,239,229,0.957
2202,1010,22347,95,207,205,198,0.9667
2203,1010,3483,602,845,278,188,0.9614
2204,1010,25469,52,858,372,217,0.9612
2205,1010,16262,575,195,244,232,0.9581
2206,1012,24850,138,704,188,295,0.9593
2207,1012,16548,612,159,230,223,0.9505
2208,1012,27926,568,629,262,488,0.9439
2209,1012,1900,141,242,199,129,0.9389
2210,1013,24850,637,275,182,276,0.9596
2211,1013,27926,148,143,254,459,0.9514
2212,1013,16548,105,867,240,237,0.9474
2213,1013,1900,632,892,209,136,0.9354
2214,1014,24850,170,742,185,290,0.9579
2215,1014,16548,640,164,237,224,0.9576
2216,1014,1900,158,252,202,125,0.9482
2217,1014,27926,600,673,254,480,0.9466
2218,1015,20877,117,769,332,230,0.9747
2219,1015,3483,649,749,213,267,0.974
2220,1015,35206,660,175,224,403,0.9672
2221,1015,30308,68,125,398,407,0.964
2222,1016,3483,142,292,210,258,0.9821
2223,1016,20877,543,293,329,238,0.9765
2224,1016,35206,96,673,237,411,0.9573
2225,1016,30308,537,722,409,412,0.9555
2226,1018,27733,561,257,301,264,0.9719
2227,1018,3483,127,307,266,204,0.968
2228,1018,29667,89,863,229,227,0.9605
2229,1018,30308,442,741,474,310,0.9563
2230,1019,30308,94,212,457,297,0.9677
2231,1019,27733,129,776,314,277,0.9674
2232,1019,3483,607,792,274,205,0.9654
2233,1019,29667,669,182,225,214,0.9581
2234,1020,3483,580,758,275,211,0.9646
2235,1020,27733,93,727,326,283,0.9644
2236,1020,30308,79,189,445,297,0.9622
2237,1020,29667,640,178,217,212,0.9592
2238,1022,33208,583,811,214,205,0.9769
2239,1022,29451,36,799,422,229,0.971
2240,1022,16551,626,23,280,468,0.9529
2241,1022,1900,148,240,181,181,0.9445
2242,1023,33208,610,844,211,199,0.9749
2243,1023,29451,70,842,417,218,0.971
2244,1023,16551,655,26,287,486,0.9518
2245,1023,1900,167,248,182,181,0.9185
2246,1025,3483,143,290,210,259,0.9817
2247,1025,20877,542,293,330,238,0.9746
2248,1025,28763,643,863,223,212,0.9679
2249,1025,16262,110,837,249,242,0.9533
2250,1026,20877,117,770,332,231,0.9719
2251,1026,3483,648,750,214,267,0.9672
2252,1026,28763,134,206,213,201,0.9668
2253,1026,16262,630,192,243,232,0.9554
2254,1027,16232,601,262,189,188,0.9645
2255,1027,13900,191,286,197,234,0.9571
2256,1027,3351,355,884,189,191,0.9511
2257,1028,13900,554,708,205,248,0.9622
2258,1028,16232,135,780,191,191,0.9618
2259,1028,3351,393,157,184,188,0.9566
2260,1028,27733,753,1160,223,119,0.2779
2261,1029,13900,595,798,198,242,0.9641
2262,1029,3351,436,215,184,183,0.9622
2263,1029,16232,179,866,188,193,0.9598
2264,1030,3483,581,758,275,211,0.9644
2265,1030,27733,87,721,326,284,0.9639
2266,1030,34597,46,141,446,416,0.9631
2267,1030,35206,571,119,249,380,0.9587
2268,1034,3483,146,220,252,222,0.9767
2269,1034,19861,638,277,221,171,0.9714
2270,1034,28763,649,882,223,214,0.971
2271,1034,36637,95,907,274,166,0.9457
2272,1039,3483,603,845,278,187,0.9641
2273,1039,28763,126,214,214,203,0.9631
2274,1039,25469,52,858,371,217,0.9616
2275,1039,16262,575,195,244,232,0.9584
2276,1041,28763,652,852,221,214,0.972
2277,1041,25469,575,230,368,221,0.9641
2278,1041,3483,125,274,270,187,0.9637
2279,1041,16262,167,835,250,242,0.9587
2280,1043,35206,516,605,242,415,0.9575
2281,1043,3351,313,170,184,187,0.9469
2282,1043,18357,53,627,266,351,0.9419
2283,1044,35206,556,702,236,408,0.9595
2284,1044,18357,95,723,265,351,0.9479
2285,1044,3351,355,228,184,183,0.9451
2286,1045,3483,621,718,214,270,0.9749
2287,1045,20877,42,756,328,250,0.9738
2288,1045,28763,133,213,210,200,0.9677
2289,1045,29667,594,179,220,215,0.9568
2290,1046,20877,74,800,328,242,0.9719
2291,1046,28763,151,223,213,201,0.9698
2292,1046,3483,647,751,214,266,0.9642
2293,1046,29667,623,183,224,215,0.9621
2294,1047,3483,143,291,210,258,0.9821
2295,1047,20877,590,258,325,245,0.9712
2296,1047,28763,626,844,222,212,0.9669
2297,1047,29667,134,863,229,225,0.9602
2298,1050,5094,136,848,278,273,0.9742
2299,1050,22362,610,779,251,408,0.9657
2300,1050,2483,650,83,199,487,0.9581
2301,1050,22627,88,177,341,469,0.9545
2302,1051,5094,551,191,271,268,0.9693
2303,1051,4378,137,106,215,442,0.9537
2304,1051,2483,88,677,229,482,0.9523
2305,1051,23223,489,659,385,468,0.9497
2306,1053,5094,105,800,281,275,0.9729
2307,1053,4378,593,697,213,458,0.9632
2308,1053,23223,78,79,376,462,0.9563
2309,1053,2483,618,54,218,481,0.9498
2310,1055,27733,80,726,335,274,0.9682
2311,1055,31885,59,33,426,486,0.9588
2312,1055,29667,649,186,217,213,0.9568
2313,1055,3483,571,768,277,206,0.9428
2314,1056,27733,118,776,323,265,0.9745
2315,1056,29667,678,190,225,215,0.962
2316,1056,31885,72,52,439,490,0.9548
2317,1056,3483,600,801,274,201,0.9444
2318,1057,25438,109,829,257,256,0.9642
2319,1057,4378,644,703,217,457,0.9627
2320,1057,2483,606,69,250,469,0.9474
2321,1057,12778,79,78,332,499,0.9403
2322,1058,25438,111,842,260,266,0.9689
2323,1058,4378,657,704,213,476,0.9593
2324,1058,12778,86,102,325,509,0.939
2325,1058,2483,597,107,255,455,0.9376
2326,1060,13395,110,48,248,489,0.9659
2327,1060,25438,555,205,248,252,0.9647
2328,1060,2483,116,677,211,494,0.9523
2329,1060,22627,527,644,358,470,0.9487
2330,1064,3483,603,845,278,187,0.9666
2331,1064,34597,59,134,451,413,0.9641
2332,1064,25469,51,857,372,218,0.9616
2333,1064,20238,619,196,225,216,0.9597
2334,1065,25469,575,231,369,220,0.9646
2335,1065,3483,126,274,270,189,0.9639
2336,1065,34597,488,686,460,432,0.9619
2337,1065,20238,139,851,233,225,0.9535
2338,1067,3483,135,291,274,171,0.9698
2339,1067,27653,672,256,219,199,0.9697
2340,1067,31885,559,673,398,532,0.9647
2341,1067,16262,118,847,248,242,0.9644
2342,1069,21026,138,869,178,177,0.9641
2343,1069,21771,116,204,190,185,0.9586
2344,1069,16548,644,165,236,225,0.9544
2345,1069,1900,622,891,206,139,0.9281
2346,1070,21771,686,882,197,194,0.9522
2347,1070,21026,674,272,176,173,0.9496
2348,1070,1900,175,280,201,142,0.9463
2349,1070,16548,102,865,241,237,0.9447
2350,1073,22347,116,199,202,194,0.9707
2351,1073,3483,534,778,269,224,0.9615
2352,1073,27777,144,776,179,205,0.953
2353,1073,36637,636,177,182,245,0.9469
2354,1075,29871,603,771,206,224,0.9727
2355,1075,3544,103,162,201,198,0.964
2356,1075,4543,611,143,203,201,0.9618
2357,1075,16551,91,594,339,462,0.9557
2358,1076,29871,168,279,205,213,0.9715
2359,1076,4543,132,917,216,213,0.9642
2360,1076,3544,668,900,215,213,0.9635
2361,1076,16551,536,190,328,439,0.9515
2362,1077,29871,631,807,204,218,0.9709
2363,1077,3544,117,167,207,201,0.9606
2364,1077,16551,127,643,333,458,0.9572
2365,1077,4543,640,143,209,203,0.956
2366,1079,20877,71,799,326,243,0.9695
2367,1079,22347,120,220,205,198,0.966
2368,1079,3483,644,754,215,266,0.9616
2369,1079,29667,625,187,224,215,0.9615
2370,1080,20877,39,755,327,252,0.9709
2371,1080,22347,103,211,201,195,0.9699
2372,1080,3483,617,721,214,271,0.9676
2373,1080,29667,596,182,219,215,0.9567
2374,1081,44199,92,185,257,228,0.9514
2375,1081,21026,126,866,178,177,0.9495
2376,1081,16551,485,204,455,321,0.9445
2377,1081,1900,610,900,205,136,0.9389
2378,1085,20877,86,725,332,242,0.9758
2379,1085,3483,622,717,214,270,0.9726
2380,1085,25367,33,129,438,410,0.9606
2381,1085,16232,627,221,188,184,0.9569
2382,1087,10221,623,205,217,214,0.9704
2383,1087,3544,134,177,202,198,0.9653
2384,1087,16551,87,588,293,486,0.9586
2385,1087,31705,569,676,255,452,0.9572
2386,1089,10221,107,835,229,225,0.9721
2387,1089,31705,151,146,252,421,0.9627
2388,1089,3544,634,888,215,212,0.9607
2389,1089,16551,583,180,293,462,0.9535
2390,1092,44199,134,243,244,234,0.9509
2391,1092,16548,84,915,244,240,0.9443
2392,1092,1900,652,850,211,159,0.9405
2393,1092,33009,564,214,323,292,0.9394
2394,1093,3483,146,220,252,223,0.9863
2395,1093,19861,637,277,221,171,0.9711
2396,1093,34597,503,692,458,437,0.9648
2397,1093,16262,100,851,249,241,0.9582
2398,1095,3483,600,868,258,229,0.9885
2399,1095,19861,126,865,222,168,0.9751
2400,1095,34597,46,123,446,418,0.9617
2401,1095,16262,639,178,242,230,0.9578
2402,1096,6563,165,672,221,365,0.9678
2403,1096,27993,550,778,308,241,0.9612
2404,1096,3544,93,197,202,199,0.9608
2405,1096,16551,482,112,443,324,0.9505
2406,1097,6563,198,714,216,358,0.9668
2407,1097,27993,577,816,303,231,0.9661
2408,1097,3544,108,206,207,200,0.9627
2409,1097,16551,512,126,449,325,0.9515
2410,1098,6563,582,232,212,340,0.9684
2411,1098,27993,125,254,296,235,0.9603
2412,1098,3544,679,862,213,211,0.9575
2413,1098,16551,24,787,468,340,0.9535
2414,1100,3483,534,778,269,224,0.9602
2415,1100,31885,56,96,420,493,0.9566
2416,1100,27777,144,776,178,205,0.956
2417,1100,36637,635,178,182,245,0.945
2418,1101,3483,562,813,266,218,0.9714
2419,1101,31885,69,122,436,494,0.9629
2420,1101,27777,178,813,174,199,0.9549
2421,1101,36637,665,182,187,248,0.9488
2422,1105,27733,124,768,315,276,0.9713
2423,1105,22347,112,213,205,196,0.9657
2424,1105,3483,608,792,273,206,0.9631
2425,1105,35206,602,127,256,390,0.9625
2426,1109,27653,95,853,222,206,0.9729
2427,1109,28763,140,226,212,201,0.9698
2428,1109,16262,623,182,243,231,0.9621
2429,1109,3483,590,845,280,169,0.948
2430,1111,27653,60,811,225,210,0.9757
2431,1111,28763,115,189,209,198,0.97
2432,1111,29667,604,176,217,213,0.9657
2433,1111,3483,562,811,284,176,0.9537
2434,1114,27653,672,255,219,200,0.9696
2435,1114,3483,134,291,274,172,0.9673
2436,1114,35206,105,686,205,421,0.9623
2437,1114,30308,560,699,399,417,0.955
2438,1115,27653,61,812,225,210,0.9751
2439,1115,30308,42,125,376,405,0.9637
2440,1115,35206,651,144,197,399,0.9628
2441,1115,3483,562,811,284,176,0.9511
2442,1116,27653,95,853,223,206,0.9732
2443,1116,35206,680,155,201,407,0.9629
2444,1116,30308,53,143,392,414,0.9625
2445,1116,3483,590,845,280,170,0.9526
2446,1118,29871,199,241,169,230,0.9717
2447,1118,6563,587,237,212,341,0.9663
2448,1118,3544,678,860,213,213,0.9596
2449,1118,16548,101,881,241,239,0.956
2450,1119,29871,634,827,169,236,0.9674
2451,1119,6563,193,708,216,358,0.9624
2452,1119,3544,109,208,208,200,0.9591
2453,1119,16548,644,147,237,227,0.9508
2454,1121,25469,574,184,325,287,0.9757
2455,1121,28763,619,860,222,214,0.9713
2456,1121,29667,139,872,228,226,0.9666
2457,1121,3483,126,274,271,187,0.9599
2458,1123,27733,565,261,301,265,0.9747
2459,1123,3483,127,307,266,205,0.973
2460,1123,16262,153,805,248,240,0.9616
2461,1123,25367,494,667,445,438,0.9604
2462,1125,27733,123,768,315,276,0.9707
2463,1125,3483,608,792,273,206,0.9646
2464,1125,25367,64,160,442,424,0.9577
2465,1125,16262,590,227,244,231,0.9561
2466,1126,3483,143,290,211,259,0.9839
2467,1126,20877,544,293,329,239,0.9765
2468,1126,31885,512,732,463,473,0.9603
2469,1126,16262,111,836,248,242,0.9554
2470,1129,27733,565,261,302,265,0.9757
2471,1129,3483,127,306,266,205,0.9726
2472,1129,22347,682,827,212,207,0.9676
2473,1129,20238,113,855,231,226,0.957
2474,1135,16551,608,54,283,483,0.9518
2475,1135,18110,79,791,303,289,0.9471
2476,1135,33009,548,836,377,200,0.9361
2477,1135,1900,150,256,198,162,0.9227
2478,1136,16551,90,701,297,501,0.9471
2479,1136,1900,642,855,207,172,0.9445
2480,1136,18110,611,221,299,286,0.9418
2481,1136,33009,87,255,367,212,0.9317
2482,1138,27653,63,811,226,211,0.9742
2483,1138,34597,33,86,370,480,0.9721
2484,1138,3483,564,811,284,176,0.9642
2485,1138,20238,594,174,220,214,0.9487
2486,1140,27653,97,853,222,206,0.9723
2487,1140,34597,45,114,384,477,0.9711
2488,1140,20238,623,178,226,216,0.9533
2489,1140,3483,591,845,281,169,0.9501
2490,1141,25438,555,195,248,253,0.9696
2491,1141,12081,65,121,229,424,0.969
2492,1141,2483,64,650,303,450,0.9547
2493,1141,23223,572,570,299,505,0.9515
2494,1142,12081,646,700,241,452,0.9704
2495,1142,25438,121,821,256,256,0.9647
2496,1142,2483,574,117,298,449,0.9548
2497,1142,23223,63,131,303,497,0.9511
2498,1143,25438,124,833,260,267,0.9683
2499,1143,12081,654,705,251,465,0.967
2500,1143,23223,67,159,301,506,0.9524
2501,1143,2483,568,153,302,433,0.9411
2502,1144,3483,604,846,278,187,0.9677
2503,1144,25469,52,857,372,218,0.96
2504,1144,16262,574,196,244,231,0.9595
2505,1144,31885,57,171,438,488,0.9561
2506,1148,41768,558,632,268,309,0.9649
2507,1148,16232,148,731,194,194,0.9629
2508,1148,3351,384,161,184,189,0.9544
2509,1149,41768,598,720,264,311,0.9664
2510,1149,3351,429,221,184,183,0.9631
2511,1149,16232,190,820,192,190,0.9604
2512,1150,3483,562,814,265,218,0.9757
2513,1150,34597,82,54,407,463,0.9687
2514,1150,29667,630,164,223,215,0.9583
2515,1150,27777,177,812,175,199,0.9537
2516,1153,3483,600,868,259,230,0.981
2517,1153,19861,127,865,221,168,0.9755
2518,1153,22347,145,210,204,197,0.9694
2519,1153,16232,646,175,190,186,0.961
2520,1154,3483,573,834,262,235,0.9859
2521,1154,19861,92,827,226,177,0.9762
2522,1154,22347,128,202,201,195,0.9687
2523,1154,16232,617,172,185,180,0.9632
2524,1155,3483,146,220,252,222,0.9791
2525,1155,22347,642,861,213,208,0.9731
2526,1155,19861,637,277,222,171,0.9701
2527,1155,16232,144,899,196,193,0.9628
2528,1156,16262,573,309,242,234,0.9621
2529,1156,3351,393,858,190,190,0.96
2530,1156,13900,184,284,204,228,0.9546
2531,1157,13900,555,716,212,241,0.9627
2532,1157,16262,111,676,249,246,0.9604
2533,1157,3351,355,181,184,189,0.9554
2534,1158,13900,594,806,207,236,0.9684
2535,1158,16262,153,767,244,238,0.9661
2536,1158,3351,398,243,185,183,0.9604
2537,1159,16232,646,294,189,194,0.9642
2538,1159,3351,403,809,188,190,0.9602
2539,1159,18357,154,300,238,356,0.931
2540,1161,16232,131,816,189,189,0.9585
2541,1161,3351,388,281,184,182,0.9503
2542,1161,18357,586,616,238,371,0.9464
2543,1163,10221,657,199,223,214,0.9717
2544,1163,3544,119,186,207,200,0.9648
2545,1163,16551,39,604,306,471,0.9559
2546,1163,29451,493,803,410,241,0.9529
2547,1164,10221,628,193,218,214,0.9714
2548,1164,29451,463,766,417,248,0.9643
2549,1164,3544,104,181,201,198,0.962
2550,1164,16551,11,555,304,481,0.9548
2551,1166,25469,576,183,324,288,0.9745
2552,1166,3483,126,274,271,188,0.9581
2553,1166,25367,568,683,394,493,0.9541
2554,1166,36637,133,828,180,264,0.9428
2555,1167,25469,90,829,334,302,0.9747
2556,1167,3483,602,846,278,186,0.9643
2557,1167,25367,46,90,394,477,0.9595
2558,1167,36637,675,173,175,255,0.9452
2559,1168,25469,50,787,344,302,0.9741
2560,1168,30308,42,15,348,427,0.9647
2561,1168,3483,575,812,281,193,0.9613
2562,1168,29667,591,169,218,215,0.9566
2563,1170,25469,89,830,335,301,0.9725
2564,1170,3483,603,846,278,187,0.9676
2565,1170,30308,53,24,363,440,0.9652
2566,1170,29667,620,172,224,216,0.956
2567,1171,10221,93,789,225,221,0.9766
2568,1171,4543,640,152,203,199,0.9643
2569,1171,3544,123,183,202,198,0.9622
2570,1171,16548,579,745,240,234,0.9518
2571,1173,10221,644,263,218,211,0.9751
2572,1173,4543,104,906,214,212,0.9615
2573,1173,16548,160,286,232,224,0.9581
2574,1173,3544,647,877,214,212,0.9562
2575,1174,27653,673,256,219,200,0.9702
2576,1174,29667,126,865,228,226,0.9642
2577,1174,3483,135,291,275,171,0.9611
2578,1174,30308,577,759,393,425,0.9526
2579,1176,27653,94,852,222,206,0.9708
2580,1176,30308,41,76,387,419,0.9609
2581,1176,29667,634,181,221,214,0.9608
2582,1176,3483,589,846,281,169,0.9507
2583,1178,3483,537,780,268,224,0.9691
2584,1178,31885,104,48,405,500,0.9569
2585,1178,20238,576,191,221,214,0.9541
2586,1178,27777,145,778,178,205,0.954
2587,1180,21325,188,307,166,227,0.9563
2588,1180,3351,396,916,191,192,0.9551
2589,1180,19232,495,233,328,255,0.9439
2590,1184,24850,673,829,189,299,0.9649
2591,1184,1900,188,274,202,138,0.9605
2592,1184,16548,142,878,243,239,0.9586
2593,1184,21026,687,275,175,173,0.9534
2594,1185,24850,137,144,186,290,0.966
2595,1185,16548,602,151,237,224,0.9485
2596,1185,21026,126,866,178,177,0.9477
2597,1185,1900,610,901,205,136,0.9393
2598,1186,5094,551,191,272,267,0.9681
2599,1186,4378,138,105,214,441,0.9496
2600,1186,19552,511,559,321,491,0.9492
2601,1186,2483,85,678,234,479,0.9492
2602,1187,5094,104,800,280,274,0.9728
2603,1187,4378,593,698,212,458,0.9643
2604,1187,19552,108,157,321,489,0.9502
2605,1187,2483,615,56,227,477,0.9479
2606,1189,3743,118,785,324,322,0.9725
2607,1189,12081,601,709,235,450,0.9655
2608,1189,22627,97,133,313,485,0.9524
2609,1189,2483,590,73,245,471,0.9434
2610,1190,3743,119,796,330,329,0.9744
2611,1190,12081,610,713,242,469,0.9625
2612,1190,22627,98,153,311,499,0.9532
2613,1190,2483,585,107,236,459,0.9347
2614,1191,12081,109,113,226,426,0.9681
2615,1191,3743,493,167,313,299,0.9648
2616,1191,22627,531,586,310,488,0.9531
2617,1191,2483,89,666,252,472,0.9396
2618,1192,24850,645,207,180,275,0.9581
2619,1192,16551,85,694,295,499,0.9541
2620,1192,1900,644,854,205,174,0.9429
2621,1192,33009,86,255,368,212,0.933
2622,1194,24850,164,819,182,291,0.9611
2623,1194,16551,613,62,285,482,0.9418
2624,1194,33009,548,836,376,200,0.937
2625,1194,1900,150,256,198,162,0.926
2626,1196,3483,170,278,261,216,0.971
2627,1196,28763,614,887,223,213,0.9678
2628,1196,27777,639,294,175,195,0.9595
2629,1196,35206,139,706,241,413,0.9594
2630,1197,3483,565,812,266,218,0.9711
2631,1197,28763,163,179,214,201,0.966
2632,1197,35206,615,142,222,401,0.9584
2633,1197,27777,180,814,174,199,0.9564
2634,1198,3483,565,815,264,218,0.9759
2635,1198,28763,130,216,212,202,0.9642
2636,1198,20238,604,197,227,215,0.9595
2637,1198,27777,179,816,174,199,0.9569
2638,1199,3483,171,275,260,218,0.9699
2639,1199,28763,648,851,221,214,0.9682
2640,1199,20238,152,851,233,225,0.9627
2641,1199,27777,639,293,176,195,0.9609
2642,1201,3544,145,189,202,197,0.9614
2643,1201,16548,585,213,232,223,0.9591
2644,1201,12247,583,813,213,157,0.9525
2645,1201,21026,102,822,180,181,0.9517
2646,1204,3351,393,861,192,192,0.9589
2647,1204,22074,687,264,182,185,0.9581
2648,1204,32310,68,215,340,254,0.9574
2649,1206,22074,93,854,184,187,0.959
2650,1206,3351,397,225,183,183,0.9555
2651,1206,32310,570,816,350,270,0.9508
2652,1207,22347,686,813,213,207,0.9708
2653,1207,16232,152,827,192,193,0.9631
2654,1207,3483,170,278,260,216,0.9625
2655,1207,27777,638,294,176,195,0.9603
2656,1209,3483,566,813,265,217,0.9684
2657,1209,22347,101,260,206,199,0.9659
2658,1209,16232,643,251,188,182,0.9597
2659,1209,27777,180,815,174,199,0.956
2660,1210,3483,648,749,213,267,0.9756
2661,1210,20877,117,769,332,230,0.9725
2662,1210,35206,659,175,225,403,0.9673
2663,1210,34597,68,142,471,383,0.9568
2664,1212,3483,142,292,211,258,0.9823
2665,1212,20877,543,293,329,238,0.9757
2666,1212,34597,456,707,483,404,0.9574
2667,1212,35206,96,673,239,411,0.9562
2668,1213,5886,594,681,233,491,0.9654
2669,1213,25438,127,836,256,256,0.9624
2670,1213,22627,103,3,314,484,0.9623
2671,1213,2483,662,63,200,487,0.9578
2672,1214,25438,130,848,260,268,0.9647
2673,1214,5886,600,682,244,505,0.9598
2674,1214,22627,105,16,314,513,0.9563
2675,1214,2483,654,101,200,466,0.9467
2676,1216,10221,131,848,227,225,0.9683
2677,1216,3544,660,866,214,212,0.9589
2678,1216,16551,619,178,282,465,0.9549
2679,1216,27926,158,173,262,457,0.9429
2680,1219,10221,650,208,217,215,0.9709
2681,1219,3544,105,242,203,199,0.9635
2682,1219,16551,65,581,337,465,0.9563
2683,1219,29345,577,666,287,450,0.9524
2684,1220,10221,679,216,222,213,0.9725
2685,1220,16551,94,629,338,455,0.9609
2686,1220,3544,121,252,208,201,0.9602
2687,1220,29345,604,703,286,445,0.9533
2688,1222,27653,61,811,225,211,0.974
2689,1222,25367,92,105,321,493,0.965
2690,1222,3483,562,811,284,176,0.9573
2691,1222,36637,613,202,186,243,0.952
2692,1224,27653,95,853,222,206,0.9708
2693,1224,25367,114,119,326,507,0.9607
2694,1224,3483,591,845,281,169,0.9509
2695,1224,36637,643,210,189,246,0.9383
2696,1226,3483,600,868,259,229,0.9832
2697,1226,19861,127,865,221,168,0.9759
2698,1226,31885,122,4,323,548,0.9559
2699,1226,35206,583,97,287,377,0.9552
2700,1227,3483,145,220,253,223,0.981
2701,1227,19861,638,277,221,172,0.9698
2702,1227,35206,106,774,302,391,0.9616
2703,1227,31885,549,690,328,561,0.953
2704,1232,3483,145,287,212,258,0.9814
2705,1232,20877,594,257,323,246,0.9696
2706,1232,29667,134,859,229,226,0.9585
2707,1232,31885,543,658,406,526,0.958
2708,1235,21771,161,807,189,185,0.9577
2709,1235,16548,621,145,238,227,0.947
2710,1235,33009,547,837,377,200,0.9312
2711,1235,1900,150,255,198,163,0.9295
2712,1237,44199,633,801,164,281,0.9585
2713,1237,31705,170,686,252,443,0.9563
2714,1237,16548,613,189,238,225,0.9534
2715,1237,1900,104,270,203,124,0.9397
2716,1238,31705,573,175,248,420,0.9512
2717,1238,44199,208,233,159,271,0.9484
2718,1238,16548,131,844,243,237,0.9479
2719,1238,1900,686,879,210,134,0.9419
2720,1239,31705,139,644,252,451,0.9608
2721,1239,44199,605,770,169,286,0.9572
2722,1239,16548,585,181,232,226,0.9539
2723,1239,1900,88,260,199,127,0.9481
2724,1242,16551,544,92,287,465,0.9497
2725,1242,29345,88,707,288,446,0.9485
2726,1242,44199,637,805,163,287,0.9447
2727,1242,1900,160,260,125,198,0.9424
2728,1243,27733,124,768,316,277,0.9694
2729,1243,3483,609,792,272,206,0.9662
2730,1243,30308,66,139,381,427,0.9631
2731,1243,35206,601,127,257,390,0.9592
2732,1244,27733,565,261,301,266,0.9728
2733,1244,3483,127,307,266,205,0.968
2734,1244,35206,122,732,275,402,0.9633
2735,1244,30308,561,689,385,431,0.9496
2736,1245,27733,87,721,327,284,0.9644
2737,1245,3483,581,758,274,211,0.9633
2738,1245,30308,54,122,365,416,0.9609
2739,1245,35206,573,118,247,381,0.9596
2740,1246,3483,536,779,268,225,0.9737
2741,1246,34597,56,80,398,464,0.9715
2742,1246,16262,575,187,239,229,0.9577
2743,1246,27777,144,777,178,205,0.9555
2744,1248,3483,172,276,259,216,0.9749
2745,1248,34597,522,665,417,477,0.9656
2746,1248,27777,640,293,176,195,0.96
2747,1248,16262,138,836,250,241,0.9574
2748,1250,5094,104,812,287,284,0.9622
2749,1250,4378,599,699,223,474,0.9564
2750,1250,12778,99,48,301,543,0.947
2751,1250,2483,610,92,216,466,0.9387
2752,1251,5094,550,191,272,268,0.9669
2753,1251,2483,84,676,235,481,0.951
2754,1251,4378,136,105,216,443,0.9471
2755,1251,12778,543,649,300,525,0.9402
2756,1252,20877,72,798,327,244,0.9709
2757,1252,3483,644,753,215,266,0.9676
2758,1252,30308,76,81,395,411,0.962
2759,1252,29667,625,187,224,215,0.9576
2760,1254,20877,40,756,327,251,0.9748
2761,1254,3483,617,721,215,271,0.9701
2762,1254,30308,65,68,381,400,0.9649
2763,1254,29667,596,182,218,215,0.9554
2764,1256,19607,657,273,155,148,0.96
2765,1256,31705,135,128,244,421,0.9528
2766,1256,16551,90,664,307,487,0.9509
2767,1256,1900,643,829,171,201,0.942
2768,1261,27653,95,853,222,206,0.972
2769,1261,22347,141,170,204,197,0.9689
2770,1261,16232,649,230,192,181,0.9633
2771,1261,3483,590,846,281,170,0.9451
2772,1262,27653,61,811,225,210,0.9738
2773,1262,22347,125,165,201,194,0.9642
2774,1262,16232,620,221,187,182,0.9575
2775,1262,3483,562,811,284,176,0.9454
2776,1263,22347,645,901,215,208,0.9717
2777,1263,27653,672,255,219,200,0.9693
2778,1263,3483,135,290,274,172,0.9649
2779,1263,16232,141,846,197,193,0.9594
2780,1264,31863,638,321,205,206,0.9719
2781,1264,36637,228,320,203,236,0.9575
2782,1264,3351,392,861,189,191,0.9488
2783,1265,31863,81,705,207,213,0.9807
2784,1265,36637,505,663,210,250,0.9526
2785,1265,3351,356,178,184,188,0.9518
2786,1269,13900,620,762,175,260,0.9689
2787,1269,3351,362,233,184,182,0.9648
2788,1269,36637,218,770,210,239,0.9416
2789,1270,16548,115,853,241,239,0.9653
2790,1270,27926,149,144,254,459,0.9514
2791,1270,1900,631,895,209,134,0.9355
2792,1270,18110,640,269,299,287,0.9257
2793,1272,16548,629,178,238,226,0.9512
2794,1272,18110,49,739,304,288,0.9499
2795,1272,1900,157,251,203,125,0.9493
2796,1272,27926,597,673,256,481,0.9464
2797,1273,13395,107,48,249,487,0.9653
2798,1273,25438,554,204,249,252,0.9621
2799,1273,2483,108,678,224,492,0.9485
2800,1273,6192,542,590,296,531,0.9427
2801,1274,25438,123,811,256,257,0.9659
2802,1274,13395,588,711,239,501,0.9594
2803,1274,2483,600,46,217,485,0.946
2804,1274,6192,96,72,303,538,0.9358
2805,1278,3351,418,256,184,181,0.9589
2806,1278,38162,622,704,189,297,0.9562
2807,1278,3832,149,604,304,417,0.9338
2808,1279,21771,674,288,188,180,0.9675
2809,1279,1900,648,857,210,155,0.9618
2810,1279,16551,92,764,297,502,0.9506
2811,1279,31705,124,132,245,423,0.9478
2812,1280,21771,91,811,195,190,0.9684
2813,1280,31705,605,692,255,452,0.9557
2814,1280,16551,574,0,279,456,0.949
2815,1280,1900,123,261,198,148,0.9391
2816,1282,3743,499,127,312,302,0.9681
2817,1282,13395,83,85,235,484,0.9627
2818,1282,2483,58,646,204,487,0.9551
2819,1282,19552,507,590,310,498,0.9527
2820,1284,3743,117,826,322,323,0.9733
2821,1284,13395,630,673,229,501,0.9619
2822,1284,2483,672,80,205,484,0.9566
2823,1284,19552,120,117,312,500,0.9493
2824,1290,29345,589,535,272,443,0.9535
2825,1290,18110,44,723,311,298,0.95
2826,1290,16548,539,140,229,226,0.9472
2827,1290,1900,163,258,126,198,0.9392
2828,1293,3483,536,779,269,225,0.9712
2829,1293,30308,115,86,311,446,0.9637
2830,1293,27777,145,778,178,205,0.9549
2831,1293,20238,576,192,220,213,0.9548
2832,1294,27653,95,852,222,207,0.9698
2833,1294,34597,13,46,417,453,0.9673
2834,1294,35206,679,154,202,407,0.9631
2835,1294,3483,591,845,281,170,0.9515
2836,1295,27653,61,811,226,210,0.9752
2837,1295,34597,5,22,402,455,0.9678
2838,1295,35206,650,144,199,399,0.962
2839,1295,3483,562,811,284,176,0.9591
2840,1296,27653,672,255,219,200,0.9684
2841,1296,3483,134,291,275,171,0.964
2842,1296,34597,568,734,406,470,0.9623
2843,1296,35206,105,686,205,421,0.9613
2844,1297,12420,689,273,183,173,0.9645
2845,1297,3544,646,921,215,214,0.9642
2846,1297,16548,153,247,229,223,0.961
2847,1297,4543,157,891,215,213,0.959
2848,1298,4543,617,169,208,201,0.9659
2849,1298,3544,141,146,206,201,0.9625
2850,1298,12420,117,861,188,182,0.9617
2851,1298,16548,618,828,237,229,0.9502
2852,1300,27653,94,852,223,206,0.969
2853,1300,31885,76,124,466,469,0.9613
2854,1300,29667,634,181,221,214,0.9606
2855,1300,3483,589,846,281,169,0.9459
2856,1302,27653,60,811,225,210,0.9744
2857,1302,31885,60,101,446,465,0.9621
2858,1302,29667,604,177,216,213,0.9621
2859,1302,3483,561,811,284,176,0.9477
2860,1305,44199,140,294,281,147,0.9637
2861,1305,16551,77,668,338,473,0.9559
2862,1305,27926,600,159,255,454,0.9468
2863,1305,1900,633,894,209,136,0.9403
2864,1309,27733,561,256,302,264,0.972
2865,1309,3483,126,306,267,204,0.971
2866,1309,28763,582,871,224,212,0.9677
2867,1309,29667,88,863,230,228,0.9637
2868,1311,28763,176,188,208,199,0.9698
2869,1311,27733,92,727,326,283,0.9669
2870,1311,29667,640,178,218,212,0.9607
2871,1311,3483,580,758,275,211,0.96
2872,1312,5094,109,805,281,276,0.9693
2873,1312,5886,598,684,235,491,0.9684
2874,1312,22627,71,58,324,481,0.9568
2875,1312,2483,617,52,253,469,0.9488
2876,1315,3351,422,879,191,192,0.9534
2877,1315,19232,545,209,296,288,0.9437
2878,1315,16688,147,86,272,620,0.9359
2879,1316,3351,326,161,185,188,0.9524
2880,1316,16688,515,480,292,659,0.9402
2881,1316,19232,82,695,309,304,0.9156
2882,1322,5094,551,191,272,268,0.9708
2883,1322,6192,484,593,341,503,0.9537
2884,1322,4378,139,105,213,441,0.9522
2885,1322,2483,85,677,234,481,0.9504
2886,1323,5094,104,800,281,275,0.9728
2887,1323,4378,593,697,213,459,0.9651
2888,1323,6192,123,104,340,504,0.9475
2889,1323,2483,616,55,224,479,0.9461
2890,1326,20238,601,839,226,224,0.9635
2891,1326,3351,370,246,183,182,0.9548
2892,1326,18357,162,673,264,347,0.9422
2893,1327,29451,512,243,408,223,0.9647
2894,1327,1900,646,846,185,188,0.9576
2895,1327,16548,166,814,242,238,0.9526
2896,1327,44199,176,233,199,262,0.9512
2897,1328,29451,70,842,416,218,0.9678
2898,1328,44199,628,811,206,269,0.9563
2899,1328,16548,581,217,237,227,0.953
2900,1328,1900,168,249,181,180,0.9175
2901,1329,29451,35,799,423,228,0.9678
2902,1329,16548,554,208,230,225,0.9523
2903,1329,44199,600,779,210,275,0.9477
2904,1329,1900,148,240,180,180,0.9411
2905,1330,25469,90,829,332,302,0.9749
2906,1330,3483,603,846,278,186,0.9699
2907,1330,34597,90,164,446,421,0.9638
2908,1330,35206,609,120,236,401,0.963
2909,1331,25469,52,786,341,303,0.9738
2910,1331,34597,73,133,436,427,0.9662
2911,1331,3483,576,811,280,193,0.9648
2912,1331,35206,582,112,226,391,0.962
2913,1332,25469,575,184,323,289,0.9727
2914,1332,35206,137,728,246,411,0.961
2915,1332,34597,460,648,452,439,0.9607
2916,1332,3483,125,275,271,188,0.9556
2917,1333,3351,401,922,191,192,0.9586
2918,1333,36637,158,285,193,244,0.9531
2919,1333,20014,579,283,339,318,0.9353
2920,1337,29451,497,819,399,268,0.9578
2921,1337,18110,77,791,306,288,0.9527
2922,1337,16548,578,188,237,227,0.9505
2923,1337,1900,167,248,183,179,0.9179
2924,1340,24850,581,287,290,167,0.9646
2925,1340,31705,137,126,244,420,0.9533
2926,1340,1900,644,860,210,157,0.9512
2927,1340,16548,187,824,241,238,0.9502
2928,1345,25469,90,830,333,299,0.974
2929,1345,31885,168,130,424,497,0.9604
2930,1345,3483,602,846,279,187,0.9597
2931,1345,29667,618,174,224,216,0.9514
2932,1347,25469,576,185,324,285,0.9729
2933,1347,31885,416,616,421,512,0.966
2934,1347,3483,127,274,270,188,0.9609
2935,1347,29667,142,871,228,226,0.9585
2936,1348,31863,187,266,204,206,0.9704
2937,1348,22074,674,310,185,188,0.961
2938,1348,3351,362,880,191,190,0.9567
2939,1350,31863,589,857,205,206,0.9805
2940,1350,22074,107,815,184,187,0.9636
2941,1350,3351,427,220,185,183,0.9528
2942,1353,3483,170,278,260,216,0.9721
2943,1353,34597,513,679,442,457,0.9625
2944,1353,27777,638,294,176,195,0.9609
2945,1353,16232,153,828,191,192,0.9597
2946,1354,3483,142,292,210,258,0.9795
2947,1354,20877,543,294,330,237,0.9773
2948,1354,30308,577,736,343,463,0.9539
2949,1354,36637,166,798,190,257,0.9471
2950,1355,20877,86,725,332,240,0.9755
2951,1355,3483,622,716,212,271,0.9667
2952,1355,30308,81,48,322,441,0.963
2953,1355,36637,604,202,179,248,0.9568
2954,1357,12420,627,815,191,186,0.9721
2955,1357,6563,164,673,220,364,0.9664
2956,1357,16548,578,170,231,224,0.9645
2957,1357,3544,95,230,203,199,0.9619
2958,1358,12420,654,848,190,181,0.9674
2959,1358,6563,197,715,216,358,0.9661
2960,1358,3544,112,241,207,201,0.958
2961,1358,16548,605,176,238,225,0.9514
2962,1359,12420,164,277,184,180,0.9669
2963,1359,6563,583,232,212,340,0.9663
2964,1359,16548,140,854,242,238,0.961
2965,1359,3544,675,828,212,210,0.9572
2966,1361,29667,628,690,231,231,0.9674
2967,1361,3351,358,149,183,188,0.955
2968,1361,19232,169,649,242,357,0.9466
2969,1363,16262,118,292,244,236,0.9642
2970,1363,33880,453,242,433,291,0.9622
2971,1363,3351,433,887,190,192,0.9565
2972,1366,27653,673,256,219,199,0.9705
2973,1366,3483,134,290,275,172,0.9688
2974,1366,22347,663,838,213,207,0.9668
2975,1366,29667,126,864,229,227,0.9648
2976,1367,27653,60,811,225,210,0.974
2977,1367,22347,108,226,201,194,0.968
2978,1367,29667,604,176,217,213,0.9647
2979,1367,3483,561,811,284,176,0.9421
2980,1369,3483,600,868,259,230,0.984
2981,1369,19861,126,865,221,168,0.9752
2982,1369,22347,120,214,204,198,0.9684
2983,1369,16262,640,178,243,230,0.9581
2984,1371,3483,573,835,262,234,0.9869
2985,1371,19861,92,826,227,176,0.976
2986,1371,22347,104,206,200,194,0.9691
2987,1371,16262,610,172,239,229,0.9498
2988,1372,3743,75,813,332,329,0.9701
2989,1372,5886,615,695,235,513,0.9595
2990,1372,22627,83,84,322,498,0.9566
2991,1372,2483,597,115,288,442,0.9458
2992,1376,33208,151,296,207,197,0.9725
2993,1376,16551,91,699,293,502,0.9467
2994,1376,1900,641,858,207,167,0.9402
2995,1376,33009,584,242,358,238,0.9392
2996,1377,33208,642,806,210,200,0.9777
2997,1377,16551,608,55,282,483,0.9519
2998,1377,33009,46,825,363,231,0.9375
2999,1377,1900,150,257,201,156,0.9244
3000,1378,3483,146,220,253,222,0.98
3001,1378,22347,624,869,213,209,0.9726
3002,1378,19861,638,277,221,171,0.9702
3003,1378,35206,107,775,301,391,0.9611
3004,1379,3483,600,868,258,230,0.9827
3005,1379,19861,126,865,222,168,0.9751
3006,1379,22347,162,202,205,198,0.971
3007,1379,35206,585,97,284,376,0.9577
3008,1381,32310,32,233,366,236,0.9657
3009,1381,21325,632,276,238,140,0.9635
3010,1381,3351,406,844,192,191,0.9612
3011,1384,3483,565,815,265,218,0.9703
3012,1384,25367,52,93,418,457,0.9617
3013,1384,20238,604,197,226,215,0.9603
3014,1384,27777,179,815,174,199,0.9568
3015,1385,3483,537,779,268,225,0.971
3016,1385,25367,40,79,403,447,0.9611
3017,1385,20238,576,192,221,213,0.9547
3018,1385,27777,145,778,178,205,0.9545
3019,1386,3483,172,276,260,217,0.969
3020,1386,27777,639,293,175,195,0.9604
3021,1386,25367,535,701,420,471,0.9588
3022,1386,20238,152,851,232,225,0.9584
3023,1387,3483,642,759,204,270,0.9798
3024,1387,20877,140,832,280,313,0.9761
3025,1387,22347,112,241,206,197,0.9671
3026,1387,20238,602,182,226,216,0.9521
3027,1390,25438,157,872,262,267,0.9661
3028,1390,22362,605,748,268,418,0.9661
3029,1390,2483,600,118,207,466,0.9523
3030,1390,22627,112,159,363,461,0.9504
3031,1392,22362,598,745,256,406,0.9675
3032,1392,25438,155,860,256,256,0.9653
3033,1392,2483,605,81,217,479,0.9555
3034,1392,22627,107,133,368,453,0.9459
3035,1393,3483,172,276,260,217,0.9715
3036,1393,22347,683,871,214,208,0.9711
3037,1393,27777,640,293,176,195,0.9604
3038,1393,16262,137,837,249,242,0.9575
3039,1395,22347,89,194,201,195,0.9664
3040,1395,3483,535,779,269,225,0.9662
3041,1395,16262,575,187,239,229,0.9548
3042,1395,27777,144,778,178,205,0.9547
3043,1396,5094,524,163,271,266,0.9756
3044,1396,13395,79,86,236,482,0.9666
3045,1396,2483,81,660,217,489,0.9601
3046,1396,19552,509,596,325,488,0.9473
3047,1401,25469,575,185,322,287,0.9713
3048,1401,22347,651,852,214,208,0.9683
3049,1401,29667,139,871,229,227,0.9661
3050,1401,3483,127,274,270,187,0.9582
3051,1402,33880,458,196,390,364,0.9695
3052,1402,3351,425,885,190,192,0.9563
3053,1402,20238,85,335,226,221,0.9493
3054,1404,33880,116,741,391,374,0.9695
3055,1404,3351,366,214,185,184,0.956
3056,1404,20238,669,763,227,222,0.95
3057,1407,33880,105,680,315,434,0.9694
3058,1407,3351,379,230,185,182,0.9572
3059,1407,38162,604,793,246,255,0.9432
3060,1408,33208,658,900,218,210,0.975
3061,1408,1900,188,274,202,138,0.9612
3062,1408,21026,687,275,176,173,0.9526
3063,1408,16548,74,807,240,237,0.9502
3064,1411,27653,96,853,223,206,0.9736
3065,1411,30308,69,128,387,420,0.9649
3066,1411,3483,591,845,281,169,0.9401
3067,1411,36637,643,209,189,246,0.9379
3068,1413,27653,671,255,218,200,0.9701
3069,1413,3483,133,292,275,171,0.9634
3070,1413,30308,549,708,395,421,0.9536
3071,1413,36637,151,802,195,256,0.9492
3072,1414,10221,601,192,216,214,0.97
3073,1414,3544,110,195,202,199,0.9645
3074,1414,27926,552,599,279,483,0.9536
3075,1414,16548,55,775,240,235,0.9488
3076,1418,10224,562,91,241,396,0.9661
3077,1418,31705,593,699,253,453,0.9623
3078,1418,1900,127,256,198,151,0.9581
3079,1418,16551,104,647,291,496,0.9565
3080,1420,3351,410,875,190,190,0.9643
3081,1420,41768,98,241,293,263,0.9639
3082,1420,16688,550,68,258,609,0.9496
3083,1421,3351,339,166,184,189,0.9549
3084,1421,41768,556,721,299,285,0.9509
3085,1421,16688,115,514,269,655,0.9269
3086,1424,3483,536,777,268,224,0.9669
3087,1424,35206,584,134,218,392,0.9614
3088,1424,31885,96,74,366,523,0.9574
3089,1424,27777,145,776,178,205,0.9548
3090,1425,3483,565,813,265,217,0.9741
3091,1425,35206,612,142,225,401,0.9579
3092,1425,31885,112,97,376,528,0.9567
3093,1425,27777,179,814,174,199,0.9557
3094,1429,10221,679,216,223,213,0.9707
3095,1429,3544,121,252,207,201,0.9593
3096,1429,29345,605,704,285,445,0.9528
3097,1429,16548,125,830,237,228,0.9492
3098,1431,10221,650,208,218,214,0.9718
3099,1431,16548,92,790,239,236,0.9643
3100,1431,3544,105,242,203,200,0.9601
3101,1431,29345,579,667,285,449,0.9528
3102,1433,3351,369,173,181,185,0.9577
3103,1433,32310,0,664,302,327,0.948
3104,1433,38162,608,756,294,209,0.9439
3105,1435,13900,171,341,172,254,0.9651
3106,1435,3351,399,854,188,190,0.9597
3107,1435,20238,589,309,224,216,0.9475
3108,1436,13900,601,626,177,267,0.9645
3109,1436,3351,350,186,183,188,0.952
3110,1436,20238,111,700,230,230,0.9447
3111,1438,6563,583,232,212,340,0.9673
3112,1438,16548,206,841,243,239,0.9566
3113,1438,3544,699,859,213,211,0.956
3114,1438,12247,174,303,206,126,0.9431
3115,1439,6563,166,673,221,365,0.9667
3116,1439,3544,73,201,201,199,0.9643
3117,1439,12247,591,848,215,130,0.9551
3118,1439,16548,514,181,232,225,0.9526
3119,1441,27733,92,728,326,283,0.9684
3120,1441,22347,119,174,201,193,0.9683
3121,1441,36637,593,204,253,169,0.9533
3122,1441,3483,580,759,276,210,0.9522
3123,1442,27733,129,778,314,276,0.9686
3124,1442,22347,135,179,205,197,0.9647
3125,1442,3483,608,792,273,206,0.9578
3126,1442,36637,622,209,258,171,0.9482
3127,1444,3743,482,150,319,303,0.9658
3128,1444,4378,132,106,223,439,0.9526
3129,1444,2483,94,693,212,486,0.9471
3130,1444,23223,521,626,296,510,0.9412
3131,1446,3743,129,802,329,320,0.9656
3132,1446,4378,589,699,223,455,0.964
3133,1446,2483,632,30,199,486,0.9559
3134,1446,23223,119,70,300,503,0.9501
3135,1447,10221,628,193,218,214,0.9699
3136,1447,29451,464,766,416,248,0.9619
3137,1447,16548,46,791,240,235,0.9611
3138,1447,3544,104,181,201,198,0.9606
3139,1449,10221,658,200,223,213,0.972
3140,1449,3544,119,186,207,200,0.9645
3141,1449,16548,81,833,236,226,0.9501
3142,1449,29451,495,804,408,240,0.948
3143,1450,25438,123,811,256,257,0.9653
3144,1450,13395,588,711,239,499,0.9582
3145,1450,12778,110,63,294,523,0.9488
3146,1450,2483,601,45,214,484,0.9466
3147,1452,25438,124,824,261,268,0.9659
3148,1452,13395,602,711,232,521,0.9647
3149,1452,12778,111,77,295,548,0.9459
3150,1452,2483,595,85,209,467,0.9328
3151,1453,3351,459,907,190,192,0.9538
3152,1453,16688,482,124,420,526,0.9438
3153,1453,18357,52,310,273,330,0.93
3154,1455,3351,334,192,184,183,0.9475
3155,1455,18357,654,650,276,341,0.9404
3156,1455,16688,75,629,433,577,0.9279
3157,1458,4378,641,704,222,455,0.9657
3158,1458,25438,109,829,256,256,0.9651
3159,1458,2483,607,69,249,469,0.9559
3160,1458,23223,72,166,304,501,0.9525
3161,1459,5094,105,811,284,287,0.9681
3162,1459,12081,649,691,244,470,0.9649
3163,1459,22627,72,181,319,480,0.9569
3164,1459,2483,623,73,228,462,0.9532
3165,1460,5094,547,190,272,268,0.9746
3166,1460,12081,71,131,226,428,0.9653
3167,1460,22627,546,573,319,484,0.9528
3168,1460,2483,51,702,251,476,0.9351
3169,1461,5094,104,800,279,277,0.9733
3170,1461,12081,641,685,236,455,0.9605
3171,1461,22627,68,153,324,476,0.9581
3172,1461,2483,629,36,240,475,0.9526
3173,1462,27653,671,255,219,200,0.9694
3174,1462,3483,133,291,275,172,0.9662
3175,1462,20238,133,868,232,228,0.961
3176,1462,25367,526,677,420,464,0.9584
3177,1463,27653,96,853,223,206,0.97
3178,1463,25367,58,122,420,454,0.9588
3179,1463,20238,623,179,226,215,0.9549
3180,1463,3483,590,845,281,170,0.9489
3181,1464,27653,62,812,225,210,0.9746
3182,1464,25367,46,106,405,445,0.9607
3183,1464,3483,564,811,283,176,0.9602
3184,1464,20238,594,175,221,214,0.9504
3185,1466,27653,61,811,225,210,0.9732
3186,1466,22347,107,179,199,194,0.9659
3187,1466,16262,594,177,238,228,0.9609
3188,1466,3483,562,811,284,176,0.9589
3189,1473,19607,152,218,157,154,0.9654
3190,1473,16551,573,90,282,482,0.9487
3191,1473,21026,126,867,178,177,0.947
3192,1473,1900,614,860,203,158,0.9282
3193,1474,27733,125,768,316,276,0.9708
3194,1474,3483,609,791,273,207,0.9655
3195,1474,34597,66,101,441,427,0.9634
3196,1474,36637,623,208,257,170,0.9434
3197,1476,34597,53,72,431,433,0.9663
3198,1476,27733,87,721,327,284,0.9639
3199,1476,3483,582,757,275,211,0.9539
3200,1476,36637,594,204,251,169,0.9519
3201,1477,3351,652,289,182,184,0.957
3202,1477,36637,86,232,243,212,0.9496
3203,1477,18357,359,680,247,370,0.9426
3204,1480,10221,160,262,217,212,0.9741
3205,1480,6563,593,239,211,342,0.9638
3206,1480,3544,643,877,214,212,0.9603
3207,1480,16548,172,835,242,238,0.9584
3208,1483,3483,145,220,253,222,0.984
3209,1483,19861,638,278,221,171,0.971
3210,1483,28763,631,898,223,214,0.9686
3211,1483,35206,107,774,301,390,0.9601
3212,1485,3483,600,868,259,230,0.9859
3213,1485,19861,126,865,221,168,0.976
3214,1485,28763,147,168,213,202,0.9662
3215,1485,35206,585,97,284,376,0.9585
3216,1488,31863,627,830,206,206,0.983
3217,1488,21325,213,826,201,200,0.9599
3218,1488,3351,392,207,184,182,0.9573
3219,1489,20238,184,281,225,216,0.9692
3220,1489,3351,402,850,190,191,0.9592
3221,1489,20014,536,288,339,318,0.9382
3222,1492,3351,378,905,191,190,0.9608
3223,1492,18147,526,297,342,355,0.9563
3224,1492,21325,184,277,160,233,0.9528
3225,1493,3351,367,136,185,191,0.9593
3226,1493,21325,597,721,161,242,0.9561
3227,1493,18147,57,545,350,375,0.9541
3228,1497,3483,565,838,263,237,0.9875
3229,1497,19861,85,826,226,176,0.9757
3230,1497,34597,60,55,303,503,0.9657
3231,1497,29667,611,199,217,214,0.9641
3232,1500,41768,573,859,347,180,0.9641
3233,1500,3351,351,238,184,181,0.9612
3234,1500,38162,199,735,184,297,0.9436
