annotation_id,image_id,category_id,bbox_x,bbox_y,bbox_w,bbox_h,score
1,1,24850,171,742,184,290,0.9583
2,1,16551,555,71,394,404,0.9511
3,1,1900,158,252,202,125,0.9473
4,1,27926,600,673,253,481,0.9414
5,3,24850,138,703,188,295,0.9608
6,3,16551,528,64,382,393,0.9508
7,3,27926,568,628,260,489,0.9376
8,3,1900,141,241,199,129,0.9329
9,4,24850,602,253,291,165,0.9596
10,4,1900,684,807,133,208,0.9565
11,4,29345,119,155,274,412,0.9516
12,4,16551,130,648,297,496,0.9476
13,4,33009,596,41,298,310,0.0028
14,4,16551,0,418,373,434,0.0018
15,4,33009,140,856,269,249,0.0014
16,4,16548,139,901,272,214,0.0012
17,5,24850,97,895,298,164,0.9644
18,5,16551,571,112,283,480,0.9532
19,5,1900,181,268,129,198,0.9514
20,5,29345,613,715,286,443,0.9514
21,5,33009,87,717,308,263,0.0054
22,5,33009,578,344,265,213,0.0037
23,5,16548,578,383,266,198,0.0023
24,5,33009,579,296,266,229,0.0014
25,5,10224,80,697,306,333,0.001
26,8,27653,96,854,223,206,0.9741
27,8,22347,131,220,203,197,0.9684
28,8,20238,623,178,226,215,0.9576
29,8,3483,591,845,281,170,0.9516
30,9,27653,62,812,225,210,0.9744
31,9,22347,115,212,200,195,0.9677
32,9,3483,563,811,284,176,0.9531
33,9,20238,594,174,220,213,0.9518
34,10,29451,103,234,409,223,0.9669
35,10,21771,644,290,188,182,0.9632
36,10,1900,646,846,185,187,0.9511
37,10,16548,103,807,240,237,0.9489
38,13,33880,477,245,438,275,0.9703
39,13,16232,143,331,195,191,0.9625
40,13,3351,431,854,189,191,0.9574
41,13,6563,460,628,52,73,0.0019
42,15,33880,49,785,442,276,0.9624
43,15,16232,643,797,195,191,0.9606
44,15,3351,360,248,185,183,0.9559
45,15,41149,600,0,375,94,0.0198
46,15,41149,619,0,356,65,0.01
47,17,3351,299,166,183,187,0.9633
48,17,35206,118,585,309,385,0.9627
49,17,41768,562,644,274,303,0.9585
50,17,15710,158,589,261,240,0.0016
51,19,27733,126,768,314,276,0.9716
52,19,28763,101,170,213,203,0.9676
53,19,3483,610,789,271,207,0.9654
54,19,36637,622,206,258,170,0.9445
55,23,27653,61,811,225,210,0.9754
56,23,16262,594,177,237,228,0.9611
57,23,25367,23,88,413,437,0.9606
58,23,3483,562,811,284,176,0.9577
59,23,30308,594,177,238,228,0.0056
60,23,10487,567,812,280,127,0.0012
61,24,27653,94,853,223,207,0.9699
62,24,16262,623,182,244,232,0.9607
63,24,25367,34,105,429,444,0.9594
64,24,3483,590,845,281,170,0.95
65,24,30308,623,183,244,229,0.0061
66,24,29345,607,7,369,412,0.002
67,24,25367,98,116,245,94,0.0015
68,27,25438,123,823,260,267,0.9668
69,27,13395,600,709,231,522,0.9658
70,27,23223,70,96,304,517,0.9503
71,27,2483,600,83,205,467,0.9392
72,28,3483,564,813,265,217,0.9737
73,28,35206,615,143,223,401,0.9581
74,28,25367,20,63,414,458,0.9569
75,28,27777,178,814,174,200,0.9562
76,28,15710,629,152,205,256,0.0011
77,29,3483,536,777,269,225,0.9683
78,29,35206,586,134,216,391,0.9621
79,29,25367,11,49,398,451,0.9607
80,29,27777,145,777,178,205,0.9546
81,29,15710,599,141,199,252,0.0022
82,31,12420,654,848,190,181,0.9682
83,31,6563,197,715,217,359,0.965
84,31,3544,112,241,207,201,0.96
85,31,16551,590,50,287,481,0.9527
86,31,16551,633,0,340,159,0.002
87,31,33009,114,239,205,203,0.0016
88,31,16548,114,247,205,195,0.0016
89,31,33009,599,261,269,216,0.0013
90,31,16548,115,322,202,119,0.0011
91,32,12420,164,277,184,180,0.9671
92,32,6563,584,231,211,340,0.9642
93,32,3544,674,828,213,211,0.9574
94,32,16551,106,705,296,501,0.9527
95,32,16548,677,918,208,119,0.0038
96,32,16548,676,838,213,201,0.0023
97,32,16548,592,398,197,162,0.0013
98,38,20877,86,725,332,240,0.9762
99,38,35206,625,162,216,394,0.9667
100,38,3483,621,716,213,270,0.9627
101,38,31885,114,29,401,504,0.957
102,40,3483,155,214,251,224,0.9851
103,40,19861,644,278,222,171,0.9721
104,40,29667,121,839,228,226,0.966
105,40,31885,620,608,327,562,0.9591
106,40,30308,120,836,231,228,0.003
107,41,3483,592,874,258,230,0.9881
108,41,19861,119,864,220,169,0.9735
109,41,29667,638,206,222,215,0.9636
110,41,31885,55,87,318,547,0.9562
111,41,30308,638,205,223,214,0.0031
112,42,3483,565,839,262,236,0.9854
113,42,19861,85,825,226,177,0.9748
114,42,29667,610,200,216,214,0.9637
115,42,31885,35,69,316,537,0.9521
116,42,30308,611,199,217,214,0.0022
117,42,31885,49,7,305,149,0.0011
118,44,29667,94,723,230,232,0.9653
119,44,13900,579,673,179,265,0.9645
120,44,3351,371,154,184,187,0.955
121,44,27733,773,1161,203,118,0.2317
122,44,16235,772,1150,204,130,0.04
123,44,20004,759,0,217,332,0.0024
124,44,30850,568,0,400,103,0.002
125,44,30308,95,722,228,229,0.0013
126,44,20004,630,0,345,109,0.0013
127,46,3743,119,785,324,322,0.9696
128,46,12081,601,707,235,452,0.9646
129,46,23223,99,114,312,495,0.9534
130,46,2483,591,74,245,472,0.9482
131,46,27733,775,0,199,107,0.0016
132,46,20877,770,0,206,73,0.0014
133,47,12081,109,113,227,426,0.9701
134,47,3743,494,167,314,298,0.9665
135,47,23223,528,591,311,500,0.9434
136,47,2483,89,666,253,472,0.9428
137,53,25438,132,853,260,267,0.9658
138,53,5886,605,682,241,507,0.9649
139,53,2483,650,104,214,467,0.9511
140,53,6192,95,103,364,488,0.9459
141,54,25438,546,177,247,252,0.9648
142,54,2483,68,662,206,488,0.9604
143,54,5886,113,84,232,477,0.957
144,54,6192,464,641,374,487,0.9558
145,54,18147,852,3,124,419,0.0024
146,55,3351,423,848,189,190,0.9549
147,55,16688,437,167,507,455,0.9359
148,55,20014,53,283,341,319,0.9333
149,55,16688,54,124,514,415,0.0985
150,55,16688,57,93,400,392,0.0051
151,55,16688,43,211,405,313,0.0037
152,55,34597,442,0,534,400,0.0014
153,55,16688,271,237,540,448,0.001
154,56,3351,325,193,185,190,0.9509
155,56,20014,550,618,347,343,0.9335
156,56,16688,0,556,515,502,0.9004
157,56,31885,662,1158,313,121,0.0047
158,56,20004,784,0,192,311,0.0019
159,58,3483,573,835,263,234,0.9885
160,58,19861,91,826,226,177,0.976
161,58,34597,38,49,391,468,0.9673
162,58,35206,556,92,277,367,0.9618
163,58,15710,584,97,250,226,0.002
164,60,3483,146,220,253,222,0.9854
165,60,19861,638,278,221,171,0.9708
166,60,34597,546,691,412,484,0.9661
167,60,35206,107,774,303,390,0.9614
168,60,16548,641,278,219,170,0.0018
169,62,18147,91,548,288,422,0.9539
170,62,3351,325,156,185,189,0.9489
171,62,36637,542,651,204,252,0.9459
172,62,27733,771,1161,205,119,0.0981
173,62,16235,781,1137,193,143,0.0044
174,62,16235,838,0,138,126,0.0032
175,62,11220,849,0,127,101,0.0012
176,62,36637,547,652,183,88,0.0011
177,64,29667,154,278,227,223,0.9663
178,64,3351,397,887,191,192,0.9567
179,64,20014,591,267,338,318,0.9342
180,64,30308,154,278,228,222,0.0021
181,65,29667,558,728,233,234,0.971
182,65,3351,350,153,185,189,0.9427
183,65,20014,0,632,339,343,0.9388
184,65,27733,768,1184,208,96,0.0423
185,65,27733,700,1197,276,83,0.0051
186,65,30308,559,726,232,233,0.0021
187,65,41149,582,1171,393,108,0.0012
188,65,41149,635,1203,341,77,0.0011
189,66,29667,598,819,229,224,0.9668
190,66,20014,34,717,344,338,0.9482
191,66,3351,392,211,185,185,0.9466
192,66,30308,599,819,230,222,0.0021
193,68,3483,170,278,260,216,0.9705
194,68,16232,153,828,192,192,0.9601
195,68,27777,638,294,176,195,0.96
196,68,30308,513,768,443,372,0.9599
197,70,29451,46,233,406,229,0.9716
198,70,24850,644,258,195,268,0.9589
199,70,16551,47,709,303,501,0.9522
200,70,1900,635,898,207,157,0.9392
201,70,33009,59,933,277,215,0.0035
202,70,33009,54,975,276,214,0.0012
203,70,20238,813,964,163,250,0.0012
204,70,27926,59,5,392,388,0.0011
205,72,29451,550,840,413,226,0.9653
206,72,24850,151,776,198,278,0.9597
207,72,16551,642,45,289,485,0.9529
208,72,1900,156,224,204,151,0.9369
209,72,16551,660,1,316,336,0.0042
210,72,33009,654,303,267,208,0.0018
211,72,16551,700,0,276,199,0.0018
212,72,16548,652,318,265,197,0.0017
213,72,16551,87,2,291,338,0.0015
214,72,16551,670,0,305,137,0.0015
215,72,16551,1,248,247,307,0.0011
216,72,33009,651,206,270,290,0.001
217,73,6563,166,673,221,365,0.9673
218,73,3544,73,201,202,199,0.9612
219,73,12247,591,848,215,129,0.9544
220,73,16551,522,71,352,425,0.9516
221,73,16548,75,199,200,201,0.002
222,73,33009,534,284,280,200,0.0016
223,73,16548,169,847,207,182,0.0012
224,75,6563,198,714,216,358,0.9653
225,75,3544,89,210,206,201,0.9612
226,75,16551,550,80,363,437,0.9581
227,75,12247,619,879,211,126,0.954
228,75,16548,90,210,206,202,0.0017
229,75,33009,90,209,205,202,0.0012
230,75,33009,562,307,281,201,0.0011
231,75,16548,202,898,202,166,0.0011
232,79,16262,128,298,243,234,0.9629
233,79,3351,388,847,189,190,0.9604
234,79,19232,502,238,328,253,0.9363
235,79,30308,129,298,241,233,0.0032
236,79,41149,0,16,110,557,0.0011
237,80,16262,570,694,248,245,0.9633
238,80,3351,360,194,183,188,0.959
239,80,19232,95,698,337,265,0.9359
240,80,27733,768,1172,208,108,0.1864
241,80,30308,570,695,247,243,0.003
242,80,16235,771,1155,204,125,0.0013
243,80,30850,538,0,417,90,0.0012
244,82,3743,124,836,331,335,0.97
245,82,22362,610,737,272,418,0.9638
246,82,19552,114,131,326,509,0.9464
247,82,2483,630,103,202,467,0.9442
248,82,19552,363,169,260,460,0.0016
249,83,3743,493,128,313,301,0.9683
250,83,22362,82,117,261,392,0.9584
251,83,2483,95,660,203,493,0.9583
252,83,19552,506,597,320,487,0.9491
253,83,6697,792,1175,182,105,0.0012
254,85,21771,149,850,195,191,0.9607
255,85,16548,570,251,232,226,0.95
256,85,29345,587,678,289,447,0.9491
257,85,1900,163,258,126,198,0.9426
258,85,16551,623,0,277,54,0.0011
259,85,16551,0,230,371,447,0.001
260,86,21771,619,251,187,182,0.9628
261,86,16548,152,770,239,236,0.9593
262,86,1900,684,808,132,207,0.9548
263,86,29345,119,154,274,415,0.9475
264,88,31705,621,734,251,446,0.9618
265,88,16551,609,50,284,481,0.9519
266,88,18110,79,800,304,287,0.9454
267,88,1900,130,231,205,138,0.9335
268,88,16551,169,596,87,77,0.0013
269,88,33009,621,298,263,204,0.0013
270,88,5002,168,595,89,78,0.0013
271,89,31705,594,696,253,453,0.9635
272,89,16551,581,42,275,469,0.9507
273,89,1900,115,225,199,139,0.9503
274,89,18110,45,757,310,299,0.9396
275,89,33009,589,266,260,209,0.0016
276,89,29345,89,547,370,399,0.001
277,90,16551,90,706,292,499,0.9529
278,90,31705,135,128,245,421,0.9487
279,90,1900,657,903,212,147,0.9477
280,90,18110,610,219,299,285,0.9288
281,91,19607,690,299,157,150,0.958
282,91,27926,150,144,253,458,0.9508
283,91,16548,124,866,240,238,0.9422
284,91,1900,631,894,209,135,0.9376
285,95,29667,62,742,231,235,0.9696
286,95,32310,498,718,385,240,0.9617
287,95,3351,339,183,182,186,0.9545
288,95,16235,0,1229,99,51,0.0045
289,95,18147,702,0,274,87,0.0018
290,95,30308,62,742,230,234,0.0013
291,95,16235,796,0,179,102,0.0011
292,95,27733,677,0,299,59,0.001
293,97,19607,667,252,156,151,0.965
294,97,1900,687,807,131,206,0.9542
295,97,29345,119,168,309,399,0.9542
296,97,16548,99,822,241,237,0.9486
297,100,18110,45,747,306,297,0.958
298,100,16548,586,132,230,224,0.9523
299,100,1900,134,246,192,161,0.9483
300,100,33009,518,792,382,210,0.9404
301,100,33009,521,673,373,215,0.0018
302,102,18110,79,791,303,290,0.9529
303,102,16548,615,136,237,228,0.9489
304,102,33009,548,836,376,201,0.9295
305,102,1900,150,255,198,162,0.9269
306,102,18110,72,654,303,232,0.0037
307,104,3351,325,205,183,188,0.9588
308,104,21325,617,761,175,232,0.9532
309,104,18357,108,610,248,368,0.9413
310,104,27733,0,1211,205,68,0.0066
311,104,16235,0,1219,117,61,0.0039
312,104,6697,837,0,139,113,0.0024
313,104,6697,814,0,160,91,0.0012
314,104,16235,828,1117,148,162,0.0011
315,108,25438,142,843,257,256,0.9655
316,108,22362,589,744,252,406,0.9644
317,108,12778,104,46,295,524,0.9489
318,108,2483,602,86,246,471,0.9472
319,108,12778,313,42,242,477,0.0037
320,108,27733,827,0,149,125,0.0025
321,108,19552,279,0,378,419,0.0017
322,108,27733,774,0,200,99,0.0017
323,108,12778,339,65,271,486,0.0013
324,109,3483,146,220,252,223,0.9806
325,109,19861,638,278,221,171,0.9702
326,109,35206,107,774,303,391,0.9622
327,109,25367,581,718,384,497,0.9587
328,109,16548,641,278,219,170,0.0012
329,110,3483,600,868,260,230,0.9803
330,110,19861,126,865,221,168,0.9754
331,110,25367,43,50,382,483,0.9586
332,110,35206,583,97,287,377,0.9575
333,110,15710,613,103,259,241,0.0015
334,112,10221,634,200,223,215,0.9673
335,112,3544,127,236,207,200,0.9628
336,112,16551,155,585,307,471,0.9551
337,112,33009,560,810,372,209,0.9299
338,112,16548,164,864,261,181,0.004
339,112,33009,164,840,261,204,0.0027
340,112,31885,0,619,206,424,0.002
341,112,16548,128,234,206,202,0.0017
342,112,29345,616,3,360,421,0.0016
343,112,33009,133,238,196,134,0.0013
344,112,33009,164,745,273,290,0.0011
345,113,10221,126,846,228,225,0.9712
346,113,3544,659,833,213,211,0.9553
347,113,16551,533,227,304,458,0.9486
348,113,33009,77,270,360,221,0.9346
349,113,16548,666,834,203,157,0.0102
350,113,33009,53,26,376,395,0.0038
351,113,33009,542,420,278,216,0.0028
352,113,16548,661,901,211,143,0.0019
353,113,33009,661,832,212,212,0.0011
354,114,10221,605,193,217,214,0.9701
355,114,3544,110,226,203,199,0.9661
356,114,16551,122,536,312,478,0.9588
357,114,33009,533,766,375,224,0.9374
358,114,16548,131,801,263,198,0.0036
359,114,33009,131,774,263,221,0.0029
360,114,16548,112,224,201,201,0.0029
361,115,27733,561,256,301,264,0.9745
362,115,3483,127,307,266,204,0.9714
363,115,25367,495,646,420,465,0.9568
364,115,36637,101,882,268,179,0.9436
365,118,13900,64,311,233,212,0.969
366,118,3351,458,847,189,191,0.9548
367,118,16688,422,84,436,516,0.9362
368,118,16688,184,120,441,493,0.0075
369,118,16688,73,50,530,539,0.0072
370,118,16688,22,0,392,469,0.0049
371,118,16688,140,82,377,505,0.001
372,119,13900,653,706,228,222,0.9652
373,119,3351,294,192,183,190,0.9584
374,119,16688,77,587,453,562,0.9287
375,119,16235,800,0,176,84,0.0012
376,120,13900,691,796,228,216,0.9685
377,120,3351,335,254,185,184,0.9579
378,120,16688,119,686,449,563,0.9251
379,120,41149,572,0,386,86,0.0018
380,120,11220,844,0,132,97,0.0013
381,120,27733,742,0,234,68,0.0013
382,120,30850,565,0,407,89,0.001
383,122,25469,49,787,345,302,0.9731
384,122,3483,574,811,281,194,0.9618
385,122,25367,53,91,371,474,0.9604
386,122,29667,591,170,218,215,0.9569
387,122,30308,591,168,219,215,0.0044
388,122,19552,615,562,132,84,0.0011
389,124,21771,686,883,197,193,0.955
390,124,16551,5,764,367,458,0.9512
391,124,21026,674,273,176,173,0.951
392,124,1900,175,280,200,142,0.9398
393,125,21026,139,869,177,176,0.9599
394,125,21771,116,204,191,185,0.9584
395,125,16551,622,32,352,442,0.9552
396,125,1900,622,890,206,139,0.9278
397,125,33009,634,265,277,198,0.001
398,126,21771,100,197,187,183,0.9562
399,126,16551,593,27,343,429,0.9527
400,126,21026,104,834,180,181,0.9454
401,126,1900,595,857,211,145,0.9217
402,126,33009,606,253,281,190,0.0012
403,127,5094,136,858,285,286,0.9703
404,127,22362,620,782,257,422,0.9672
405,127,2483,640,119,204,467,0.945
406,127,6192,128,144,300,547,0.9308
407,128,5094,135,848,278,273,0.9745
408,128,22362,609,779,252,408,0.9677
409,128,2483,650,80,199,489,0.958
410,128,6192,127,129,297,532,0.9388
411,128,27733,786,0,189,101,0.0028
412,128,6697,0,0,129,64,0.0011
413,128,27733,831,0,145,126,0.001
414,129,5094,522,152,270,264,0.9759
415,129,22362,81,76,255,394,0.9608
416,129,2483,82,643,206,490,0.9487
417,129,6192,517,544,289,527,0.9413
418,129,6697,789,1169,185,111,0.0014
419,130,3483,171,277,260,217,0.9683
420,130,27777,639,294,176,195,0.9607
421,130,30308,511,766,465,315,0.9558
422,130,36637,129,827,193,258,0.9368
423,132,3483,564,813,265,218,0.9752
424,132,30308,31,180,453,307,0.9621
425,132,27777,179,814,175,200,0.9561
426,132,36637,665,181,186,248,0.9462
427,132,25367,69,183,303,56,0.0014
428,134,27653,61,812,225,210,0.9742
429,134,35206,650,144,199,399,0.963
430,134,31885,41,5,355,524,0.9586
431,134,3483,562,811,284,176,0.9475
432,135,27653,95,853,222,206,0.971
433,135,35206,678,154,203,407,0.9637
434,135,31885,52,21,370,532,0.9606
435,135,3483,590,845,281,169,0.9349
436,136,44199,134,244,244,233,0.954
437,136,16551,81,652,315,487,0.953
438,136,33009,564,214,323,292,0.9432
439,136,1900,651,852,210,157,0.9403
440,136,33009,559,40,333,277,0.0228
441,136,33009,568,29,367,354,0.0083
442,136,33009,89,883,273,228,0.0028
443,136,10224,570,24,399,421,0.0016
444,136,33009,466,3,423,374,0.0014
445,136,16548,88,909,265,208,0.0013
446,136,33009,89,788,283,298,0.0012
447,139,25469,51,787,343,303,0.9734
448,139,35206,585,112,224,391,0.9622
449,139,31885,10,46,399,505,0.9585
450,139,3483,574,812,282,193,0.9557
451,140,25469,91,829,333,302,0.9735
452,140,3483,602,847,278,187,0.9657
453,140,35206,612,120,234,401,0.9648
454,140,31885,21,68,413,508,0.9585
455,142,44199,77,176,251,227,0.9577
456,142,16548,594,156,230,225,0.952
457,142,21026,91,832,181,181,0.9506
458,142,1900,582,867,211,144,0.9442
459,142,31885,0,147,299,454,0.0018
460,142,20238,814,154,162,264,0.0018
461,143,44199,92,185,256,229,0.9527
462,143,16548,621,163,238,224,0.9469
463,143,21026,126,866,178,177,0.9462
464,143,1900,610,901,205,136,0.9381
465,146,3483,170,278,261,216,0.9685
466,146,31885,555,671,403,530,0.9631
467,146,27777,638,294,176,195,0.9612
468,146,16232,153,827,191,193,0.9582
469,148,20238,120,300,227,220,0.9616
470,148,3351,403,851,189,190,0.9552
471,148,19232,502,238,328,254,0.9375
472,149,20238,595,711,230,229,0.9587
473,149,3351,346,190,184,187,0.953
474,149,19232,95,698,338,266,0.9232
475,149,16235,774,1154,202,126,0.3705
476,149,12247,782,1142,194,138,0.0066
477,149,20004,772,1156,203,124,0.0053
478,149,30850,533,0,424,94,0.0012
479,149,20004,798,0,178,287,0.001
480,150,20238,634,802,227,223,0.9666
481,150,3351,389,251,184,181,0.9579
482,150,19232,139,802,333,262,0.9415
483,150,41149,588,0,387,94,0.0117
484,150,30850,801,0,175,265,0.0063
485,150,41149,610,0,366,61,0.0045
486,150,41149,706,0,270,122,0.0037
487,150,41149,665,0,311,77,0.0022
488,150,41149,737,0,239,166,0.0017
489,150,30850,733,0,243,298,0.0015
490,151,33208,183,266,208,198,0.9668
491,151,29451,510,243,408,223,0.9639
492,151,1900,646,846,185,188,0.9549
493,151,16548,99,820,240,236,0.9477
494,152,33208,583,810,214,205,0.9737
495,152,29451,36,799,422,229,0.9669
496,152,16548,619,205,231,225,0.9511
497,152,1900,148,241,180,180,0.941
498,152,30308,242,797,651,437,0.0016
499,152,16551,96,0,271,56,0.0012
500,153,33208,610,844,211,199,0.9759
501,153,29451,70,842,417,218,0.968
502,153,16548,649,213,238,226,0.9515
503,153,1900,168,249,180,179,0.9157
504,153,29345,162,234,360,309,0.0027
505,153,30308,629,4,347,434,0.0021
506,153,18110,77,37,279,334,0.0011
507,154,5094,109,805,281,276,0.9711
508,154,5886,598,683,235,491,0.9668
509,154,2483,617,53,253,468,0.9505
510,154,23223,88,133,320,494,0.9446
511,155,5094,548,186,273,268,0.9735
512,155,5886,112,85,236,476,0.9574
513,155,2483,70,691,252,472,0.9507
514,155,23223,533,575,321,498,0.9387
515,156,5094,110,817,285,284,0.9705
516,156,5886,604,685,246,505,0.9623
517,156,23223,92,165,316,495,0.9526
518,156,2483,606,89,262,457,0.9364
519,157,3483,536,779,269,225,0.9706
520,157,25367,106,82,393,459,0.962
521,157,16262,575,187,239,229,0.957
522,157,27777,145,777,178,205,0.9553
523,157,30308,576,187,237,229,0.0055
524,157,20238,809,188,167,234,0.0015
525,157,25367,0,117,264,455,0.0012
526,159,3483,564,815,265,218,0.9714
527,159,27777,178,815,174,200,0.959
528,159,16262,603,193,245,231,0.9577
529,159,25367,122,97,405,467,0.9549
530,159,30308,604,194,244,230,0.0056
531,159,25367,0,73,184,431,0.0032
532,159,25367,0,0,182,401,0.0021
533,160,4543,145,915,216,212,0.9631
534,160,3544,627,889,214,211,0.9573
535,160,23203,211,315,136,140,0.9553
536,160,16551,577,263,288,469,0.9512
537,160,10221,143,913,178,210,0.0027
538,160,16548,629,887,212,213,0.0024
539,160,16548,630,985,208,114,0.0016
540,160,16548,634,890,203,138,0.0011
541,160,33009,586,485,262,225,0.001
542,162,3544,158,179,207,200,0.9665
543,162,23203,653,852,139,137,0.9573
544,162,16551,127,536,288,479,0.9562
545,162,4543,627,145,209,203,0.9557
546,162,16548,159,177,206,203,0.0045
547,162,16551,0,554,157,460,0.0034
548,162,33009,135,790,266,208,0.0023
549,162,33009,135,734,270,222,0.0015
550,162,16548,135,813,266,192,0.0012
551,163,3483,565,813,265,217,0.9716
552,163,28763,127,174,213,202,0.9677
553,163,16232,644,251,187,181,0.9581
554,163,27777,180,815,174,199,0.9575
555,164,28763,651,891,223,215,0.9691
556,164,3483,170,278,260,216,0.9678
557,164,27777,638,294,176,195,0.9604
558,164,16232,153,827,192,192,0.96
559,165,3483,537,777,268,223,0.9674
560,165,28763,110,169,209,197,0.9652
561,165,16232,615,239,184,184,0.9627
562,165,27777,146,777,178,205,0.9554
563,170,5094,107,811,285,286,0.9658
564,170,12081,651,692,243,468,0.9629
565,170,2483,619,75,238,460,0.9506
566,170,6192,115,145,311,539,0.9365
567,170,20852,764,1057,212,223,0.0019
568,170,1866,0,864,406,413,0.0012
569,172,27653,94,852,222,206,0.9704
570,172,29667,633,181,222,215,0.9605
571,172,25367,115,64,339,504,0.9554
572,172,3483,589,846,282,169,0.9538
573,172,30308,633,179,223,215,0.0028
574,172,25367,0,57,165,474,0.002
575,173,27653,60,811,225,210,0.9739
576,173,29667,604,177,217,213,0.9644
577,173,25367,100,51,329,494,0.9626
578,173,3483,561,811,285,176,0.9502
579,173,30308,603,175,218,214,0.0039
580,174,27653,673,256,219,199,0.9693
581,174,29667,126,864,228,226,0.9641
582,174,3483,134,291,275,172,0.9628
583,174,25367,549,684,341,516,0.9577
584,174,30308,124,861,232,230,0.0047
585,175,3483,593,872,258,231,0.9888
586,175,19861,121,864,220,169,0.9726
587,175,30308,123,97,271,475,0.9661
588,175,29667,640,205,222,214,0.9645
589,175,25367,0,0,229,417,0.0041
590,175,25367,0,73,150,447,0.003
591,175,30308,640,204,223,214,0.0026
592,176,3483,154,215,251,223,0.9821
593,176,19861,643,278,222,171,0.9717
594,176,30308,598,676,282,483,0.9654
595,176,29667,119,840,228,226,0.9651
596,176,30308,118,837,233,229,0.0033
597,179,22347,644,833,215,208,0.9721
598,179,3483,171,275,261,217,0.9672
599,179,20238,152,851,234,226,0.9636
600,179,27777,639,293,176,195,0.9621
601,180,3483,536,780,268,224,0.9677
602,180,22347,124,229,202,195,0.9668
603,180,20238,576,191,222,213,0.9567
604,180,27777,145,778,178,205,0.9544
605,183,10221,160,262,218,212,0.9735
606,183,3544,642,877,214,213,0.9624
607,183,6563,593,239,212,342,0.9613
608,183,16551,20,697,408,415,0.9546
609,183,16548,645,967,209,121,0.0019
610,183,16548,644,885,213,204,0.0019
611,183,16548,600,397,199,173,0.0012
612,183,33009,47,718,331,329,0.001
613,185,3544,142,173,201,199,0.9648
614,185,4543,598,144,203,201,0.9549
615,185,23203,628,821,141,141,0.9515
616,185,16548,134,738,238,235,0.9481
617,185,33009,148,175,192,135,0.0026
618,185,10221,596,139,211,206,0.0017
619,185,16548,144,171,200,201,0.0016
620,186,3544,158,180,207,200,0.9695
621,186,16548,166,780,236,229,0.9565
622,186,4543,626,144,209,204,0.9541
623,186,23203,655,853,139,137,0.9536
624,186,16548,160,178,206,203,0.0033
625,186,16548,160,251,204,130,0.0011
626,189,5094,135,859,285,286,0.9737
627,189,22362,620,782,255,423,0.9661
628,189,2483,639,122,205,465,0.9431
629,189,12778,85,121,296,539,0.9424
630,189,12778,292,142,267,421,0.0013
631,191,10221,93,789,224,221,0.9772
632,191,4543,640,152,202,200,0.964
633,191,3544,123,183,202,198,0.9635
634,191,16551,578,568,289,490,0.9517
635,191,33009,588,773,271,221,0.0031
636,191,33009,588,816,270,218,0.0023
637,191,16548,126,262,197,118,0.0021
638,191,16548,588,831,269,208,0.0014
639,191,16548,124,187,201,194,0.0013
640,196,3743,493,128,312,300,0.966
641,196,22362,82,118,260,392,0.9592
642,196,2483,91,660,208,495,0.9581
643,196,12778,536,518,282,522,0.945
644,196,12778,352,579,262,440,0.0065
645,196,20004,799,1165,177,114,0.0021
646,197,3743,123,826,323,323,0.9656
647,197,22362,603,733,260,406,0.9633
648,197,2483,635,63,201,484,0.9505
649,197,12778,118,172,291,520,0.9478
650,197,27733,778,0,197,92,0.0048
651,197,19552,131,6,378,423,0.0023
652,197,19881,0,0,125,60,0.0012
653,198,3743,123,837,331,334,0.971
654,198,22362,610,736,271,418,0.9655
655,198,2483,628,102,200,467,0.9476
656,198,12778,118,191,294,534,0.9453
657,199,3483,561,814,266,218,0.9765
658,199,30308,38,118,404,401,0.9636
659,199,29667,630,165,222,215,0.9604
660,199,27777,177,813,175,199,0.9547
661,199,30308,629,163,225,215,0.0038
662,199,25367,69,123,268,92,0.0024
663,200,3483,174,277,261,217,0.9704
664,200,27777,640,295,176,195,0.9604
665,200,29667,127,880,230,228,0.9595
666,200,30308,559,735,412,405,0.9531
667,200,30308,125,878,232,228,0.0045
668,202,3483,144,290,211,258,0.9824
669,202,20877,544,293,329,239,0.9748
670,202,22347,690,867,213,207,0.9654
671,202,16262,110,837,249,242,0.9566
672,202,30308,111,836,248,242,0.0047
673,203,20877,85,725,332,241,0.9751
674,203,3483,620,718,213,271,0.9709
675,203,22347,84,197,201,195,0.9659
676,203,16262,601,187,238,229,0.9553
677,203,30308,599,186,239,228,0.0099
678,204,20877,117,769,331,232,0.9699
679,204,22347,99,205,205,197,0.9657
680,204,3483,646,751,215,266,0.963
681,204,16262,630,193,243,232,0.9559
682,204,30308,628,193,245,231,0.0052
683,204,29345,606,6,370,413,0.001
684,205,6563,165,674,219,364,0.9664
685,205,3544,113,165,202,199,0.9633
686,205,16548,593,122,228,225,0.9587
687,205,23203,623,848,141,141,0.9544
688,205,16548,114,163,202,200,0.0024
689,205,16548,169,847,207,182,0.0012
690,205,25200,588,161,388,393,0.001
691,210,31863,596,876,205,206,0.9808
692,210,29667,163,750,228,224,0.9685
693,210,3351,419,245,185,183,0.9476
694,210,41149,625,0,350,58,0.005
695,210,41149,597,0,377,87,0.0043
696,210,16235,854,0,122,109,0.0039
697,210,30308,162,750,229,222,0.0013
698,210,11220,855,0,121,91,0.0012
699,212,16551,479,140,438,350,0.9554
700,212,21026,139,868,178,177,0.9455
701,212,18110,58,124,306,288,0.9453
702,212,1900,623,890,206,139,0.9319
703,212,16551,506,7,389,273,0.0011
704,213,16551,451,125,429,346,0.9534
705,213,21026,104,833,180,181,0.9464
706,213,1900,595,856,211,145,0.9251
707,213,18110,45,115,296,286,0.9201
708,214,33208,589,801,213,204,0.9771
709,214,16551,567,54,278,467,0.9509
710,214,27926,88,613,272,484,0.9484
711,214,1900,142,240,197,129,0.9262
712,214,33009,575,247,263,212,0.0038
713,214,33009,574,289,264,212,0.0019
714,215,33208,616,835,211,200,0.9712
715,215,16551,595,62,285,481,0.9513
716,215,1900,157,250,203,126,0.9482
717,215,27926,125,664,264,475,0.9403
718,215,33009,604,251,264,226,0.0025
719,215,33009,606,312,263,205,0.0022
720,215,16551,609,0,262,72,0.0011
721,217,3743,118,785,323,321,0.9718
722,217,12081,600,707,235,454,0.9609
723,217,2483,590,74,246,472,0.9523
724,217,6192,127,122,279,538,0.945
725,217,27733,777,0,197,104,0.0032
726,217,20877,774,0,202,72,0.002
727,217,2483,485,121,158,420,0.0015
728,219,3743,494,167,314,298,0.9696
729,219,12081,109,113,228,426,0.9694
730,219,6192,535,542,272,537,0.9475
731,219,2483,88,666,252,472,0.9423
732,222,41768,607,741,272,302,0.9617
733,222,3351,406,204,185,183,0.9608
734,222,16262,171,768,245,239,0.9603
735,222,30308,171,769,244,237,0.0034
736,222,16235,828,0,148,132,0.0025
737,222,27733,746,0,230,70,0.0011
738,224,25469,88,829,333,300,0.9733
739,224,34597,102,80,369,487,0.9695
740,224,3483,602,846,279,187,0.9668
741,224,29667,619,173,224,216,0.954
742,224,30308,619,172,225,216,0.0055
743,224,29345,588,5,388,413,0.001
744,225,25469,576,185,323,287,0.9721
745,225,34597,527,664,376,506,0.9691
746,225,29667,140,872,228,226,0.963
747,225,3483,126,274,270,188,0.9625
748,225,30308,140,870,229,227,0.0044
749,226,3483,600,868,258,229,0.9846
750,226,19861,126,865,221,168,0.9757
751,226,22347,109,230,205,198,0.969
752,226,20238,644,189,226,216,0.9573
753,226,18110,121,752,228,186,0.0014
754,229,3743,535,152,319,302,0.9698
755,229,5886,99,70,241,475,0.9646
756,229,2483,51,679,283,461,0.9554
757,229,23223,496,659,409,448,0.9543
758,229,19552,291,679,253,459,0.0011
759,229,18147,714,2,262,470,0.0011
760,231,3743,75,813,332,328,0.9701
761,231,5886,615,695,233,513,0.9608
762,231,2483,598,114,288,443,0.9479
763,231,23223,59,132,389,446,0.9457
764,232,27733,116,775,323,266,0.9759
765,232,22347,129,233,205,197,0.9646
766,232,29667,678,189,225,215,0.9632
767,232,3483,599,801,274,201,0.9463
768,232,30308,678,187,225,216,0.005
769,232,16235,131,591,63,86,0.0024
770,232,29345,640,4,336,410,0.0015
771,234,27733,79,726,335,274,0.9717
772,234,22347,112,224,200,194,0.9691
773,234,29667,649,185,219,213,0.9601
774,234,3483,570,767,278,206,0.9411
775,234,30308,648,183,221,215,0.003
776,236,27653,672,255,219,199,0.9703
777,236,28763,615,835,223,212,0.9683
778,236,3483,134,291,274,171,0.967
779,236,35206,104,686,205,421,0.9619
780,236,19552,520,608,121,65,0.0019
781,236,25469,522,594,120,77,0.0011
782,237,27653,61,811,225,210,0.9755
783,237,28763,144,223,209,199,0.9694
784,237,35206,651,144,198,398,0.9641
785,237,3483,563,811,284,176,0.9615
786,238,16262,625,241,243,233,0.9578
787,238,3351,403,835,188,188,0.953
788,238,18357,67,260,300,296,0.9471
789,238,30308,627,242,240,231,0.0029
790,238,30850,16,0,478,339,0.0021
791,238,29345,23,0,472,385,0.0015
792,238,19552,0,1152,386,127,0.0012
793,238,20238,627,242,239,230,0.0011
794,238,35206,0,1212,384,68,0.0011
795,241,3351,410,913,192,192,0.9554
796,241,18147,516,258,309,380,0.9497
797,241,20238,129,327,227,218,0.9484
798,243,18147,144,649,314,401,0.9569
799,243,3351,378,185,186,183,0.9472
800,243,20238,623,769,227,224,0.9399
801,244,6563,198,716,215,358,0.9654
802,244,3544,127,171,208,200,0.9632
803,244,16551,579,4,284,482,0.9535
804,244,23203,650,879,139,137,0.9529
805,244,33009,134,172,194,135,0.0027
806,244,33009,595,246,263,223,0.0025
807,244,16548,590,268,265,202,0.002
808,244,33009,129,168,207,203,0.0015
809,244,33009,592,147,264,313,0.0015
810,247,3743,123,836,330,334,0.9714
811,247,22362,610,736,271,418,0.966
812,247,2483,627,103,200,467,0.9462
813,247,6192,59,118,334,524,0.9284
814,247,6192,451,205,62,60,0.0012
815,248,3743,123,826,322,323,0.9702
816,248,22362,602,733,261,407,0.9653
817,248,2483,634,63,204,484,0.9501
818,248,6192,54,103,337,506,0.9355
819,248,27733,770,0,205,96,0.0036
820,249,3743,493,129,312,300,0.9669
821,249,22362,82,118,262,391,0.9584
822,249,2483,90,661,212,492,0.9526
823,249,6192,557,592,344,503,0.9453
824,249,6192,369,668,322,406,0.0021
825,250,29667,130,205,224,224,0.9653
826,250,3351,378,850,188,190,0.9519
827,250,18357,544,227,241,356,0.9246
828,250,12778,682,957,294,318,0.0028
829,250,30308,130,207,225,221,0.0014
830,251,29667,588,795,232,233,0.9675
831,251,3351,370,179,182,188,0.9559
832,251,18357,142,596,244,369,0.946
833,251,16235,0,1227,113,53,0.0043
834,251,30308,588,792,232,233,0.0022
835,251,6697,835,0,141,118,0.0013
836,251,16235,832,0,144,104,0.0012
837,252,29667,625,886,228,223,0.9655
838,252,3351,412,239,184,183,0.9491
839,252,18357,184,692,242,369,0.9473
840,252,27733,794,0,180,95,0.0023
841,252,30308,625,884,229,224,0.0021
842,252,27733,838,0,138,105,0.0012
843,253,33880,455,251,433,292,0.9705
844,253,35206,61,260,416,213,0.9549
845,253,3351,446,850,190,190,0.9536
846,253,41149,0,7,138,501,0.0016
847,253,41149,0,10,212,508,0.0014
848,253,41149,0,1088,357,190,0.0011
849,256,25438,543,178,247,254,0.964
850,256,2483,64,666,208,486,0.957
851,256,5886,109,88,237,477,0.9538
852,256,19552,495,656,317,501,0.9514
853,256,19552,288,691,287,460,0.0105
854,259,41768,113,285,268,286,0.9671
855,259,3351,384,895,190,191,0.9571
856,259,20238,605,280,223,219,0.9468
857,262,27653,60,811,225,210,0.9745
858,262,34597,77,32,331,496,0.9722
859,262,29667,604,177,217,213,0.9639
860,262,3483,562,811,284,175,0.9543
861,262,30308,604,175,218,214,0.0036
862,264,34597,564,679,352,516,0.9709
863,264,27653,673,256,219,200,0.969
864,264,3483,135,290,274,172,0.9648
865,264,29667,126,864,228,227,0.9639
866,264,30308,124,861,232,230,0.0049
867,265,27653,672,256,219,200,0.9689
868,265,3483,134,291,274,172,0.9685
869,265,16232,142,846,197,193,0.9578
870,265,25367,597,667,376,492,0.9552
871,266,27653,94,852,223,207,0.9689
872,266,25367,20,107,391,478,0.9611
873,266,16232,648,230,192,182,0.9609
874,266,3483,590,845,281,170,0.9455
875,266,24752,730,1205,156,74,0.0018
876,271,20877,86,726,331,240,0.9738
877,271,22347,105,188,200,194,0.968
878,271,35206,632,164,216,393,0.9676
879,271,3483,622,717,212,271,0.967
880,273,3483,142,291,211,258,0.9791
881,273,20877,542,293,330,238,0.9737
882,273,22347,666,877,214,209,0.9651
883,273,35206,95,673,237,411,0.9618
884,273,15710,115,681,213,234,0.0011
885,274,3351,420,890,190,192,0.9554
886,274,21325,208,327,149,233,0.9505
887,274,20014,576,257,339,318,0.9365
888,274,41149,692,2,284,565,0.0014
889,275,21325,582,665,153,243,0.957
890,275,3351,329,150,183,189,0.9553
891,275,20014,6,646,346,342,0.9404
892,275,41149,674,1152,302,127,0.0208
893,275,41149,614,0,362,117,0.0039
894,275,41149,734,1049,242,231,0.0019
895,275,20004,733,0,243,234,0.0019
896,275,10487,703,1104,273,176,0.0018
897,275,41149,781,0,195,364,0.0012
898,277,3483,600,868,259,230,0.9858
899,277,19861,126,865,222,168,0.9745
900,277,30308,80,96,397,404,0.9669
901,277,36637,619,199,265,152,0.9483
902,277,18110,121,758,229,180,0.0012
903,278,3483,146,220,253,223,0.9827
904,278,19861,638,278,221,171,0.9703
905,278,30308,523,747,408,413,0.9615
906,278,36637,95,907,273,166,0.9473
907,278,16548,640,278,220,170,0.0019
908,278,33009,139,34,280,280,0.0013
909,280,3351,410,868,189,191,0.9646
910,280,16232,133,290,189,193,0.9613
911,280,3832,430,275,387,351,0.9454
912,286,3483,536,780,268,224,0.9691
913,286,30308,31,116,372,407,0.964
914,286,16262,575,187,239,228,0.9565
915,286,27777,145,777,178,205,0.9532
916,286,30308,577,186,236,229,0.0057
917,287,3483,172,276,260,216,0.9737
918,287,27777,640,293,176,195,0.9598
919,287,30308,575,704,392,422,0.9571
920,287,16262,138,836,249,242,0.9548
921,287,30308,138,835,248,242,0.0059
922,287,23223,135,835,250,242,0.0021
923,288,3483,564,815,265,218,0.9777
924,288,30308,43,132,388,419,0.9637
925,288,16262,604,193,244,231,0.9596
926,288,27777,178,815,174,200,0.9582
927,288,30308,604,194,243,231,0.0058
928,289,22362,588,744,252,407,0.968
929,289,25438,142,843,257,256,0.9656
930,289,2483,600,86,249,472,0.9536
931,289,6192,89,42,282,545,0.9395
932,289,27733,775,0,200,102,0.0071
933,289,27733,818,0,158,127,0.0011
934,291,25438,535,175,248,253,0.9651
935,291,22362,99,106,257,394,0.9594
936,291,6192,572,612,274,543,0.9449
937,291,2483,76,659,256,470,0.9407
938,292,25438,547,177,247,253,0.9651
939,292,2483,70,661,204,488,0.9547
940,292,5886,113,84,232,479,0.9536
941,292,12778,541,593,326,506,0.9408
942,292,12778,352,630,282,438,0.0171
943,295,16232,642,297,194,191,0.962
944,295,3351,413,864,190,190,0.9546
945,295,20014,126,194,335,313,0.9428
946,298,33208,157,235,206,196,0.9654
947,298,16548,160,777,242,236,0.9533
948,298,31705,573,176,247,420,0.9519
949,298,1900,685,879,211,134,0.9379
950,298,11220,342,258,246,288,0.0011
951,299,33208,611,846,214,206,0.9749
952,299,31705,139,645,251,451,0.9623
953,299,1900,88,260,199,128,0.9544
954,299,16548,560,246,234,227,0.9496
955,302,3351,310,160,184,188,0.9567
956,302,36637,569,714,236,227,0.9446
957,302,19232,95,636,282,325,0.9321
958,302,16235,774,1148,202,132,0.0668
959,302,27733,784,1152,192,127,0.0174
960,302,36637,793,695,183,310,0.0033
961,302,20004,788,1136,188,144,0.0013
962,304,3743,131,813,334,329,0.9635
963,304,4378,596,703,233,467,0.9602
964,304,22627,103,129,312,506,0.9519
965,304,2483,622,73,195,466,0.9519
966,304,2483,461,114,200,442,0.0013
967,308,3351,290,206,184,188,0.9614
968,308,41768,563,605,277,300,0.9589
969,308,36637,118,712,191,264,0.9396
970,308,20004,781,1151,195,129,0.0234
971,308,30850,551,0,393,106,0.0011
972,310,12247,617,321,176,186,0.96
973,310,3544,654,891,215,213,0.9542
974,310,4543,138,867,215,212,0.9535
975,310,16551,105,145,315,450,0.9516
976,310,33009,114,337,280,221,0.0037
977,310,16548,658,987,210,116,0.0019
978,310,33009,122,296,283,228,0.0015
979,310,33009,657,888,211,217,0.0011
980,310,16548,657,890,214,213,0.0011
981,313,20877,39,756,328,252,0.9742
982,313,3483,617,721,214,270,0.9724
983,313,34597,15,20,449,412,0.9616
984,313,29667,596,182,219,215,0.954
985,313,30308,596,180,220,216,0.0045
986,313,25367,66,30,288,103,0.003
987,313,25367,74,27,261,84,0.0022
988,315,3483,145,288,212,258,0.9831
989,315,20877,594,257,323,247,0.9692
990,315,34597,508,782,468,424,0.9598
991,315,29667,134,859,229,226,0.9587
992,315,30308,133,856,230,228,0.0049
993,316,10221,634,200,223,215,0.9696
994,316,3544,126,235,208,201,0.9636
995,316,16548,167,791,235,229,0.9529
996,316,33009,561,811,373,208,0.926
997,316,33009,127,233,207,203,0.0016
998,316,33009,133,237,195,135,0.0011
999,316,29345,613,3,363,422,0.001
1000,317,10221,126,845,228,227,0.9702
1001,317,3544,659,833,214,212,0.9589
1002,317,16548,593,283,230,223,0.9542
1003,317,33009,76,269,362,220,0.932
1004,317,33009,55,44,372,366,0.0053
1005,317,16548,665,833,204,163,0.0048
1006,317,16548,661,904,211,140,0.0022
1007,320,20877,87,726,331,239,0.9763
1008,320,3483,622,717,212,270,0.9702
1009,320,35206,632,164,216,394,0.9669
1010,320,28763,135,197,210,197,0.9658
1011,323,27653,672,254,218,199,0.9699
1012,323,22347,655,877,215,208,0.9691
1013,323,3483,133,290,275,171,0.9603
1014,323,36637,150,801,195,255,0.9476
1015,324,27653,95,853,222,206,0.9731
1016,324,22347,131,194,205,197,0.9662
1017,324,3483,590,846,281,169,0.9514
1018,324,36637,643,209,189,246,0.941
1019,324,33009,87,713,233,221,0.0017
1020,325,3483,172,276,260,217,0.9698
1021,325,31885,508,701,404,529,0.9634
1022,325,27777,640,293,176,195,0.9601
1023,325,16262,137,836,250,241,0.9578
1024,325,30308,138,835,248,242,0.0051
1025,325,23223,135,835,251,242,0.0015
1026,327,3483,564,815,265,217,0.9725
1027,327,27777,178,815,174,200,0.9582
1028,327,16262,603,193,244,231,0.9578
1029,327,31885,94,26,408,511,0.9528
1030,327,30308,603,194,244,230,0.0053
1031,327,16551,598,3,378,444,0.0013
1032,327,23223,602,192,245,232,0.0011
1033,328,27733,562,257,301,264,0.9733
1034,328,31885,517,642,383,538,0.961
1035,328,3483,126,306,267,204,0.9596
1036,328,36637,101,882,268,178,0.9419
1037,332,12420,82,823,190,186,0.9684
1038,332,4543,589,168,203,198,0.9682
1039,332,3544,126,143,202,197,0.9592
1040,332,16551,563,538,287,488,0.9538
1041,332,33009,573,799,263,209,0.0028
1042,332,33009,132,144,193,131,0.0013
1043,332,33009,127,141,201,198,0.0011
1044,334,20877,86,726,332,240,0.9749
1045,334,3483,622,717,213,271,0.9679
1046,334,22347,147,224,201,195,0.9651
1047,334,16232,627,221,188,183,0.9567
1048,335,3483,143,292,210,257,0.9795
1049,335,20877,543,293,330,238,0.9739
1050,335,22347,622,840,214,207,0.9674
1051,335,16232,134,847,196,191,0.962
1052,335,6563,459,596,53,147,0.0011
1053,336,3483,648,750,214,266,0.9718
1054,336,20877,117,770,332,230,0.9691
1055,336,22347,164,232,206,198,0.9678
1056,336,16232,656,232,192,179,0.9595
1057,337,25469,575,184,322,288,0.9737
1058,337,22347,641,837,213,206,0.9685
1059,337,3483,126,274,270,186,0.9568
1060,337,36637,132,828,180,264,0.9441
1061,338,25469,49,788,344,302,0.9705
1062,338,22347,128,225,201,196,0.9654
1063,338,36637,645,169,170,250,0.9568
1064,338,3483,574,812,281,193,0.9541
1065,339,25469,88,830,333,301,0.9729
1066,339,22347,145,235,206,198,0.9714
1067,339,3483,602,846,278,187,0.9638
1068,339,36637,675,173,175,255,0.9448
1069,340,3483,537,780,268,224,0.9749
1070,340,34597,38,85,391,468,0.9702
1071,340,27777,145,777,178,205,0.9558
1072,340,20238,576,191,221,213,0.9558
1073,341,3483,565,816,265,217,0.9767
1074,341,34597,52,114,402,464,0.9688
1075,341,20238,604,197,226,215,0.9615
1076,341,27777,179,815,174,199,0.9577
1077,341,20238,823,170,153,245,0.0028
1078,344,3483,564,815,265,217,0.971
1079,344,28763,155,194,212,201,0.9656
1080,344,16262,603,193,244,231,0.9587
1081,344,27777,178,815,174,200,0.9574
1082,344,30308,605,193,243,231,0.0071
1083,344,29345,599,3,377,439,0.0015
1084,345,3483,536,780,269,224,0.9712
1085,345,28763,138,186,208,199,0.9632
1086,345,16262,575,187,239,229,0.9557
1087,345,27777,145,778,178,205,0.9544
1088,345,30308,577,186,237,229,0.0073
1089,346,3483,565,813,265,217,0.9725
1090,346,27777,180,814,174,199,0.9591
1091,346,25367,140,54,341,503,0.9586
1092,346,16232,643,250,188,183,0.9586
1093,346,25367,0,54,212,447,0.0054
1094,346,25367,0,2,187,414,0.0017
1095,347,3483,537,778,269,224,0.9693
1096,347,25367,125,41,331,493,0.9631
1097,347,16232,615,239,183,184,0.9597
1098,347,27777,146,776,178,205,0.9559
1099,347,25367,0,26,174,472,0.003
1100,349,3483,565,812,265,218,0.9757
1101,349,34597,5,130,439,426,0.9658
1102,349,27777,180,814,174,199,0.9584
1103,349,35206,614,142,223,401,0.956
1104,349,15710,629,151,205,256,0.0014
1105,352,5094,138,859,285,285,0.9727
1106,352,22362,622,782,255,423,0.9677
1107,352,19552,107,165,330,498,0.9448
1108,352,2483,640,122,205,465,0.9431
1109,352,19552,391,179,261,469,0.0016
1110,355,5094,549,190,271,268,0.9697
1111,355,12081,72,131,226,427,0.9663
1112,355,23223,542,591,302,505,0.9385
1113,355,2483,52,701,249,476,0.9361
1114,355,20004,780,0,196,272,0.0023
1115,355,20004,780,0,195,100,0.0018
1116,355,20004,785,1,191,140,0.0013
1117,356,5094,106,800,279,278,0.9715
1118,356,12081,642,685,235,454,0.9617
1119,356,23223,92,111,307,500,0.9482
1120,356,2483,629,37,239,472,0.9481
1121,356,12638,769,0,207,114,0.0026
1122,359,3483,561,814,266,217,0.9715
1123,359,29667,630,164,222,215,0.96
1124,359,27777,177,812,175,199,0.9548
1125,359,31885,79,45,369,531,0.9516
1126,359,30308,629,163,224,215,0.0034
1127,359,29345,601,12,375,394,0.001
1128,361,16262,643,287,244,235,0.9643
1129,361,3351,430,882,190,190,0.9606
1130,361,18147,211,167,211,417,0.9507
1131,361,30308,644,288,242,232,0.0025
1132,364,35206,100,255,352,322,0.9642
1133,364,32310,587,166,244,345,0.9562
1134,364,3351,406,854,192,194,0.9526
1135,372,3483,604,845,278,188,0.9652
1136,372,25469,51,857,372,218,0.9595
1137,372,16262,574,195,245,231,0.9579
1138,372,34597,15,143,450,412,0.9575
1139,372,30308,575,195,243,231,0.0051
1140,372,25367,75,150,263,89,0.0022
1141,372,23223,574,195,242,231,0.0012
1142,372,16551,603,2,373,443,0.001
1143,374,20877,71,798,327,244,0.9701
1144,374,3483,644,754,216,266,0.9608
1145,374,25367,100,33,409,468,0.9606
1146,374,29667,624,187,224,215,0.9573
1147,374,30308,624,184,226,216,0.0036
1148,374,29345,599,3,377,438,0.0017
1149,374,25367,0,57,220,446,0.0012
1150,379,31863,137,314,208,207,0.9749
1151,379,3351,466,859,189,191,0.9605
1152,379,16688,455,164,495,463,0.937
1153,379,16688,90,121,502,440,0.0115
1154,379,41149,0,9,101,594,0.0093
1155,379,31885,0,826,218,454,0.002
1156,379,34597,459,0,512,386,0.0011
1157,380,31863,599,715,208,215,0.9773
1158,380,3351,285,180,186,190,0.9464
1159,380,16688,0,553,499,521,0.8953
1160,380,10487,0,250,119,484,0.0011
1161,382,3743,75,813,332,328,0.9687
1162,382,5886,615,695,233,515,0.9618
1163,382,2483,598,114,287,443,0.9411
1164,382,12778,100,127,374,460,0.9385
1165,382,12778,207,37,408,435,0.0013
1166,384,5886,602,696,239,495,0.9699
1167,384,3743,74,801,326,319,0.9669
1168,384,2483,607,79,280,456,0.9534
1169,384,12778,92,92,382,458,0.9452
1170,387,27653,671,255,218,200,0.9697
1171,387,3483,133,291,275,172,0.9623
1172,387,31885,500,655,416,513,0.9609
1173,387,20238,135,869,231,227,0.9526
1174,387,33009,123,64,297,326,0.0012
1175,389,3483,621,718,213,270,0.9781
1176,389,20877,86,725,332,242,0.9762
1177,389,34597,27,126,442,423,0.9641
1178,389,16262,601,186,238,230,0.9583
1179,389,30308,600,185,238,228,0.0091
1180,389,25367,95,134,255,86,0.0012
1181,390,20877,118,769,332,231,0.9729
1182,390,3483,648,750,212,266,0.9703
1183,390,34597,42,157,451,417,0.9619
1184,390,16262,630,192,243,232,0.9562
1185,390,30308,628,193,244,231,0.0047
1186,390,25367,110,164,258,89,0.0019
1187,390,16551,595,0,298,50,0.0019
1188,390,29345,609,10,367,408,0.0016
1189,390,16551,561,0,255,51,0.0013
1190,392,33208,657,900,219,211,0.9777
1191,392,1900,188,274,202,138,0.9606
1192,392,21026,687,275,175,173,0.9528
1193,392,16551,111,701,296,500,0.9516
1194,392,33009,123,898,272,226,0.0017
1195,393,33208,110,160,206,197,0.9792
1196,393,16551,558,48,276,467,0.9532
1197,393,21026,91,832,181,181,0.951
1198,393,1900,582,867,211,144,0.9455
1199,393,33009,567,286,263,211,0.0019
1200,394,28763,605,856,222,214,0.9682
1201,394,25469,575,230,369,221,0.965
1202,394,3483,126,274,270,188,0.9616
1203,394,20238,139,850,232,226,0.9537
1204,394,12778,569,21,364,311,0.0026
1205,395,28763,172,209,215,202,0.9652
1206,395,3483,603,846,278,188,0.9635
1207,395,25469,52,858,371,217,0.963
1208,395,20238,619,196,225,216,0.9593
1209,396,25469,17,812,376,223,0.9699
1210,396,28763,153,201,210,198,0.9663
1211,396,3483,575,811,282,194,0.9618
1212,396,20238,590,192,221,212,0.9535
1213,400,33208,615,772,213,204,0.9772
1214,400,16548,604,125,229,224,0.9544
1215,400,1900,134,247,195,154,0.9454
1216,400,33009,14,777,365,238,0.9364
1217,400,6563,227,530,65,72,0.0014
1218,401,33208,151,295,208,196,0.9686
1219,401,16548,111,899,243,239,0.9611
1220,401,33009,584,242,357,237,0.9392
1221,401,1900,641,857,208,168,0.9372
1222,401,33009,575,23,363,345,0.0041
1223,401,33009,584,119,356,216,0.0019
1224,404,35206,435,700,419,232,0.966
1225,404,18147,16,588,287,420,0.9538
1226,404,3351,357,145,186,190,0.952
1227,404,27733,776,1134,200,146,0.0391
1228,404,10487,766,1148,209,131,0.0086
1229,409,1900,136,244,189,165,0.9484
1230,409,16551,6,727,466,320,0.9483
1231,409,10224,540,128,376,283,0.9465
1232,409,33009,517,793,383,210,0.9422
1233,409,33009,518,685,374,211,0.0035
1234,411,16551,500,198,451,310,0.9521
1235,411,1900,645,852,203,178,0.9426
1236,411,10224,30,828,390,302,0.9361
1237,411,33009,87,255,368,214,0.9348
1238,411,33009,88,52,360,310,0.0039
1239,411,6563,228,546,67,71,0.0021
1240,411,10224,24,650,372,280,0.0018
1241,411,33009,42,35,352,407,0.0014
1242,411,16551,649,649,326,445,0.0013
1243,411,10224,6,588,365,382,0.0013
1244,411,25367,70,830,296,74,0.0011
1245,412,5094,106,810,285,287,0.9668
1246,412,12081,651,692,243,469,0.964
1247,412,2483,622,74,230,460,0.9516
1248,412,19552,112,184,311,505,0.9499
1249,412,20238,768,1028,208,249,0.001
1250,413,5094,105,800,278,277,0.9738
1251,413,12081,641,686,235,454,0.9664
1252,413,2483,628,39,241,471,0.9539
1253,413,19552,111,162,310,495,0.9497
1254,413,27733,782,0,194,110,0.0039
1255,413,20877,786,0,190,80,0.0024
1256,413,19552,124,48,396,310,0.0015
1257,414,5094,547,190,272,268,0.9738
1258,414,12081,71,131,226,427,0.9648
1259,414,19552,518,551,308,496,0.9505
1260,414,2483,50,702,254,474,0.9308
1261,414,20004,796,0,180,272,0.0036
1262,414,20004,788,0,188,96,0.0023
1263,414,20004,791,1,185,143,0.0019
1264,415,3483,599,868,260,229,0.9833
1265,415,19861,126,865,222,168,0.9753
1266,415,16262,639,178,242,230,0.9552
1267,415,31885,97,89,322,547,0.9487
1268,415,30308,639,178,243,231,0.0056
1269,415,23223,638,178,243,230,0.0016
1270,415,29345,609,13,352,388,0.0011
1271,416,3483,572,834,263,234,0.9857
1272,416,19861,92,826,227,176,0.9767
1273,416,31885,78,69,315,539,0.9547
1274,416,16262,610,173,238,229,0.9533
1275,416,30308,611,173,236,229,0.0047
1276,417,3483,146,220,252,223,0.9828
1277,417,19861,638,278,221,171,0.9705
1278,417,31885,573,610,328,559,0.9633
1279,417,16262,100,852,249,241,0.9571
1280,417,30308,100,850,249,240,0.0073
1281,417,16548,641,278,219,170,0.0025
1282,419,27733,565,261,302,266,0.9731
1283,419,25367,541,737,430,440,0.9641
1284,419,3483,127,306,267,205,0.9636
1285,419,20238,112,855,233,227,0.9569
1286,419,25367,612,745,281,90,0.0017
1287,420,27733,86,721,329,284,0.968
1288,420,3483,580,758,275,212,0.9608
1289,420,25367,6,74,426,417,0.9589
1290,420,20238,615,187,219,213,0.9579
1291,420,25367,39,83,284,99,0.0014
1292,422,3483,148,219,252,222,0.9824
1293,422,19861,640,278,220,171,0.9711
1294,422,34597,561,694,351,519,0.9677
1295,422,36637,95,906,273,166,0.9468
1296,422,16548,642,278,220,171,0.0018
1297,422,33009,137,32,284,283,0.0012
1298,423,3483,571,835,263,236,0.9836
1299,423,19861,90,826,226,176,0.975
1300,423,34597,82,15,332,496,0.9707
1301,423,36637,589,196,261,154,0.9555
1302,429,27733,131,775,313,278,0.9666
1303,429,3483,609,791,273,206,0.962
1304,429,29667,668,181,225,213,0.9582
1305,429,34597,73,155,485,352,0.956
1306,429,30308,668,179,227,215,0.0034
1307,429,25367,130,160,294,71,0.0033
1308,429,25367,121,161,333,88,0.0023
1309,429,16551,113,592,296,341,0.0013
1310,429,29345,653,19,297,340,0.0013
1311,430,33878,616,793,170,219,0.969
1312,430,4543,611,154,203,200,0.9636
1313,430,3544,183,200,202,198,0.9605
1314,430,16551,67,611,409,407,0.9546
1315,430,33009,187,201,190,141,0.0015
1316,430,33009,183,198,202,200,0.0013
1317,430,10221,610,152,206,202,0.0012
1318,431,33878,644,830,167,214,0.9662
1319,431,3544,200,208,207,200,0.9639
1320,431,4543,640,155,208,203,0.9617
1321,431,16551,102,663,403,397,0.9506
1322,431,29345,803,1,173,380,0.0029
1323,431,16551,6,629,228,380,0.0017
1324,431,16548,201,216,207,193,0.0017
1325,431,29451,648,526,125,54,0.0011
1326,432,33878,193,254,164,218,0.965
1327,432,3544,584,859,214,212,0.964
1328,432,4543,133,904,215,213,0.9604
1329,432,16551,494,226,393,387,0.9585
1330,432,10221,129,903,200,215,0.0021
1331,432,30308,200,818,541,449,0.0019
1332,432,33009,588,856,211,216,0.0017
1333,432,16548,587,858,213,213,0.0014
1334,432,16548,587,946,209,124,0.001
1335,433,3483,580,759,274,211,0.9702
1336,433,30308,94,106,352,423,0.9684
1337,433,27733,86,721,328,283,0.9654
1338,433,16232,621,178,186,183,0.9607
1339,434,27733,566,261,301,265,0.9738
1340,434,3483,127,307,266,204,0.9699
1341,434,16232,141,892,198,194,0.9598
1342,434,30308,533,694,370,444,0.9539
1343,435,27733,124,768,315,276,0.9693
1344,435,3483,608,792,273,206,0.9659
1345,435,30308,107,119,368,439,0.9602
1346,435,16232,648,185,192,179,0.9564
1347,435,16548,869,531,91,49,0.0038
1348,436,3483,603,845,278,187,0.9691
1349,436,25469,53,857,372,218,0.963
1350,436,20238,619,196,224,217,0.9598
1351,436,31885,43,136,447,482,0.9556
1352,443,25438,567,187,247,254,0.964
1353,443,2483,82,673,248,472,0.9544
1354,443,4378,78,101,223,439,0.953
1355,443,22627,531,684,346,477,0.9477
1356,443,19552,309,704,267,443,0.0055
1357,444,25438,111,842,260,266,0.9688
1358,444,22627,76,62,336,494,0.9615
1359,444,4378,655,705,216,472,0.9589
1360,444,2483,596,106,257,456,0.9426
1361,444,2483,377,104,263,459,0.0014
1362,444,36637,512,1075,226,191,0.0011
1363,449,34597,47,130,382,478,0.9698
1364,449,27653,95,852,222,206,0.9697
1365,449,16262,623,182,243,232,0.9586
1366,449,3483,591,845,281,169,0.9533
1367,449,30308,623,182,242,231,0.0053
1368,449,18110,87,753,235,182,0.001
1369,449,29345,602,8,374,413,0.001
1370,452,29451,512,243,408,224,0.9689
1371,452,1900,645,846,186,189,0.9555
1372,452,16551,138,636,312,488,0.9506
1373,452,44199,176,233,199,262,0.9502
1374,452,30308,288,801,613,463,0.0022
1375,454,5094,560,196,273,266,0.9724
1376,454,5886,124,85,235,476,0.9555
1377,454,2483,103,702,229,486,0.9485
1378,454,6192,496,589,298,526,0.9409
1379,455,5094,92,794,281,276,0.9721
1380,455,5886,584,681,233,491,0.9657
1381,455,2483,602,26,218,481,0.9521
1382,455,6192,141,89,303,521,0.9375
1383,455,2483,489,43,149,456,0.0018
1384,455,2483,413,55,216,460,0.0017
1385,456,5094,94,807,284,284,0.9696
1386,456,5886,591,683,243,505,0.9666
1387,456,2483,595,64,212,473,0.9438
1388,456,6192,141,104,300,541,0.9325
1389,456,2483,484,94,160,448,0.0041
1390,456,2483,410,99,229,465,0.0034
1391,456,6192,437,53,238,484,0.0012
1392,457,5094,132,834,281,275,0.9734
1393,457,13395,633,673,232,500,0.9641
1394,457,2483,638,67,219,482,0.951
1395,457,6192,108,151,285,540,0.9365
1396,457,27733,850,0,126,123,0.0011
1397,458,5094,134,844,286,285,0.9707
1398,458,13395,640,674,246,518,0.9704
1399,458,2483,625,106,229,461,0.9481
1400,458,6192,110,168,285,552,0.9278
1401,459,5094,523,162,272,266,0.9757
1402,459,13395,79,86,236,483,0.9669
1403,459,2483,81,660,217,488,0.9615
1404,459,6192,550,515,275,533,0.9405
1405,460,3743,493,129,313,300,0.966
1406,460,22362,82,118,261,391,0.9601
1407,460,2483,94,660,203,491,0.9595
1408,460,23223,509,581,294,512,0.9466
1409,460,53384,302,95,213,386,0.0011
1410,462,3743,123,836,331,335,0.974
1411,462,22362,610,736,272,419,0.9647
1412,462,2483,629,103,204,467,0.9439
1413,462,23223,133,143,298,512,0.9434
1414,462,2483,404,136,263,466,0.0012
1415,463,27653,670,254,219,199,0.9718
1416,463,28763,623,874,222,213,0.9683
1417,463,3483,132,291,275,171,0.9676
1418,463,20238,133,869,232,227,0.9558
1419,463,5002,456,609,71,140,0.0019
1420,463,33009,116,93,297,309,0.0011
1421,464,27653,63,812,225,210,0.9741
1422,464,28763,137,185,209,199,0.9671
1423,464,3483,564,810,284,176,0.9603
1424,464,20238,595,174,219,212,0.9508
1425,465,27653,97,854,223,206,0.9748
1426,465,28763,155,194,213,200,0.9687
1427,465,20238,623,177,226,216,0.9589
1428,465,3483,591,845,281,169,0.954
1429,465,20238,837,158,139,255,0.0018
1430,465,18110,88,709,234,229,0.0013
1431,468,25438,155,872,262,268,0.9678
1432,468,22362,604,748,268,419,0.966
1433,468,2483,602,118,204,466,0.9518
1434,468,23223,107,110,312,510,0.9424
1435,468,2483,435,149,208,446,0.0026
1436,468,2483,366,142,292,468,0.0014
1437,469,27733,124,769,315,276,0.9709
1438,469,28763,150,221,213,201,0.969
1439,469,3483,609,792,272,206,0.9648
1440,469,35206,602,127,256,390,0.961
1441,469,15710,623,136,235,275,0.0014
1442,472,33878,629,849,227,138,0.9694
1443,472,6563,190,709,215,359,0.9635
1444,472,3544,150,191,207,201,0.9608
1445,472,16548,628,148,235,226,0.9526
1446,472,16548,153,276,203,116,0.002
1447,472,33009,151,188,205,205,0.0016
1448,472,16548,194,880,204,177,0.0012
1449,474,33878,145,305,227,149,0.9677
1450,474,6563,591,236,211,340,0.9655
1451,474,3544,636,876,214,213,0.9595
1452,474,16548,117,881,242,239,0.9533
1453,474,16548,639,874,212,216,0.0043
1454,474,33009,130,76,255,317,0.0026
1455,474,16551,580,647,396,494,0.0012
1456,474,16548,598,401,197,164,0.001
1457,475,25438,124,824,260,267,0.965
1458,475,13395,602,711,232,521,0.9594
1459,475,19552,86,122,320,513,0.9438
1460,475,2483,595,85,210,465,0.9369
1461,475,5002,349,136,260,486,0.0017
1462,475,19552,340,130,263,491,0.001
1463,477,13395,589,710,237,499,0.9658
1464,477,25438,122,811,256,257,0.9657
1465,477,2483,602,46,214,483,0.9486
1466,477,19552,85,107,317,493,0.9446
1467,477,19552,355,84,243,483,0.0091
1468,477,27733,783,0,192,91,0.0027
1469,477,19552,280,0,358,453,0.0012
1470,479,3483,536,778,269,224,0.9666
1471,479,25367,66,82,374,472,0.9602
1472,479,27777,145,777,178,205,0.9556
1473,479,36637,636,176,181,246,0.944
1474,481,5094,134,844,286,285,0.9698
1475,481,13395,640,674,245,519,0.9697
1476,481,22627,77,95,308,511,0.9579
1477,481,2483,626,107,228,461,0.9489
1478,482,5094,523,163,272,266,0.9761
1479,482,13395,79,86,236,483,0.9653
1480,482,2483,81,660,216,488,0.9616
1481,482,22627,557,633,309,493,0.9589
1482,484,32310,25,327,294,325,0.963
1483,484,3351,421,894,190,192,0.9543
1484,484,16688,482,123,418,530,0.9331
1485,484,16688,166,98,449,536,0.011
1486,484,16688,213,177,432,476,0.0048
1487,484,16688,61,32,539,607,0.0016
1488,484,41149,0,1101,322,177,0.0014
1489,484,41149,0,1212,369,67,0.0012
1490,484,41149,0,1146,364,132,0.0011
1491,485,32310,627,534,290,340,0.9662
1492,485,3351,329,147,185,189,0.954
1493,485,16688,39,524,431,585,0.9281
1494,485,16235,784,1154,192,126,0.5418
1495,485,16235,810,0,164,114,0.0017
1496,485,11220,840,0,136,98,0.0012
1497,486,32310,666,634,291,342,0.9656
1498,486,3351,370,205,186,183,0.9562
1499,486,16688,77,625,429,581,0.935
1500,486,41149,582,0,393,92,0.013
1501,486,41149,594,0,380,63,0.0064
1502,486,16688,80,401,446,424,0.0014
1503,486,16688,76,574,448,233,0.0012
1504,487,27733,123,768,315,276,0.9706
1505,487,3483,608,792,272,206,0.9669
1506,487,16232,649,186,192,179,0.9586
1507,487,31885,97,49,414,510,0.9579
1508,493,19607,683,901,166,161,0.9646
1509,493,16548,124,886,242,238,0.958
1510,493,21026,687,275,175,173,0.9561
1511,493,1900,187,291,198,156,0.9325
1512,494,19607,136,213,153,151,0.9689
1513,494,16548,591,139,231,224,0.9582
1514,494,21026,91,832,181,180,0.9531
1515,494,1900,587,827,206,164,0.9287
1516,494,25200,608,204,368,410,0.0015
1517,496,3351,395,872,188,190,0.9636
1518,496,36637,165,294,188,247,0.9552
1519,496,3832,499,179,373,364,0.9441
1520,496,22627,19,0,460,427,0.0203
1521,496,19552,12,0,456,362,0.0082
1522,496,30850,624,0,352,544,0.0039
1523,496,35206,0,1206,336,74,0.001
1524,497,3351,355,160,181,184,0.9582
1525,497,36637,586,670,195,257,0.9513
1526,497,3832,51,653,385,378,0.9403
1527,497,19552,779,0,197,335,0.003
1528,497,11220,859,0,117,95,0.0015
1529,497,35206,1,1207,339,73,0.001
1530,497,16235,831,0,145,107,0.001
1531,499,25469,575,231,369,221,0.9627
1532,499,16262,168,835,250,242,0.9611
1533,499,3483,126,275,271,188,0.9606
1534,499,25367,528,729,431,458,0.9595
1535,499,30308,169,834,248,241,0.0058
1536,499,23223,166,833,250,241,0.002
1537,500,25469,16,811,378,223,0.968
1538,500,3483,575,811,281,194,0.9627
1539,500,25367,34,62,414,438,0.9588
1540,500,16262,547,188,239,229,0.9578
1541,500,30308,548,188,237,229,0.0056
1542,501,3483,603,845,278,188,0.9646
1543,501,25469,51,858,372,218,0.9608
1544,501,25367,46,77,428,444,0.9603
1545,501,16262,574,195,245,232,0.959
1546,501,30308,575,195,243,232,0.0068
1547,501,16551,635,0,295,49,0.0014
1548,501,16551,607,2,369,442,0.0013
1549,502,25469,575,231,370,220,0.9649
1550,502,30308,550,731,413,408,0.9605
1551,502,3483,126,275,270,188,0.9587
1552,502,20238,139,851,232,225,0.9532
1553,503,25469,17,811,376,223,0.9695
1554,503,3483,575,811,282,193,0.9657
1555,503,30308,40,104,386,394,0.9655
1556,503,20238,589,193,220,212,0.9539
1557,506,31863,82,699,208,212,0.9836
1558,506,38162,534,633,197,302,0.9591
1559,506,3351,352,140,183,188,0.9567
1560,506,10487,736,1155,239,124,0.0045
1561,506,27733,773,1164,203,116,0.0034
1562,506,16235,845,0,131,130,0.001
1563,507,31863,124,785,205,205,0.9784
1564,507,3351,394,197,185,184,0.9622
1565,507,38162,575,730,193,293,0.9593
1566,507,41149,644,0,332,91,0.0105
1567,507,41149,621,0,352,60,0.0092
1568,507,16235,855,0,121,109,0.0053
1569,507,41149,826,0,150,315,0.0013
1570,508,22074,168,262,186,189,0.9648
1571,508,3351,419,871,190,191,0.964
1572,508,18147,537,239,343,355,0.9533
1573,508,41149,0,6,114,560,0.0027
1574,508,35659,804,966,63,92,0.0015
1575,509,22074,590,779,187,193,0.9639
1576,509,3351,329,168,185,189,0.9578
1577,509,18147,47,607,349,379,0.9547
1578,509,16235,797,1156,179,124,0.0169
1579,509,27733,796,1169,180,111,0.0129
1580,509,20004,791,0,185,229,0.0071
1581,509,20004,799,0,177,144,0.0024
1582,509,30850,554,0,395,95,0.0019
1583,511,3483,148,219,252,223,0.9784
1584,511,19861,639,278,221,171,0.9701
1585,511,25367,573,746,391,492,0.9629
1586,511,36637,96,907,273,166,0.9457
1587,511,16548,642,278,220,170,0.0024
1588,511,33009,139,44,279,270,0.0013
1589,511,33009,114,3,338,350,0.001
1590,515,3483,565,812,265,217,0.9723
1591,515,30308,92,187,425,366,0.9639
1592,515,35206,613,142,225,401,0.9567
1593,515,27777,179,813,174,200,0.9567
1594,515,25367,128,191,286,84,0.0026
1595,515,15710,628,152,206,256,0.0011
1596,516,3483,171,278,260,216,0.9731
1597,516,27777,638,294,175,195,0.9593
1598,516,35206,139,706,243,412,0.9584
1599,516,30308,482,701,435,372,0.9559
1600,517,27653,95,853,222,206,0.9708
1601,517,31885,26,16,383,523,0.962
1602,517,36637,643,210,189,246,0.9384
1603,517,3483,591,846,281,169,0.9372
1604,517,27993,748,594,84,79,0.0028
1605,517,33009,87,751,235,185,0.0013
1606,518,27653,61,812,225,210,0.9736
1607,518,31885,18,1,365,519,0.9561
1608,518,36637,613,202,186,243,0.9529
1609,518,3483,563,811,284,175,0.9395
1610,519,27653,672,255,219,199,0.9696
1611,519,31885,598,698,377,542,0.9659
1612,519,3483,134,291,274,171,0.963
1613,519,36637,150,802,196,256,0.9483
1614,520,3483,173,277,261,217,0.9683
1615,520,28763,614,906,223,214,0.9682
1616,520,29667,127,880,230,228,0.9616
1617,520,27777,640,295,176,195,0.9606
1618,520,30308,125,878,232,229,0.0036
1619,521,28763,147,155,208,198,0.9678
1620,521,3483,534,778,269,224,0.9663
1621,521,29667,602,161,218,214,0.965
1622,521,27777,144,776,178,205,0.9526
1623,521,30308,601,159,219,215,0.0037
1624,521,6563,330,531,57,102,0.0011
1625,522,3483,562,814,265,218,0.9711
1626,522,28763,163,161,213,201,0.9642
1627,522,29667,630,164,223,216,0.9622
1628,522,27777,177,813,175,199,0.9534
1629,522,30308,629,162,225,215,0.0042
1630,525,27733,565,261,302,265,0.9733
1631,525,3483,126,306,267,205,0.9723
1632,525,28763,634,864,224,214,0.9686
1633,525,16232,140,892,199,194,0.9619
1634,526,3483,146,220,253,223,0.9841
1635,526,19861,637,278,222,171,0.97
1636,526,30308,552,709,313,471,0.9607
1637,526,16262,100,852,249,241,0.958
1638,526,30308,101,850,248,240,0.0067
1639,526,16548,641,278,220,170,0.0018
1640,526,33009,137,39,282,274,0.0012
1641,527,3483,600,868,258,229,0.9854
1642,527,19861,126,865,222,168,0.9753
1643,527,30308,142,75,307,464,0.9674
1644,527,16262,640,178,242,230,0.9573
1645,527,30308,639,178,244,230,0.0058
1646,527,25367,0,63,204,424,0.0033
1647,527,25367,0,0,217,391,0.0016
1648,527,25367,0,124,243,417,0.001
1649,528,3483,573,835,263,234,0.9857
1650,528,19861,92,826,227,176,0.9758
1651,528,30308,128,63,295,449,0.9667
1652,528,16262,611,173,238,230,0.9522
1653,528,30308,611,173,238,228,0.0055
1654,528,25367,0,20,168,450,0.0017
1655,529,22347,107,241,206,198,0.9671
1656,529,3483,602,845,278,188,0.9643
1657,529,25469,52,858,372,218,0.9636
1658,529,20238,619,196,225,216,0.9579
1659,529,16232,650,494,55,82,0.0013
1660,530,22347,681,832,213,207,0.9679
1661,530,25469,574,230,370,220,0.9644
1662,530,3483,125,274,270,188,0.9578
1663,530,20238,139,850,232,226,0.9535
1664,530,16551,651,594,53,77,0.0015
1665,530,12778,570,32,361,296,0.0014
1666,531,25469,16,812,378,222,0.9686
1667,531,22347,90,230,202,195,0.966
1668,531,3483,575,811,282,194,0.9613
1669,531,20238,590,192,221,212,0.9535
1670,532,3743,76,813,332,329,0.9721
1671,532,5886,615,695,234,515,0.9598
1672,532,19552,119,102,381,443,0.9443
1673,532,2483,598,113,289,444,0.943
1674,533,3743,74,801,326,320,0.9718
1675,533,5886,602,696,240,495,0.9662
1676,533,2483,608,79,281,455,0.9538
1677,533,19552,116,75,383,431,0.9446
1678,533,18147,436,79,219,418,0.001
1679,534,3743,535,152,319,303,0.9716
1680,534,5886,99,70,242,477,0.9615
1681,534,2483,51,680,283,460,0.9498
1682,534,19552,447,698,394,434,0.9432
1683,534,19552,238,704,331,446,0.0134
1684,534,18147,835,2,141,475,0.0015
1685,535,25469,90,830,333,300,0.9746
1686,535,3483,603,847,278,186,0.9592
1687,535,31885,82,142,412,508,0.9552
1688,535,36637,674,173,174,254,0.9446
1689,536,25469,50,787,344,302,0.9735
1690,536,3483,574,812,281,193,0.9585
1691,536,36637,644,169,170,251,0.955
1692,536,31885,67,115,400,506,0.9527
1693,537,25469,576,184,325,287,0.971
1694,537,31885,514,596,406,521,0.9629
1695,537,3483,126,274,270,188,0.9547
1696,537,36637,132,828,181,265,0.9446
1697,539,38162,594,709,199,305,0.9643
1698,539,3351,321,133,185,189,0.9532
1699,539,20014,14,668,346,343,0.9428
1700,539,16235,783,1171,193,109,0.0021
1701,540,38162,633,806,193,296,0.9649
1702,540,20014,55,754,344,337,0.9547
1703,540,3351,364,189,185,183,0.9543
1704,540,16235,824,0,152,92,0.0028
1705,540,27733,0,0,359,56,0.0013
1706,540,27733,719,0,257,57,0.001
1707,541,3483,146,220,252,222,0.98
1708,541,19861,638,278,221,171,0.9699
1709,541,16232,144,899,196,193,0.9628
1710,541,31885,588,646,327,560,0.9577
1711,541,16548,642,278,219,171,0.002
1712,542,3483,573,834,262,235,0.9838
1713,542,19861,92,826,226,176,0.9767
1714,542,16232,618,173,184,180,0.9618
1715,542,31885,68,31,316,538,0.9537
1716,543,3483,599,868,259,229,0.9821
1717,543,19861,127,865,221,168,0.9762
1718,543,16232,646,175,189,186,0.9585
1719,543,31885,86,48,321,548,0.9524
1720,545,3483,174,277,260,216,0.9707
1721,545,22347,663,863,215,208,0.9681
1722,545,27777,640,295,176,195,0.9616
1723,545,29667,127,880,231,228,0.9602
1724,545,30308,125,878,232,229,0.0039
1725,545,19552,223,657,144,83,0.0015
1726,546,22347,107,202,201,194,0.97
1727,546,29667,602,162,217,214,0.9636
1728,546,3483,533,779,270,224,0.9622
1729,546,27777,143,775,179,205,0.9527
1730,546,20238,809,169,167,267,0.0074
1731,546,30308,601,159,219,216,0.004
1732,547,20877,117,770,331,231,0.9708
1733,547,22347,121,242,206,198,0.9672
1734,547,3483,647,751,214,266,0.9665
1735,547,36637,632,210,185,250,0.9483
1736,548,3483,143,290,210,258,0.9789
1737,548,20877,544,293,329,239,0.9737
1738,548,22347,665,830,212,207,0.9635
1739,548,36637,166,796,190,258,0.9456
1740,551,27653,670,255,219,199,0.9702
1741,551,3483,133,292,274,171,0.9694
1742,551,30308,546,687,387,428,0.9586
1743,551,20238,134,870,231,226,0.9568
1744,552,27653,97,853,223,206,0.9729
1745,552,30308,78,145,382,423,0.9661
1746,552,20238,623,178,225,215,0.954
1747,552,3483,591,845,281,169,0.9535
1748,553,25469,16,811,377,223,0.9684
1749,553,34597,13,72,417,449,0.9645
1750,553,16232,602,213,185,182,0.9632
1751,553,3483,575,811,282,193,0.9622
1752,555,34597,24,101,429,443,0.9669
1753,555,3483,603,845,278,187,0.9609
1754,555,25469,52,857,373,218,0.96
1755,555,16232,631,220,189,187,0.9592
1756,555,16551,614,1,362,439,0.0013
1757,560,3483,600,868,258,229,0.9867
1758,560,19861,126,865,222,168,0.9749
1759,560,30308,116,76,272,475,0.9685
1760,560,35206,584,99,286,375,0.9557
1761,560,15710,610,106,262,278,0.0015
1762,564,21771,161,807,188,185,0.9564
1763,564,16551,592,106,293,477,0.9523
1764,564,33009,548,836,377,200,0.9346
1765,564,1900,150,255,198,163,0.9262
1766,564,33009,596,323,272,223,0.0036
1767,564,18110,146,604,213,287,0.0019
1768,565,12081,652,692,243,469,0.9655
1769,565,5094,108,811,284,286,0.9645
1770,565,2483,622,73,232,461,0.9517
1771,565,12778,31,164,401,430,0.94
1772,569,3743,494,167,314,298,0.9694
1773,569,12081,110,114,226,425,0.9688
1774,569,12778,536,576,294,519,0.941
1775,569,2483,89,666,252,471,0.9394
1776,569,12778,403,614,212,450,0.0012
1777,571,24850,120,137,183,283,0.9643
1778,571,21026,91,831,181,180,0.9561
1779,571,16551,538,53,305,456,0.9531
1780,571,1900,581,867,210,143,0.9466
1781,571,33009,548,278,269,213,0.0027
1782,572,24850,673,829,188,300,0.9641
1783,572,1900,189,274,202,138,0.9612
1784,572,21026,687,275,175,173,0.9516
1785,572,16551,99,710,331,483,0.951
1786,572,33009,110,922,286,227,0.0034
1787,573,24850,138,142,185,291,0.9685
1788,573,16551,566,61,314,468,0.9579
1789,573,21026,125,865,178,176,0.9507
1790,573,1900,609,901,205,136,0.9402
1791,573,33009,577,312,264,204,0.0031
1792,573,16551,478,0,298,58,0.0011
1793,574,3743,117,826,322,323,0.9694
1794,574,22627,92,176,314,484,0.9609
1795,574,13395,630,673,230,502,0.9603
1796,574,2483,672,81,206,485,0.9575
1797,574,20877,775,0,201,98,0.0039
1798,574,27733,828,0,148,125,0.0011
1799,575,3743,498,127,313,302,0.9644
1800,575,13395,83,86,234,484,0.9635
1801,575,2483,59,646,203,489,0.9535
1802,575,22627,535,547,312,485,0.9507
1803,575,20004,782,1176,194,102,0.0019
1804,575,6697,798,1177,176,103,0.0017
1805,576,3743,118,839,330,332,0.9679
1806,576,13395,638,673,242,520,0.9636
1807,576,22627,94,190,313,501,0.9545
1808,576,2483,661,117,213,467,0.9427
1809,577,19607,140,787,159,157,0.9676
1810,577,16551,537,71,352,422,0.9545
1811,577,33009,519,792,380,210,0.942
1812,577,1900,134,248,196,155,0.9416
1813,577,33009,563,217,295,246,0.0018
1814,577,33009,549,279,297,203,0.0012
1815,578,19607,663,333,156,150,0.9661
1816,578,16551,50,725,383,450,0.9537
1817,578,1900,642,858,207,168,0.9374
1818,578,33009,86,255,368,211,0.9364
1819,578,33009,88,41,362,317,0.0054
1820,578,31885,182,1149,327,131,0.001
1821,579,19607,173,823,157,153,0.9615
1822,579,16551,566,80,361,434,0.9536
1823,579,33009,548,836,375,200,0.9316
1824,579,1900,149,257,202,156,0.9259
1825,579,16551,614,0,302,71,0.0024
1826,579,33009,580,292,296,211,0.0013
1827,579,16551,596,5,315,132,0.0012
1828,579,29345,758,634,218,403,0.0012
1829,581,24850,645,206,180,276,0.9531
1830,581,16548,103,905,244,240,0.9507
1831,581,1900,644,853,205,174,0.9482
1832,581,33009,87,254,367,211,0.9329
1833,581,33009,87,45,363,316,0.0052
1834,583,5094,549,186,273,268,0.9735
1835,583,5886,112,85,236,476,0.9528
1836,583,2483,70,691,253,471,0.9521
1837,583,19552,470,635,332,487,0.9484
1838,583,19552,259,671,294,479,0.0099
1839,583,19552,334,663,211,473,0.0036
1840,583,18147,839,2,137,466,0.0022
1841,583,18147,731,2,245,472,0.0013
1842,584,5094,110,817,285,284,0.9694
1843,584,5886,604,685,246,506,0.9635
1844,584,19552,143,99,331,500,0.9453
1845,584,2483,604,90,264,454,0.9397
1846,586,25469,50,787,342,303,0.974
1847,586,28763,146,199,209,196,0.9676
1848,586,3483,574,812,281,194,0.9625
1849,586,36637,645,169,170,250,0.9574
1850,587,25469,575,183,321,289,0.9747
1851,587,28763,614,859,222,214,0.9705
1852,587,3483,126,273,269,188,0.9612
1853,587,36637,132,828,179,263,0.9427
1854,588,25469,91,830,330,302,0.976
1855,588,28763,164,207,213,202,0.969
1856,588,3483,602,846,279,187,0.9595
1857,588,36637,675,173,174,254,0.9442
1858,589,3483,600,868,259,229,0.9851
1859,589,19861,126,865,221,168,0.9756
1860,589,25367,27,111,349,500,0.9624
1861,589,16262,640,178,242,230,0.9539
1862,589,30308,640,177,243,230,0.0058
1863,589,29345,610,14,358,382,0.0013
1864,591,3483,146,220,252,223,0.9836
1865,591,19861,637,277,222,171,0.9711
1866,591,25367,628,644,346,511,0.9623
1867,591,16262,100,852,250,241,0.956
1868,591,30308,100,851,249,240,0.0071
1869,591,16548,641,278,219,170,0.0014
1870,592,3483,146,219,253,222,0.9833
1871,592,19861,640,278,221,171,0.9721
1872,592,28763,649,901,223,214,0.9711
1873,592,29667,120,844,228,226,0.9658
1874,592,30308,118,841,233,229,0.0033
1875,592,16548,642,278,220,170,0.0016
1876,593,3483,571,836,262,235,0.9866
1877,593,19861,90,826,227,176,0.9745
1878,593,28763,113,160,210,197,0.9675
1879,593,29667,611,194,217,214,0.9634
1880,593,30308,611,193,219,214,0.0037
1881,593,16551,579,1,397,460,0.0016
1882,593,16548,333,530,81,47,0.0013
1883,594,3483,598,869,258,229,0.9854
1884,594,19861,125,865,221,168,0.9746
1885,594,28763,130,164,211,202,0.9688
1886,594,29667,639,200,223,215,0.9645
1887,594,30308,639,199,224,214,0.0026
1888,595,3351,397,866,192,193,0.9639
1889,595,16232,651,290,191,189,0.9617
1890,595,32310,112,216,248,344,0.954
1891,595,12778,664,948,312,328,0.002
1892,596,16232,79,734,199,197,0.9587
1893,596,3351,351,162,180,185,0.9573
1894,596,32310,581,617,261,372,0.9475
1895,596,18147,714,0,262,88,0.0023
1896,596,27733,794,0,181,104,0.0017
1897,596,20004,657,0,317,80,0.0015
1898,598,33880,549,191,307,422,0.9716
1899,598,3351,403,874,190,191,0.9591
1900,598,36637,173,334,183,251,0.9503
1901,600,33880,115,683,312,434,0.9678
1902,600,36637,624,722,183,257,0.9556
1903,600,3351,387,227,184,181,0.952
1904,600,27733,859,0,117,123,0.0017
1905,600,24752,429,0,256,52,0.0013
1906,601,27733,566,261,301,265,0.9727
1907,601,3483,127,307,266,205,0.972
1908,601,16262,153,805,248,240,0.9626
1909,601,31885,500,636,453,483,0.9617
1910,601,30308,153,804,248,240,0.0051
1911,602,27733,86,721,328,283,0.9663
1912,602,3483,580,759,274,211,0.9627
1913,602,16262,563,217,238,230,0.961
1914,602,31885,39,110,443,472,0.9608
1915,602,30308,563,217,238,230,0.0045
1916,602,23223,562,217,238,230,0.0022
1917,603,27733,123,768,315,276,0.971
1918,603,3483,608,792,273,206,0.9648
1919,603,31885,52,138,461,470,0.9627
1920,603,16262,590,227,244,231,0.9581
1921,603,30308,591,228,242,229,0.0054
1922,603,16551,514,0,237,56,0.0015
1923,603,23223,590,228,243,230,0.0015
1924,603,16551,626,0,274,54,0.0014
1925,603,16551,576,0,258,54,0.0011
1926,605,27653,96,854,222,206,0.9759
1927,605,28763,146,250,213,201,0.9709
1928,605,3483,591,845,280,169,0.9474
1929,605,36637,643,208,189,246,0.939
1930,605,33009,89,702,233,237,0.0018
1931,608,33880,49,605,318,446,0.9747
1932,608,29667,589,723,232,233,0.9679
1933,608,3351,339,191,186,189,0.9543
1934,608,12247,801,1156,175,124,0.0042
1935,608,20004,788,1163,188,116,0.0029
1936,608,30308,590,722,232,231,0.0016
1937,608,11220,837,0,139,101,0.0012
1938,608,16235,830,0,146,119,0.0012
1939,608,16235,792,1164,184,116,0.0011
1940,610,27653,61,811,225,211,0.9751
1941,610,34597,0,105,394,448,0.9672
1942,610,16232,620,221,187,182,0.9563
1943,610,3483,562,811,285,176,0.9522
1944,611,3483,134,291,274,171,0.9682
1945,611,27653,672,255,219,200,0.9676
1946,611,34597,581,657,395,456,0.9658
1947,611,16232,142,846,197,192,0.9593
1948,612,27653,95,852,222,207,0.9704
1949,612,34597,2,138,416,439,0.9676
1950,612,16232,648,231,192,182,0.9624
1951,612,3483,590,845,281,169,0.9528
1952,614,22074,635,727,185,193,0.9554
1953,614,3351,347,154,184,187,0.9435
1954,614,19232,165,652,242,358,0.94
1955,614,16235,779,1151,197,129,0.0046
1956,614,27733,781,1166,195,114,0.0025
1957,614,27733,745,1188,230,92,0.0015
1958,615,22074,674,821,184,186,0.9605
1959,615,3351,389,213,185,182,0.9507
1960,615,19232,209,755,237,354,0.9407
1961,615,41149,845,0,131,276,0.005
1962,615,27733,848,0,128,129,0.0011
1963,616,3483,145,220,253,222,0.981
1964,616,28763,629,887,222,214,0.9709
1965,616,19861,638,277,220,171,0.9703
1966,616,16232,144,899,196,193,0.9641
1967,616,16548,641,277,219,170,0.0016
1968,617,3483,600,868,258,230,0.9835
1969,617,19861,127,865,221,168,0.9758
1970,617,28763,148,178,214,201,0.97
1971,617,16232,646,175,190,185,0.9594
1972,617,18110,119,720,232,218,0.0011
1973,618,3483,573,834,262,234,0.9872
1974,618,19861,91,827,226,176,0.9767
1975,618,28763,131,172,209,197,0.9679
1976,618,16232,617,172,185,180,0.9624
1977,620,5094,520,151,271,265,0.9758
1978,620,22362,80,76,255,393,0.9626
1979,620,2483,83,641,202,490,0.955
1980,620,23223,548,636,296,516,0.945
1981,621,5094,135,848,278,273,0.9752
1982,621,22362,609,779,253,408,0.9656
1983,621,2483,651,83,199,488,0.9595
1984,621,23223,88,57,303,503,0.9508
1985,621,27733,787,0,187,96,0.0065
1986,621,27733,834,0,142,124,0.0019
1987,622,41768,130,295,261,294,0.972
1988,622,22074,611,291,188,189,0.9581
1989,622,3351,397,891,190,191,0.9577
1990,623,22074,127,746,187,196,0.9667
1991,623,41768,558,631,268,309,0.9647
1992,623,3351,351,148,185,190,0.9525
1993,623,31885,737,1148,239,131,0.0014
1994,623,22074,129,747,181,91,0.0012
1995,624,22074,170,839,184,185,0.9641
1996,624,41768,598,720,264,311,0.9635
1997,624,3351,394,209,186,184,0.9506
1998,624,22074,172,840,179,98,0.0014
1999,624,16235,846,0,130,128,0.0013
2000,625,3483,127,307,267,204,0.975
2001,625,27733,565,261,301,265,0.9742
2002,625,16262,153,805,248,240,0.9615
2003,625,30308,503,698,419,399,0.9562
2004,625,30308,153,803,249,240,0.0056
2005,625,25367,549,702,271,91,0.0011
2006,627,3483,580,758,274,212,0.9694
2007,627,30308,74,147,396,379,0.967
2008,627,27733,87,722,326,282,0.9653
2009,627,16262,563,217,238,229,0.9597
2010,627,30308,563,217,238,229,0.0049
2011,627,23223,562,217,239,229,0.002
2012,627,25367,97,151,285,94,0.0013
2013,628,27733,565,260,302,266,0.9738
2014,628,22347,677,851,213,209,0.9722
2015,628,3483,127,306,266,204,0.9692
2016,628,16232,140,892,199,194,0.9617
2017,632,25438,550,180,248,254,0.9668
2018,632,5886,116,87,234,476,0.9561
2019,632,2483,64,664,211,486,0.9548
2020,632,23223,502,605,299,508,0.9486
2021,633,5886,599,681,245,505,0.966
2022,633,25438,130,848,260,268,0.9658
2023,633,2483,653,102,201,465,0.9483
2024,633,23223,137,123,299,509,0.9459
2025,633,2483,453,133,247,445,0.0014
2026,635,33878,617,793,169,219,0.9668
2027,635,4543,612,154,203,200,0.9642
2028,635,3544,182,200,203,197,0.9608
2029,635,16548,70,753,239,233,0.947
2030,635,10221,610,152,206,202,0.0018
2031,635,33009,187,201,190,142,0.0017
2032,635,33009,183,198,202,199,0.0016
2033,636,33878,194,253,162,216,0.9674
2034,636,3544,584,859,214,212,0.9645
2035,636,4543,133,904,214,212,0.9613
2036,636,16548,653,279,232,224,0.9534
2037,636,33009,588,855,211,216,0.0018
2038,636,16548,586,857,213,214,0.0016
2039,636,10221,129,903,201,215,0.0014
2040,637,3743,76,813,332,329,0.9727
2041,637,5886,615,695,233,515,0.9651
2042,637,2483,599,116,288,442,0.9466
2043,637,6192,57,192,470,349,0.9412
2044,637,3743,0,869,364,402,0.0026
2045,637,12778,51,2,438,307,0.0013
2046,637,38927,36,0,453,272,0.0011
2047,638,3743,75,801,326,320,0.9722
2048,638,5886,602,696,241,495,0.967
2049,638,2483,608,79,281,456,0.9545
2050,638,6192,49,158,481,348,0.9494
2051,640,3351,405,918,192,192,0.9598
2052,640,3832,483,285,398,340,0.951
2053,640,20238,95,300,227,221,0.94
2054,641,3351,342,125,184,186,0.9591
2055,641,3832,41,578,402,349,0.9468
2056,641,20238,619,709,230,230,0.9436
2057,641,27733,780,1170,196,110,0.0176
2058,641,20238,620,710,225,99,0.0014
2059,641,16235,783,1161,193,119,0.0013
2060,644,3743,487,123,312,301,0.9672
2061,644,13395,71,89,239,481,0.9627
2062,644,2483,57,651,211,488,0.9573
2063,644,6192,506,607,272,540,0.9459
2064,644,19552,268,65,235,476,0.0016
2065,644,6697,784,1171,190,109,0.0013
2066,646,3483,172,278,260,216,0.9769
2067,646,34597,402,631,458,431,0.9622
2068,646,27777,639,294,175,195,0.9598
2069,646,36637,130,828,195,257,0.9372
2070,647,3483,564,813,266,218,0.9752
2071,647,34597,143,191,455,413,0.9609
2072,647,27777,179,814,175,200,0.9568
2073,647,36637,664,181,187,249,0.9506
2074,647,25367,204,199,265,87,0.0017
2075,648,3483,536,778,269,224,0.971
2076,648,34597,124,157,444,422,0.9588
2077,648,27777,146,776,178,205,0.9547
2078,648,36637,635,176,182,247,0.9448
2079,648,25367,185,165,269,90,0.0018
2080,650,3351,370,177,180,185,0.957
2081,650,32310,0,706,309,313,0.9529
2082,650,36637,560,823,274,169,0.9526
2083,650,18147,690,0,286,86,0.0035
2084,650,16235,0,1225,101,55,0.0029
2085,650,20004,633,0,342,79,0.002
2086,650,16548,521,597,104,48,0.001
2087,652,24850,116,843,302,169,0.9739
2088,652,31705,598,696,254,454,0.9532
2089,652,16551,562,66,288,463,0.9506
2090,652,1900,124,259,199,149,0.9448
2091,652,33009,570,278,268,212,0.0026
2092,652,5002,135,556,91,89,0.0012
2093,652,30308,251,749,478,499,0.0011
2094,653,24850,547,267,294,162,0.9657
2095,653,1900,646,858,210,155,0.9653
2096,653,16551,93,690,310,490,0.9564
2097,653,31705,132,128,245,422,0.9516
2098,653,16551,0,413,424,453,0.0024
2099,653,33009,102,941,265,216,0.0014
2100,654,24850,150,881,297,162,0.9687
2101,654,31705,625,733,252,446,0.9661
2102,654,16551,590,74,296,475,0.9543
2103,654,1900,141,268,203,148,0.9452
2104,654,16551,54,582,110,133,0.0021
2105,654,33009,597,309,269,214,0.002
2106,654,5002,265,667,59,71,0.0012
2107,654,16551,61,607,90,109,0.0011
2108,654,33009,604,272,275,223,0.001
2109,656,33878,629,849,228,138,0.9671
2110,656,6563,190,709,216,359,0.9636
2111,656,3544,150,191,207,201,0.9606
2112,656,16551,538,181,413,385,0.9559
2113,656,16551,587,9,352,278,0.0048
2114,656,33009,151,188,205,204,0.0016
2115,656,16551,647,6,329,385,0.0015
2116,656,16548,194,880,204,177,0.0012
2117,656,16551,0,0,384,420,0.0011
2118,656,16548,153,276,202,116,0.001
2119,658,29451,497,819,399,269,0.9638
2120,658,16551,631,9,284,487,0.9511
2121,658,18110,77,791,307,288,0.9503
2122,658,1900,168,248,182,179,0.9176
2123,658,18110,61,595,319,310,0.0026
2124,658,16548,640,271,261,206,0.002
2125,658,33009,644,275,266,201,0.0015
2126,658,16551,498,36,196,381,0.0015
2127,658,16551,79,13,288,357,0.0011
2128,659,29451,466,782,405,275,0.9644
2129,659,16551,602,9,277,467,0.9515
2130,659,18110,43,747,310,299,0.9468
2131,659,1900,148,240,181,179,0.9455
2132,659,16551,92,0,270,53,0.0012
2133,659,16551,220,0,287,54,0.0011
2134,659,33009,613,262,259,196,0.001
2135,660,29451,114,213,391,266,0.9649
2136,660,16551,62,742,298,505,0.9518
2137,660,1900,645,847,186,187,0.9517
2138,660,18110,609,225,301,288,0.9391
2139,660,33009,77,983,271,220,0.002
2140,660,16548,77,995,271,222,0.0019
2141,661,31863,179,304,205,206,0.9769
2142,661,16232,686,293,191,190,0.9653
2143,661,3351,377,879,191,190,0.9525
2144,661,41149,642,3,334,601,0.0016
2145,662,31863,557,726,208,211,0.9817
2146,662,16232,43,746,195,191,0.9629
2147,662,3351,370,161,183,189,0.956
2148,662,10487,784,1155,192,125,0.0053
2149,662,27733,778,1166,198,114,0.0021
2150,662,16235,850,0,126,130,0.0012
2151,662,11220,854,0,122,101,0.001
2152,664,3483,142,292,210,257,0.9797
2153,664,20877,542,293,330,238,0.9756
2154,664,28763,630,875,222,212,0.9663
2155,664,36637,166,797,189,258,0.948
2156,664,12778,548,120,338,331,0.002
2157,665,20877,86,726,332,239,0.9754
2158,665,3483,622,717,213,270,0.969
2159,665,28763,130,185,209,199,0.965
2160,665,36637,604,202,180,247,0.9584
2161,667,12081,645,699,243,452,0.9697
2162,667,25438,121,821,256,256,0.9656
2163,667,22627,22,142,475,282,0.9589
2164,667,2483,569,118,304,447,0.9521
2165,667,16235,801,0,173,96,0.0027
2166,667,16688,332,146,457,416,0.0014
2167,668,12081,64,120,230,425,0.9695
2168,668,25438,556,196,247,253,0.9676
2169,668,22627,435,775,485,300,0.9615
2170,668,2483,61,651,308,449,0.9553
2171,668,12778,514,612,362,294,0.0011
2172,670,25469,574,183,321,289,0.9727
2173,670,22347,682,849,214,207,0.9706
2174,670,35206,136,728,243,411,0.9628
2175,670,3483,125,274,270,188,0.9596
2176,672,25469,90,830,331,302,0.9714
2177,672,22347,106,224,205,198,0.9675
2178,672,35206,614,120,232,400,0.9662
2179,672,3483,602,846,279,187,0.9568
2180,674,44199,138,294,282,147,0.9634
2181,674,27926,600,159,255,455,0.9506
2182,674,16548,153,889,241,241,0.9504
2183,674,1900,633,895,209,135,0.936
2184,675,44199,550,835,293,147,0.9649
2185,675,16548,566,135,230,225,0.9528
2186,675,27926,94,614,270,484,0.95
2187,675,1900,140,240,199,129,0.9238
2188,675,25200,576,162,400,402,0.0025
2189,677,18110,15,694,309,297,0.9484
2190,677,16551,614,13,302,454,0.9483
2191,677,1900,141,240,198,129,0.9394
2192,677,27926,567,627,261,488,0.9372
2193,677,33009,627,186,274,228,0.0047
2194,677,33009,622,236,275,213,0.0032
2195,679,5094,105,812,287,284,0.9638
2196,679,4378,599,701,223,471,0.9581
2197,679,22627,132,155,340,479,0.9518
2198,679,2483,610,93,215,464,0.9431
2199,679,2483,458,126,187,442,0.0042
2200,679,2483,428,155,187,427,0.0013
2201,680,5094,551,191,272,268,0.9693
2202,680,22627,470,605,346,471,0.9535
2203,680,4378,137,106,215,442,0.9527
2204,680,2483,85,677,233,480,0.95
2205,680,20004,0,986,351,294,0.0012
2206,680,3743,820,311,156,372,0.0011
2207,680,18147,258,666,225,398,0.0011
2208,681,5094,104,800,280,275,0.9718
2209,681,4378,592,696,213,459,0.9609
2210,681,22627,127,131,345,469,0.9489
2211,681,2483,615,55,224,479,0.9472
2212,681,2483,473,109,175,424,0.0042
2213,681,2483,424,118,202,427,0.0018
2214,681,2483,421,72,263,460,0.0013
2215,684,16551,528,88,365,432,0.9574
2216,684,1900,181,268,128,198,0.95
2217,684,29345,576,716,327,425,0.9487
2218,684,18110,79,766,306,287,0.9459
2219,684,18110,61,590,313,304,0.001
2220,685,12081,644,700,240,452,0.9687
2221,685,25438,117,819,257,256,0.9645
2222,685,2483,577,118,298,449,0.9544
2223,685,6192,89,0,304,536,0.9358
2224,685,16235,795,0,178,97,0.0016
2225,688,3483,581,758,274,212,0.969
2226,688,27733,86,721,328,282,0.9671
2227,688,34597,100,182,456,402,0.9628
2228,688,20238,614,187,219,213,0.9559
2229,688,25367,161,191,296,99,0.0043
2230,688,25367,177,190,255,78,0.0016
2231,692,22347,658,837,213,206,0.9707
2232,692,27653,672,255,219,200,0.9685
2233,692,3483,134,291,274,171,0.9661
2234,692,35206,105,686,203,421,0.9625
2235,692,33009,120,77,296,315,0.0012
2236,694,35206,159,277,257,388,0.9591
2237,694,3351,403,851,188,190,0.9587
2238,694,19232,502,239,328,253,0.9256
2239,694,15710,161,281,227,219,0.0012
2240,697,3351,403,855,191,193,0.9534
2241,697,38162,141,259,225,268,0.9531
2242,697,18357,605,202,236,344,0.9457
2243,697,12778,656,978,320,301,0.0042
2244,698,38162,574,679,238,282,0.9521
2245,698,3351,347,174,180,184,0.9504
2246,698,18357,81,633,248,369,0.9475
2247,698,20004,707,0,269,90,0.0303
2248,698,16235,0,1220,114,59,0.0098
2249,698,20004,750,1,226,136,0.0093
2250,698,20004,688,0,287,62,0.0032
2251,698,20004,626,0,343,79,0.0027
2252,698,20004,816,0,160,241,0.0023
2253,698,27733,0,1219,209,60,0.0021
2254,698,20004,733,0,243,255,0.0015
2255,700,3483,573,834,262,235,0.9868
2256,700,19861,91,826,227,177,0.9754
2257,700,30308,76,129,383,396,0.962
2258,700,16232,618,173,184,180,0.9616
2259,701,3483,600,868,259,229,0.9878
2260,701,19861,127,865,221,168,0.9746
2261,701,30308,88,147,396,407,0.9643
2262,701,16232,646,176,189,186,0.9581
2263,702,3483,146,220,252,222,0.9842
2264,702,19861,638,278,221,171,0.9697
2265,702,30308,517,696,404,413,0.9631
2266,702,16232,145,899,195,193,0.9628
2267,702,16548,641,278,219,170,0.0024
2268,705,3483,592,873,258,231,0.9871
2269,705,19861,119,864,221,169,0.9736
2270,705,22347,122,200,205,199,0.9689
2271,705,29667,640,205,222,215,0.9643
2272,705,30308,639,204,224,215,0.0029
2273,705,18110,113,728,232,217,0.0017
2274,706,5094,111,817,285,284,0.9733
2275,706,5886,604,685,245,505,0.9622
2276,706,12778,77,116,338,492,0.944
2277,706,2483,605,89,262,455,0.9336
2278,707,5094,549,186,272,268,0.9747
2279,707,2483,70,691,253,472,0.9521
2280,707,5886,113,85,235,476,0.9513
2281,707,12778,532,631,361,492,0.9441
2282,708,5886,597,684,235,491,0.9671
2283,708,5094,109,805,280,276,0.967
2284,708,2483,616,52,253,469,0.9438
2285,708,12778,68,84,346,487,0.9416
2286,710,27733,86,722,327,283,0.9685
2287,710,28763,158,234,209,199,0.9663
2288,710,3483,580,758,275,212,0.964
2289,710,16262,563,217,238,229,0.9571
2290,710,30308,563,217,238,229,0.0073
2291,712,5094,135,844,286,285,0.9711
2292,712,13395,641,674,244,518,0.9703
2293,712,12778,104,95,293,551,0.9477
2294,712,2483,626,106,227,462,0.947
2295,713,5094,524,163,271,266,0.9758
2296,713,13395,79,86,236,483,0.9653
2297,713,2483,81,660,217,487,0.9598
2298,713,12778,547,597,285,524,0.944
2299,713,6697,795,1176,179,104,0.0028
2300,714,5094,133,834,280,275,0.9705
2301,714,13395,634,673,230,502,0.9639
2302,714,2483,638,68,219,481,0.9495
2303,714,12778,101,83,295,525,0.947
2304,714,19552,146,1,411,361,0.001
2305,716,3743,119,796,331,330,0.9752
2306,716,12081,610,713,241,469,0.9647
2307,716,19552,95,122,323,509,0.9461
2308,716,2483,586,108,236,459,0.9368
2309,716,36637,780,1032,196,238,0.0014
2310,716,2483,472,147,164,417,0.001
2311,716,2483,385,173,232,414,0.001
2312,717,3743,495,167,314,298,0.9697
2313,717,12081,109,113,228,426,0.969
2314,717,19552,523,607,323,492,0.9513
2315,717,2483,88,667,253,471,0.9394
2316,717,18147,324,84,193,443,0.0011
2317,719,21771,90,811,196,190,0.9674
2318,719,16548,553,183,231,226,0.9554
2319,719,31705,604,691,255,452,0.9511
2320,719,1900,123,261,199,148,0.9387
2321,720,21771,674,288,188,180,0.9661
2322,720,1900,647,857,210,154,0.9632
2323,720,16548,165,841,242,239,0.9495
2324,720,31705,125,133,245,419,0.9453
2325,721,27733,87,720,328,284,0.9633
2326,721,35206,572,118,248,381,0.9596
2327,721,3483,581,758,275,211,0.9576
2328,721,31885,68,161,448,468,0.9561
2329,721,15710,594,126,223,228,0.0019
2330,724,10221,579,168,217,213,0.9741
2331,724,3544,133,178,202,199,0.9649
2332,724,31705,573,676,254,450,0.957
2333,724,16548,107,736,239,233,0.9558
2334,724,33009,134,176,200,200,0.0013
2335,725,10221,152,875,228,226,0.9697
2336,725,31705,149,147,250,420,0.9624
2337,725,3544,636,886,215,212,0.9611
2338,725,16548,620,301,231,225,0.952
2339,725,16548,638,883,213,214,0.002
2340,725,33009,643,887,205,143,0.001
2341,726,10221,608,171,222,216,0.9729
2342,726,3544,149,184,207,201,0.9619
2343,726,31705,601,714,254,444,0.9501
2344,726,16548,139,775,236,228,0.948
2345,726,31705,736,514,240,488,0.0017
2346,726,33009,155,185,198,142,0.0016
2347,726,33009,150,182,206,203,0.001
2348,727,25469,17,811,377,224,0.9688
2349,727,16232,602,214,184,181,0.9633
2350,727,3483,575,811,282,193,0.9613
2351,727,25367,37,153,409,446,0.9578
2352,728,16232,630,220,190,187,0.9609
2353,728,25469,52,857,373,218,0.9598
2354,728,3483,603,845,279,187,0.9593
2355,728,25367,51,175,422,452,0.9575
2356,731,29871,603,771,207,224,0.9703
2357,731,3544,103,161,202,198,0.9645
2358,731,4543,611,142,203,201,0.96
2359,731,16548,119,770,238,229,0.9529
2360,731,33009,105,159,200,200,0.0016
2361,731,20238,808,741,168,255,0.0011
2362,731,16548,106,247,196,112,0.001
2363,732,29871,168,278,205,212,0.9694
2364,732,3544,668,900,216,213,0.9663
2365,732,4543,131,916,216,213,0.9638
2366,732,16548,607,265,230,221,0.9576
2367,732,10221,128,912,212,219,0.0032
2368,732,16548,673,896,212,216,0.0024
2369,732,10221,129,915,136,216,0.0019
2370,732,33009,676,901,207,151,0.0014
2371,738,31705,139,644,252,451,0.9628
2372,738,44199,605,769,169,287,0.9577
2373,738,16551,585,88,292,464,0.951
2374,738,1900,88,260,199,127,0.9497
2375,738,25367,0,626,147,442,0.0041
2376,738,33009,594,275,271,218,0.0029
2377,738,33009,591,318,272,214,0.0023
2378,740,19607,657,273,156,149,0.9657
2379,740,31705,136,129,243,420,0.9498
2380,740,16548,122,805,238,235,0.9476
2381,740,1900,643,830,171,201,0.9403
2382,742,25438,567,187,247,254,0.9655
2383,742,4378,80,102,217,439,0.9594
2384,742,2483,82,673,250,473,0.9542
2385,742,6192,565,538,281,534,0.947
2386,743,25438,109,829,256,256,0.9652
2387,743,4378,644,703,217,457,0.964
2388,743,2483,606,68,250,470,0.9501
2389,743,6192,89,126,286,539,0.9454
2390,743,27733,791,0,182,94,0.0049
2391,743,27733,840,0,136,119,0.0035
2392,745,3351,351,891,192,194,0.9628
2393,745,32310,116,177,224,365,0.9606
2394,745,16262,662,271,239,231,0.9604
2395,745,30308,661,270,239,231,0.0031
2396,745,44266,666,982,310,297,0.0023
2397,745,12778,683,977,293,299,0.0018
2398,747,16262,63,798,242,237,0.9637
2399,747,32310,639,736,230,392,0.9626
2400,747,3351,438,192,184,184,0.9594
2401,747,30308,63,798,243,236,0.0028
2402,747,23223,62,799,243,236,0.0012
2403,750,16548,147,789,241,237,0.9579
2404,750,1900,687,807,131,205,0.9531
2405,750,29345,584,131,276,412,0.9529
2406,750,44199,175,199,167,270,0.9465
2407,752,6563,165,673,221,364,0.9671
2408,752,3544,93,197,202,200,0.9607
2409,752,27993,550,778,308,241,0.9605
2410,752,16548,559,138,229,224,0.9529
2411,752,16548,94,199,202,198,0.0025
2412,752,25200,563,154,413,437,0.0022
2413,752,16548,170,847,206,181,0.0014
2414,754,29667,627,762,227,222,0.9688
2415,754,3351,373,198,184,181,0.9601
2416,754,3832,89,655,370,376,0.942
2417,754,30308,626,759,230,223,0.0022
2418,754,29345,0,2,101,381,0.0016
2419,754,27993,0,0,187,70,0.0015
2420,754,27733,858,0,118,107,0.0011
2421,754,16235,0,0,172,82,0.001
2422,756,29667,126,319,225,224,0.9695
2423,756,3351,418,890,189,190,0.9575
2424,756,3832,514,254,364,376,0.9472
2425,756,22627,33,0,431,440,0.0292
2426,756,19552,520,0,448,365,0.0163
2427,756,30308,126,319,226,223,0.0017
2428,756,16688,303,151,450,435,0.0014
2429,758,3483,147,219,252,222,0.9772
2430,758,19861,639,278,221,171,0.9701
2431,758,31885,563,654,339,556,0.9576
2432,758,36637,95,906,274,166,0.9432
2433,758,16548,642,278,220,171,0.0023
2434,758,11220,332,888,240,265,0.0016
2435,759,3483,571,835,263,235,0.9841
2436,759,19861,90,826,227,177,0.9715
2437,759,31885,76,28,328,533,0.9599
2438,759,36637,589,196,261,154,0.9541
2439,759,31885,0,807,250,454,0.0015
2440,760,33208,657,804,213,205,0.9776
2441,760,16548,581,202,232,226,0.964
2442,760,29345,86,708,293,445,0.9506
2443,760,1900,160,260,125,197,0.9444
2444,761,33208,683,836,211,201,0.9687
2445,761,29345,124,749,284,440,0.9543
2446,761,1900,179,271,128,197,0.954
2447,761,16548,609,211,239,227,0.9508
2448,761,29345,769,604,207,450,0.0027
2449,761,29345,683,642,279,356,0.0013
2450,763,27733,565,261,302,265,0.9732
2451,763,3483,127,306,266,205,0.9722
2452,763,31885,498,641,457,483,0.9604
2453,763,20238,113,855,233,226,0.9569
2454,764,27733,123,768,315,276,0.97
2455,764,3483,608,792,272,206,0.9637
2456,764,31885,52,134,464,470,0.9599
2457,764,20238,644,191,225,216,0.9575
2458,766,3483,143,290,210,258,0.9825
2459,766,20877,544,293,329,238,0.9745
2460,766,34597,569,730,407,475,0.9674
2461,766,36637,167,797,190,258,0.9455
2462,768,20877,85,725,332,241,0.9739
2463,768,3483,621,718,212,271,0.9723
2464,768,34597,8,21,401,458,0.9666
2465,768,36637,603,204,180,248,0.9529
2466,772,33208,639,879,211,201,0.9755
2467,772,31705,171,687,252,444,0.9571
2468,772,16551,555,78,288,482,0.9553
2469,772,1900,104,270,203,125,0.9448
2470,772,25367,0,695,184,421,0.005
2471,772,33009,548,691,316,388,0.004
2472,772,33009,621,692,232,364,0.003
2473,772,33009,563,330,269,212,0.0011
2474,773,33208,612,846,214,207,0.9748
2475,773,31705,139,644,251,451,0.964
2476,773,16551,527,70,280,468,0.955
2477,773,1900,88,260,199,128,0.9458
2478,773,33009,588,670,244,359,0.0026
2479,773,16551,105,0,251,48,0.0022
2480,773,33009,535,295,265,221,0.0021
2481,773,25367,1,627,150,447,0.0021
2482,773,33009,473,663,371,393,0.0019
2483,773,16551,73,0,226,49,0.0016
2484,773,16551,192,0,233,52,0.0015
2485,773,16551,244,0,200,55,0.0014
2486,773,16551,345,0,173,56,0.0013
2487,773,16551,309,0,161,56,0.0013
2488,773,16551,369,0,224,57,0.0012
2489,773,16551,581,0,350,83,0.0012
2490,773,16551,384,0,286,58,0.0011
2491,778,30308,84,170,405,401,0.9632
2492,778,3483,604,846,278,187,0.9626
2493,778,16232,630,220,189,186,0.9615
2494,778,25469,52,857,372,218,0.9611
2495,778,16551,610,1,366,446,0.002
2496,778,16551,622,0,277,50,0.0014
2497,778,25367,112,177,285,103,0.0013
2498,779,25469,575,231,370,221,0.9644
2499,779,16232,164,856,193,192,0.9612
2500,779,3483,126,275,269,188,0.96
2501,779,30308,515,685,411,406,0.9543
2502,779,12778,581,38,363,293,0.0014
2503,780,25469,18,811,375,223,0.9685
2504,780,30308,71,148,390,394,0.9644
2505,780,16232,602,214,184,181,0.9641
2506,780,3483,576,811,281,193,0.9601
2507,780,25367,99,153,272,95,0.0012
2508,782,22074,588,727,185,194,0.9566
2509,782,3351,339,183,186,190,0.9542
2510,782,20014,9,625,347,341,0.9463
2511,782,27733,783,1166,193,114,0.0428
2512,782,16235,785,1158,191,122,0.0139
2513,785,27653,671,255,220,200,0.9711
2514,785,3483,134,291,275,172,0.9638
2515,785,35206,104,686,206,422,0.9638
2516,785,25367,541,692,392,491,0.9554
2517,787,3483,145,220,253,223,0.9863
2518,787,19861,638,277,221,171,0.9701
2519,787,34597,537,650,355,514,0.9688
2520,787,20238,112,856,231,228,0.9595
2521,787,16548,641,278,219,171,0.001
2522,788,3483,573,834,262,234,0.9885
2523,788,19861,92,826,226,177,0.9763
2524,788,34597,98,61,338,493,0.9725
2525,788,20238,616,186,220,214,0.9563
2526,797,3544,147,192,202,198,0.9621
2527,797,4543,602,188,204,199,0.961
2528,797,27993,497,854,335,163,0.9597
2529,797,16551,42,528,308,476,0.953
2530,797,16548,148,190,201,200,0.0022
2531,797,33009,72,774,270,210,0.0016
2532,797,18110,513,707,316,247,0.0011
2533,798,4543,629,192,210,202,0.9602
2534,798,3544,164,200,207,200,0.9598
2535,798,16551,69,578,313,468,0.9541
2536,798,27993,523,891,334,155,0.9525
2537,798,29345,608,2,368,432,0.0021
2538,798,33009,168,200,200,141,0.0021
2539,798,33009,164,197,207,202,0.0014
2540,799,3483,600,868,259,229,0.9874
2541,799,19861,126,865,222,168,0.9755
2542,799,28763,170,180,212,201,0.9685
2543,799,20238,644,189,226,217,0.9588
2544,807,3483,154,215,252,224,0.9791
2545,807,19861,643,278,222,172,0.9714
2546,807,29667,120,840,229,226,0.9646
2547,807,25367,611,707,317,529,0.9636
2548,807,30308,119,837,232,229,0.0031
2549,808,29871,634,826,169,236,0.968
2550,808,6563,193,707,216,359,0.9641
2551,808,3544,109,208,207,200,0.9588
2552,808,16551,612,49,336,455,0.9537
2553,808,33009,109,207,207,202,0.0016
2554,808,16548,108,214,208,196,0.0012
2555,808,16548,112,283,204,126,0.0012
2556,810,29871,605,790,173,244,0.9653
2557,810,6563,160,666,220,365,0.9649
2558,810,3544,93,200,203,197,0.9595
2559,810,16551,585,43,327,442,0.9541
2560,810,33009,99,201,193,143,0.0037
2561,810,31885,0,629,198,407,0.0025
2562,810,16548,95,198,202,199,0.0021
2563,810,16548,96,256,199,141,0.0013
2564,810,16548,164,831,209,191,0.0011
2565,815,20238,99,711,231,229,0.9581
2566,815,3351,363,170,181,184,0.9553
2567,815,32310,523,612,275,363,0.9378
2568,815,16235,0,1213,124,67,0.0516
2569,815,20004,662,0,314,81,0.0085
2570,815,27733,657,0,319,58,0.0021
2571,815,20004,715,1,261,144,0.0016
2572,815,20004,817,0,159,270,0.0012
2573,817,27653,95,852,223,206,0.9711
2574,817,30308,94,156,384,422,0.9654
2575,817,16232,648,231,192,181,0.9619
2576,817,3483,590,845,281,170,0.9522
2577,818,27653,672,255,219,200,0.968
2578,818,3483,135,291,274,171,0.9679
2579,818,16232,142,846,196,193,0.9578
2580,818,30308,525,677,390,427,0.9518
2581,818,30308,119,792,605,456,0.0019
2582,819,27653,61,811,224,210,0.9745
2583,819,30308,81,139,371,411,0.964
2584,819,16232,620,222,187,182,0.9575
2585,819,3483,562,811,284,176,0.9554
2586,820,3743,483,150,316,302,0.9658
2587,820,19552,486,644,333,482,0.9529
2588,820,4378,134,108,223,435,0.9514
2589,820,2483,94,693,212,486,0.9476
2590,820,20004,0,1039,355,241,0.0046
2591,820,19552,318,679,255,494,0.0043
2592,820,20004,0,1139,335,140,0.0043
2593,820,20004,0,1187,313,93,0.0036
2594,822,3743,131,814,333,330,0.9678
2595,822,4378,596,704,233,467,0.9601
2596,822,2483,622,72,195,467,0.9504
2597,822,19552,125,92,333,502,0.9485
2598,826,38162,179,201,250,261,0.9643
2599,826,18147,541,320,304,385,0.9545
2600,826,3351,408,861,190,191,0.9523
2601,828,38162,553,864,249,253,0.9615
2602,828,3351,381,238,186,182,0.9587
2603,828,18147,128,573,307,408,0.9533
2604,828,16235,841,0,135,89,0.0057
2605,828,27733,839,0,137,126,0.0013
2606,829,28763,97,169,208,199,0.9686
2607,829,3483,536,778,269,223,0.9634
2608,829,27777,145,777,179,205,0.9509
2609,829,36637,636,176,181,245,0.9451
2610,830,3483,172,278,260,216,0.9683
2611,830,28763,665,891,224,213,0.9668
2612,830,27777,639,294,175,194,0.9602
2613,830,36637,128,827,193,258,0.9362
2614,831,3483,564,813,265,218,0.9713
2615,831,28763,113,176,212,200,0.9659
2616,831,27777,179,814,174,200,0.9561
2617,831,36637,665,181,186,248,0.9452
2618,832,16548,606,163,236,224,0.9476
2619,832,21026,139,868,178,177,0.9476
2620,832,18110,59,124,306,288,0.9462
2621,832,1900,623,890,207,139,0.9209
2622,832,29451,491,563,53,79,0.001
2623,838,33208,589,801,213,204,0.9734
2624,838,27926,89,614,272,483,0.9557
2625,838,16548,593,164,231,223,0.9516
2626,838,1900,141,241,198,129,0.9284
2627,838,25200,614,194,362,412,0.002
2628,842,3483,127,307,266,204,0.976
2629,842,27733,565,261,301,266,0.9723
2630,842,16262,153,804,250,240,0.9629
2631,842,34597,472,669,462,428,0.9623
2632,842,30308,153,804,250,240,0.0041
2633,842,23223,150,803,251,240,0.0017
2634,851,3743,123,836,331,336,0.9758
2635,851,22362,610,737,272,418,0.9665
2636,851,22627,108,145,310,502,0.9586
2637,851,2483,630,103,202,466,0.9472
2638,851,20238,782,1025,194,243,0.0012
2639,855,3743,131,814,335,329,0.9667
2640,855,4378,596,703,233,468,0.9596
2641,855,2483,622,72,195,467,0.9481
2642,855,12778,89,131,305,528,0.9407
2643,857,31863,575,746,208,213,0.9752
2644,857,16262,94,679,246,245,0.9614
2645,857,3351,339,133,183,188,0.9573
2646,857,16235,764,1143,212,137,0.2573
2647,857,27733,763,1148,213,131,0.0023
2648,857,30308,94,679,246,243,0.0015
2649,857,30850,543,0,422,99,0.0014
2650,857,23223,95,680,245,243,0.0012
2651,858,31863,614,834,205,206,0.9776
2652,858,16262,137,770,242,237,0.9631
2653,858,3351,380,190,184,182,0.9504
2654,858,30308,137,771,244,235,0.0037
2655,858,18147,832,0,144,237,0.0013
2656,858,30850,577,0,395,95,0.0012
2657,858,16235,855,0,121,131,0.001
2658,858,27733,741,0,235,66,0.001
2659,861,25438,124,833,259,266,0.9688
2660,861,12081,655,705,251,465,0.9665
2661,861,19552,71,82,345,483,0.9411
2662,861,2483,570,154,303,427,0.9411
2663,861,19552,543,0,433,333,0.001
2664,862,25469,89,829,333,302,0.9739
2665,862,34597,76,134,450,417,0.9652
2666,862,3483,602,846,279,187,0.9645
2667,862,36637,674,173,175,254,0.9455
2668,862,27733,492,1188,116,89,0.0011
2669,864,25469,50,787,341,303,0.9738
2670,864,3483,574,812,281,193,0.9664
2671,864,34597,59,104,443,424,0.9582
2672,864,36637,644,169,170,251,0.9554
2673,866,3351,306,173,186,190,0.9562
2674,866,3832,485,557,384,371,0.94
2675,866,16688,35,529,437,581,0.9189
2676,866,31885,661,1159,314,120,0.006
2677,866,16688,28,303,630,549,0.0045
2678,866,16688,24,322,381,317,0.0019
2679,866,12778,478,382,412,383,0.0017
2680,866,16688,0,272,363,436,0.0013
2681,867,3351,347,234,186,182,0.9633
2682,867,3832,528,657,379,362,0.9483
2683,867,16688,71,629,436,577,0.9336
2684,867,41149,573,0,401,92,0.0253
2685,867,41149,584,0,390,66,0.0163
2686,867,16688,73,406,584,516,0.0015
2687,868,27653,95,853,223,206,0.9699
2688,868,16232,649,231,192,181,0.9615
2689,868,31885,32,58,412,508,0.9577
2690,868,3483,590,846,281,170,0.9496
2691,868,33009,86,750,233,187,0.0015
2692,869,27653,61,811,225,210,0.9749
2693,869,31885,21,38,397,503,0.9626
2694,869,16232,620,222,187,182,0.957
2695,869,3483,562,811,285,176,0.9477
2696,870,27653,672,255,219,200,0.9695
2697,870,3483,135,291,274,172,0.9684
2698,870,31885,570,675,401,523,0.9643
2699,870,16232,142,846,197,192,0.9593
2700,873,18147,622,672,281,421,0.9616
2701,873,3351,344,225,185,183,0.9528
2702,873,16688,70,628,439,578,0.9323
2703,873,41149,567,0,407,90,0.0073
2704,873,41149,575,0,400,62,0.0029
2705,874,20877,86,725,332,240,0.975
2706,874,3483,622,717,212,270,0.9715
2707,874,31885,146,150,436,478,0.9592
2708,874,16232,627,221,187,184,0.9557
2709,875,20877,117,769,332,230,0.9731
2710,875,3483,648,749,213,266,0.9703
2711,875,16232,655,232,193,179,0.96
2712,875,31885,166,180,447,479,0.9519
2713,878,27653,96,853,223,206,0.9733
2714,878,34597,74,123,337,497,0.9696
2715,878,3483,591,845,281,169,0.9491
2716,878,36637,643,210,190,246,0.9396
2717,879,27653,62,812,225,210,0.9735
2718,879,34597,59,94,329,499,0.9701
2719,879,3483,563,811,284,176,0.9646
2720,879,36637,613,202,185,243,0.9515
2721,879,36637,770,252,206,278,0.0012
2722,880,5094,510,161,272,266,0.9704
2723,880,2483,76,667,224,486,0.9596
2724,880,13395,65,91,239,483,0.9583
2725,880,23223,509,604,304,508,0.9383
2726,880,20004,783,0,193,263,0.003
2727,880,6697,773,1163,201,117,0.002
2728,880,38927,547,904,429,376,0.0011
2729,880,20004,779,1,197,140,0.001
2730,882,5094,147,837,281,276,0.9717
2731,882,13395,645,668,236,499,0.9701
2732,882,2483,636,62,226,480,0.9523
2733,882,23223,123,95,308,499,0.9497
2734,882,27733,857,0,119,120,0.0029
2735,883,28763,142,232,214,203,0.9651
2736,883,25469,52,858,371,217,0.9628
2737,883,3483,603,845,279,187,0.9615
2738,883,16232,631,220,190,186,0.9613
2739,883,16551,605,1,371,437,0.001
2740,886,31863,163,285,207,207,0.9758
2741,886,35206,546,262,266,385,0.9626
2742,886,3351,410,892,189,191,0.9508
2743,886,15710,547,268,240,262,0.0023
2744,886,35659,809,970,59,89,0.0013
2745,886,41149,0,8,110,574,0.0011
2746,888,31863,612,835,205,206,0.9783
2747,888,35206,165,646,262,395,0.9624
2748,888,3351,380,206,185,183,0.9574
2749,888,30850,571,0,398,82,0.002
2750,888,15710,165,652,235,315,0.0018
2751,888,16235,842,0,134,128,0.0016
2752,888,15710,167,651,225,231,0.0016
2753,888,41149,584,0,390,91,0.0014
2754,889,3483,142,291,211,258,0.9815
2755,889,20877,542,293,330,238,0.9754
2756,889,28763,709,888,222,214,0.9701
2757,889,16232,134,847,196,191,0.9609
2758,891,20877,87,725,331,240,0.976
2759,891,3483,622,717,212,271,0.9707
2760,891,28763,56,172,209,199,0.9652
2761,891,16232,628,221,187,183,0.9558
2762,891,27993,455,568,123,72,0.0232
2763,891,6563,392,1106,93,91,0.002
2764,894,20877,86,725,332,241,0.9753
2765,894,3483,621,718,214,271,0.9727
2766,894,25367,29,24,409,442,0.9593
2767,894,36637,603,204,180,247,0.9551
2768,894,25367,73,34,260,98,0.0016
2769,895,10221,585,775,226,222,0.9711
2770,895,3544,93,222,203,199,0.9573
2771,895,16551,533,37,295,459,0.9528
2772,895,21026,100,821,181,181,0.9517
2773,895,33009,542,258,261,220,0.0021
2774,895,16548,543,266,263,211,0.0017
2775,895,33009,94,220,202,201,0.0013
2776,896,10221,612,813,223,215,0.9714
2777,896,3544,109,234,207,199,0.9596
2778,896,16551,561,43,302,473,0.9546
2779,896,21026,134,855,177,177,0.9454
2780,896,33009,571,294,265,207,0.0029
2781,896,16548,571,320,263,184,0.0028
2782,896,33009,111,232,206,201,0.0016
2783,896,33009,115,235,197,138,0.0011
2784,897,10221,169,275,218,215,0.9685
2785,897,3544,677,836,212,212,0.9656
2786,897,16551,114,721,320,490,0.9547
2787,897,21026,680,285,173,172,0.942
2788,897,33009,126,944,281,225,0.0036
2789,897,16548,681,832,210,214,0.0019
2790,897,33009,684,837,203,155,0.0015
2791,898,3544,121,173,202,198,0.9611
2792,898,12247,618,204,176,189,0.9593
2793,898,16548,74,779,238,233,0.9448
2794,898,27926,567,583,257,488,0.9369
2795,898,16548,122,171,200,200,0.0018
2796,898,33009,126,174,194,137,0.0015
2797,900,3544,136,180,207,200,0.9638
2798,900,12247,646,205,179,190,0.9597
2799,900,27926,597,628,251,481,0.9465
2800,900,16548,107,821,235,228,0.9441
2801,900,16548,138,177,206,203,0.0015
2802,904,27733,123,769,315,275,0.9699
2803,904,3483,608,792,272,206,0.9618
2804,904,20238,643,191,226,216,0.9583
2805,904,30308,161,55,297,474,0.9516
2806,904,20238,789,274,187,263,0.0015
2807,904,16551,0,81,227,448,0.0011
2808,906,3483,126,306,266,205,0.9751
2809,906,27733,565,260,302,266,0.9713
2810,906,20238,113,855,232,225,0.9571
2811,906,30308,542,722,301,483,0.9337
2812,908,31863,575,746,208,213,0.9764
2813,908,3351,306,194,183,187,0.954
2814,908,20238,116,715,228,228,0.9512
2815,908,16235,773,1148,203,132,0.5529
2816,908,27733,772,1151,204,128,0.0023
2817,910,3483,174,277,260,217,0.9642
2818,910,25367,513,701,446,440,0.9616
2819,910,27777,640,295,176,196,0.9608
2820,910,29667,127,880,230,228,0.9576
2821,910,30308,125,878,233,229,0.0049
2822,910,25367,576,709,287,91,0.0017
2823,912,29667,602,162,217,215,0.9644
2824,912,3483,533,779,270,224,0.962
2825,912,25367,31,110,431,417,0.9578
2826,912,27777,143,775,179,205,0.9539
2827,912,30308,602,160,218,216,0.0043
2828,912,25367,71,118,278,93,0.0014
2829,914,13900,556,709,204,248,0.9615
2830,914,35206,46,615,347,354,0.9569
2831,914,3351,370,123,184,189,0.9545
2832,914,27733,766,1158,210,121,0.0505
2833,914,41149,602,0,372,104,0.0046
2834,914,41149,586,0,389,59,0.0019
2835,914,15710,101,616,284,235,0.0015
2836,914,35206,43,429,342,362,0.0015
2837,915,13900,596,799,198,243,0.9642
2838,915,35206,91,710,342,348,0.9609
2839,915,3351,412,180,185,183,0.9539
2840,915,41149,580,0,395,93,0.0046
2841,915,15710,148,711,277,226,0.0021
2842,915,44266,784,0,192,262,0.0017
2843,915,41149,836,0,140,254,0.0013
2844,915,41149,777,1,199,151,0.0011
2845,916,27733,565,261,301,265,0.9745
2846,916,3483,127,306,266,205,0.9667
2847,916,25367,503,680,456,427,0.9598
2848,916,16232,141,892,199,194,0.957
2849,916,25367,572,688,302,102,0.0025
2850,919,27733,564,261,301,266,0.9733
2851,919,3483,126,308,266,204,0.9618
2852,919,30308,492,679,374,438,0.9538
2853,919,36637,101,882,268,180,0.9444
2854,920,27733,88,721,326,284,0.9644
2855,920,3483,581,757,275,211,0.9623
2856,920,30308,127,123,358,424,0.9614
2857,920,36637,594,204,251,169,0.9532
2858,920,6563,705,1075,67,90,0.0018
2859,920,6563,626,1101,87,88,0.0013
2860,923,3483,143,290,211,259,0.9812
2861,923,20877,544,292,330,240,0.9763
2862,923,25367,540,710,431,452,0.9585
2863,923,16262,111,837,249,242,0.9567
2864,923,30308,105,836,252,240,0.0058
2865,923,12778,546,156,351,303,0.0014
2866,925,3483,146,220,252,222,0.9848
2867,925,19861,638,278,221,171,0.97
2868,925,34597,487,624,440,455,0.965
2869,925,16232,144,899,196,193,0.9614
2870,925,16548,642,278,219,170,0.0017
2871,927,3483,573,835,262,233,0.9883
2872,927,19861,92,827,226,176,0.9767
2873,927,34597,62,138,423,444,0.97
2874,927,16232,617,173,185,181,0.9608
2875,929,25469,18,811,376,223,0.9686
2876,929,16232,602,214,184,181,0.9631
2877,929,31885,31,38,414,492,0.9583
2878,929,3483,576,811,281,193,0.9582
2879,930,31885,541,688,428,510,0.9679
2880,930,25469,575,231,370,220,0.9647
2881,930,16232,165,856,192,192,0.9615
2882,930,3483,126,274,270,188,0.9531
2883,930,12778,566,19,367,306,0.0017
2884,931,19607,166,918,158,154,0.9611
2885,931,1900,179,271,128,197,0.9538
2886,931,29345,576,716,327,424,0.9512
2887,931,16551,480,245,485,258,0.944
2888,931,11220,303,288,216,232,0.0017
2889,931,29345,576,649,400,362,0.0011
2890,932,19607,132,886,162,160,0.9669
2891,932,29345,550,680,330,430,0.9483
2892,932,16551,454,223,476,263,0.9448
2893,932,1900,160,260,125,197,0.9435
2894,932,16551,468,8,450,324,0.0019
2895,932,11220,275,246,214,265,0.001
2896,933,19607,667,252,156,151,0.9624
2897,933,29345,119,167,309,399,0.9566
2898,933,1900,687,807,131,206,0.9545
2899,933,16551,22,737,497,274,0.9497
2900,933,30308,387,796,558,437,0.0035
2901,933,30308,318,750,560,462,0.0029
2902,936,25438,111,841,260,266,0.9686
2903,936,4378,656,705,215,474,0.959
2904,936,19552,114,190,314,499,0.9501
2905,936,2483,597,107,256,453,0.9424
2906,936,36637,806,1019,170,249,0.004
2907,936,19552,159,79,405,394,0.0013
2908,937,3743,131,814,334,329,0.9693
2909,937,4378,596,704,234,466,0.9596
2910,937,2483,621,73,199,469,0.9478
2911,937,6192,121,73,302,560,0.9347
2912,937,6192,0,124,154,452,0.0011
2913,938,3743,130,802,328,320,0.9686
2914,938,4378,590,701,222,453,0.9631
2915,938,2483,634,34,195,483,0.9591
2916,938,6192,122,68,297,532,0.9455
2917,938,27733,762,0,213,100,0.0012
2918,940,16232,643,322,191,190,0.9623
2919,940,3351,423,899,189,190,0.9611
2920,940,18147,205,225,215,418,0.9489
2921,941,16232,91,712,192,194,0.9589
2922,941,18147,518,550,212,450,0.9542
2923,941,3351,326,143,185,188,0.9492
2924,941,27733,801,1180,175,100,0.0163
2925,941,27733,816,1133,160,147,0.0022
2926,941,27733,755,1199,221,81,0.0021
2927,941,27733,668,1207,306,73,0.002
2928,941,27733,841,1049,135,231,0.0013
2929,942,3351,368,199,186,184,0.9615
2930,942,18147,557,643,213,449,0.9611
2931,942,16232,134,800,191,189,0.9569
2932,942,41149,588,0,385,90,0.0042
2933,942,41149,607,0,367,59,0.002
2934,942,27733,833,0,143,114,0.002
2935,942,41149,1,0,415,96,0.0014
2936,945,3483,146,220,252,223,0.9837
2937,945,19861,638,278,221,171,0.9711
2938,945,25367,629,639,319,524,0.9671
2939,945,20238,112,856,231,227,0.9601
2940,945,16548,641,278,219,171,0.002
2941,945,33009,138,31,282,293,0.0013
2942,947,28763,591,887,225,213,0.9715
2943,947,27653,672,255,219,200,0.9697
2944,947,3483,134,290,274,171,0.966
2945,947,16232,141,846,197,193,0.9586
2946,948,27653,95,853,223,206,0.9732
2947,948,28763,184,179,213,202,0.9657
2948,948,16232,649,230,192,182,0.9628
2949,948,3483,590,845,280,170,0.95
2950,949,3483,143,291,210,258,0.9829
2951,949,20877,544,293,329,239,0.9768
2952,949,16262,111,837,247,242,0.9583
2953,949,30308,505,724,418,399,0.9572
2954,949,30308,107,836,250,240,0.0074
2955,949,25367,544,729,287,96,0.0013
2956,950,3483,621,718,213,270,0.9782
2957,950,20877,86,725,332,241,0.977
2958,950,30308,73,118,396,385,0.9658
2959,950,16262,601,186,238,229,0.9552
2960,950,30308,600,186,239,228,0.0088
2961,950,25367,100,122,275,95,0.0022
2962,951,20877,118,769,332,232,0.9735
2963,951,3483,647,750,214,267,0.9693
2964,951,30308,86,136,411,393,0.961
2965,951,16262,630,191,244,233,0.9565
2966,951,30308,629,193,243,230,0.0043
2967,951,16551,588,0,314,52,0.0012
2968,951,25367,118,141,272,90,0.0011
2969,951,29345,610,7,366,413,0.001
2970,952,25469,575,231,370,220,0.9646
2971,952,3483,125,275,270,188,0.9643
2972,952,16262,168,835,249,241,0.959
2973,952,30308,562,650,387,428,0.9561
2974,952,30308,168,834,248,241,0.0061
2975,952,23223,166,834,250,241,0.0021
2976,953,25469,17,811,375,223,0.9686
2977,953,30308,48,161,368,414,0.9642
2978,953,3483,576,811,281,193,0.9624
2979,953,16262,546,188,239,229,0.9611
2980,953,30308,548,187,237,229,0.0054
2981,954,3483,604,845,277,187,0.9645
2982,954,30308,61,182,381,425,0.9641
2983,954,25469,53,857,372,218,0.9611
2984,954,16262,575,195,243,231,0.9594
2985,954,30308,576,195,242,231,0.0073
2986,956,19607,142,862,157,155,0.9596
2987,956,16551,595,0,309,447,0.9518
2988,956,1900,158,251,203,126,0.9503
2989,956,27926,599,674,253,480,0.9413
2990,956,16551,347,4,325,454,0.0019
2991,957,19607,690,299,157,150,0.9572
2992,957,16551,79,784,314,495,0.955
2993,957,27926,150,143,254,458,0.9489
2994,957,1900,631,894,209,135,0.9399
2995,962,29451,473,777,403,276,0.9678
2996,962,19607,144,848,159,158,0.9654
2997,962,16551,625,108,281,471,0.9525
2998,962,1900,148,241,179,181,0.9456
2999,962,33009,633,352,263,209,0.0018
3000,962,16548,640,358,254,201,0.0015
3001,962,16551,196,0,265,53,0.001
3002,966,16548,126,853,244,239,0.9534
3003,966,31705,136,128,245,421,0.9491
3004,966,1900,656,904,213,147,0.9454
3005,966,18110,610,218,298,285,0.9304
3006,966,29345,604,9,368,438,0.0017
3007,967,41768,128,302,261,296,0.9754
3008,967,29667,587,306,227,223,0.9714
3009,967,3351,408,888,188,191,0.9498
3010,967,30308,588,306,226,221,0.0014
3011,968,29667,111,696,232,234,0.9675
3012,968,3351,342,156,184,189,0.962
3013,968,41768,561,621,267,311,0.955
3014,968,30308,108,696,235,235,0.0015
3015,972,21771,126,775,193,189,0.9638
3016,972,16551,570,13,328,437,0.9479
3017,972,27926,568,628,261,488,0.9375
3018,972,1900,141,241,198,129,0.9322
3019,972,33009,587,201,284,222,0.0031
3020,972,33009,593,112,283,292,0.0011
3021,973,21771,183,886,190,184,0.9684
3022,973,29345,613,715,286,442,0.9513
3023,973,16551,570,82,309,470,0.9496
3024,973,1900,181,268,128,198,0.9449
3025,973,33009,577,329,279,211,0.0022
3026,973,33009,586,263,278,235,0.0013
3027,974,21771,148,850,195,190,0.9621
3028,974,16551,543,73,299,457,0.9479
3029,974,29345,586,678,288,447,0.9477
3030,974,1900,163,258,126,198,0.9426
3031,974,33009,551,291,271,213,0.0032
3032,974,16551,609,0,335,80,0.0013
3033,974,16551,530,0,297,68,0.0012
3034,974,16551,542,7,283,137,0.0012
3035,974,16551,712,952,264,327,0.001
3036,974,16551,467,0,301,61,0.001
3037,974,31705,689,934,287,345,0.001
3038,975,21771,619,251,187,182,0.9647
3039,975,1900,684,808,132,208,0.9587
3040,975,16551,105,686,322,488,0.9536
3041,975,29345,119,154,274,414,0.95
3042,975,33009,116,922,275,223,0.002
3043,975,31885,855,1,121,194,0.0018
3044,975,31885,786,0,190,60,0.0011
3045,975,31885,809,0,167,133,0.001
3046,979,22074,586,710,185,193,0.9527
3047,979,3351,392,158,184,187,0.9507
3048,979,18357,72,550,286,335,0.9468
3049,979,16235,788,1162,186,118,0.0049
3050,979,11220,858,0,118,98,0.0017
3051,979,16235,815,0,159,105,0.0014
3052,979,16235,3,1235,206,45,0.0012
3053,979,16235,0,1235,120,45,0.001
3054,980,3351,355,873,189,190,0.9629
3055,980,22074,171,312,186,191,0.9538
3056,980,18357,577,306,278,320,0.9292
3057,980,12778,693,985,283,290,0.001
3058,982,3743,118,838,329,333,0.971
3059,982,13395,637,673,242,520,0.9661
3060,982,2483,660,116,215,468,0.9421
3061,982,23223,99,102,304,520,0.941
3062,983,3743,116,827,323,323,0.9713
3063,983,13395,629,674,230,501,0.96
3064,983,2483,672,80,205,485,0.9566
3065,983,23223,98,81,304,505,0.9439
3066,983,20877,780,0,196,102,0.0068
3067,983,27733,823,0,153,125,0.0014
3068,984,3743,498,127,312,302,0.9655
3069,984,13395,83,84,234,486,0.9639
3070,984,2483,59,644,204,491,0.9576
3071,984,23223,539,612,299,512,0.9491
3072,984,19552,277,39,252,458,0.0011
3073,984,6697,799,1176,174,104,0.001
3074,985,29451,520,802,422,235,0.9657
3075,985,16548,575,187,232,224,0.9633
3076,985,24850,115,739,203,284,0.9553
3077,985,1900,139,218,201,150,0.9373
3078,985,33009,34,532,294,367,0.0029
3079,985,33009,92,540,232,296,0.0027
3080,985,16551,785,922,191,355,0.0023
3081,986,29451,45,233,405,229,0.9665
3082,986,24850,644,258,195,268,0.9573
3083,986,16548,143,838,240,237,0.9498
3084,986,1900,633,900,208,155,0.9407
3085,988,3483,598,869,258,230,0.9819
3086,988,19861,124,864,222,169,0.9746
3087,988,22347,160,183,204,198,0.9699
3088,988,36637,618,200,267,152,0.9482
3089,988,18110,118,740,233,198,0.0013
3090,989,3483,571,835,263,235,0.9846
3091,989,19861,90,826,227,176,0.9746
3092,989,22347,143,177,201,194,0.9713
3093,989,36637,589,195,261,154,0.9563
3094,989,16548,87,826,229,178,0.0011
3095,990,3483,147,219,253,222,0.9806
3096,990,22347,626,887,214,209,0.9715
3097,990,19861,640,278,221,171,0.9698
3098,990,36637,95,906,274,166,0.9454
3099,990,16548,642,278,220,170,0.0016
3100,990,33009,138,39,278,272,0.0012
3101,991,10221,584,775,226,221,0.9722
3102,991,3544,93,223,202,199,0.9607
3103,991,16548,573,222,230,226,0.9525
3104,991,21026,100,820,181,181,0.9514
3105,991,33009,94,220,201,201,0.0012
3106,993,10221,612,813,223,215,0.9722
3107,993,3544,109,234,207,199,0.9589
3108,993,16548,601,233,236,226,0.9471
3109,993,21026,134,855,177,177,0.9461
3110,993,33009,111,231,205,201,0.0016
3111,994,3483,134,291,274,172,0.9718
3112,994,27653,672,255,218,200,0.9695
3113,994,16262,118,847,248,242,0.965
3114,994,30308,509,755,392,427,0.9511
3115,994,30308,118,845,249,241,0.0064
3116,996,27653,95,852,222,206,0.9726
3117,996,16262,623,182,244,231,0.9616
3118,996,30308,109,76,386,423,0.9589
3119,996,3483,590,845,280,170,0.9481
3120,996,30308,623,183,242,229,0.0054
3121,996,29345,615,7,361,408,0.0013
3122,997,21771,123,806,194,189,0.9716
3123,997,29451,457,807,425,226,0.9687
3124,997,16551,589,60,277,471,0.9541
3125,997,1900,148,241,180,179,0.9437
3126,997,10224,109,589,217,312,0.0028
3127,997,33009,597,306,264,206,0.0022
3128,997,33009,439,608,367,336,0.0017
3129,997,16548,605,313,252,198,0.0015
3130,997,16551,583,0,259,75,0.0015
3131,997,16551,624,0,321,99,0.0013
3132,997,16551,615,0,298,78,0.0011
3133,997,16551,254,0,230,56,0.001
3134,998,21771,156,841,191,184,0.967
3135,998,29451,488,844,417,222,0.9621
3136,998,16551,616,68,286,484,0.954
3137,998,1900,167,248,183,180,0.9187
3138,998,31885,146,628,210,296,0.0054
3139,998,33009,628,339,268,197,0.0021
3140,998,16548,635,344,258,191,0.0018
3141,998,16551,429,39,261,378,0.0015
3142,998,10224,147,642,210,271,0.0013
3143,998,16551,604,0,279,70,0.0013
3144,999,29451,104,235,409,223,0.9698
3145,999,21771,645,290,188,183,0.9662
3146,999,16551,80,687,296,501,0.9542
3147,999,1900,646,846,186,188,0.9527
3148,999,33009,91,880,273,228,0.0019
3149,1003,27733,123,768,315,276,0.9706
3150,1003,3483,608,792,273,206,0.9669
3151,1003,34597,38,158,452,416,0.9608
3152,1003,16232,649,185,192,179,0.9568
3153,1003,25367,111,166,252,87,0.0012
3154,1003,16551,0,686,216,356,0.001
3155,1004,27733,565,261,301,266,0.9731
3156,1004,3483,127,306,267,205,0.971
3157,1004,34597,509,660,459,436,0.9605
3158,1004,16232,141,892,199,194,0.9565
3159,1005,27733,86,721,326,284,0.966
3160,1005,3483,580,759,275,211,0.9622
3161,1005,34597,23,126,440,424,0.9603
3162,1005,16232,620,179,187,182,0.9583
3163,1006,3483,603,845,279,187,0.9683
3164,1006,25469,52,857,372,218,0.9625
3165,1006,25367,46,176,443,425,0.9604
3166,1006,20238,619,196,225,217,0.9595
3167,1006,25367,87,185,273,92,0.0026
3168,1007,25469,17,811,377,223,0.9684
3169,1007,3483,575,811,282,194,0.9669
3170,1007,25367,31,153,432,423,0.9584
3171,1007,20238,589,193,221,212,0.9536
3172,1007,25367,66,162,288,101,0.0018
3173,1007,25367,78,161,252,81,0.0012
3174,1009,25469,16,812,377,223,0.9685
3175,1009,22347,79,198,201,195,0.9651
3176,1009,3483,575,811,281,194,0.9594
3177,1009,16262,546,188,239,229,0.957
3178,1009,30308,548,187,237,230,0.0056
3179,1010,22347,95,207,205,198,0.9667
3180,1010,3483,602,845,278,188,0.9614
3181,1010,25469,52,858,372,217,0.9612
3182,1010,16262,575,195,244,232,0.9581
3183,1010,30308,575,195,243,231,0.0064
3184,1012,24850,138,704,188,295,0.9593
3185,1012,16548,612,159,230,223,0.9505
3186,1012,27926,568,629,262,488,0.9439
3187,1012,1900,141,242,199,129,0.9389
3188,1013,24850,637,275,182,276,0.9596
3189,1013,27926,148,143,254,459,0.9514
3190,1013,16548,105,867,240,237,0.9474
3191,1013,1900,632,892,209,136,0.9354
3192,1014,24850,170,742,185,290,0.9579
3193,1014,16548,640,164,237,224,0.9576
3194,1014,1900,158,252,202,125,0.9482
3195,1014,27926,600,673,254,480,0.9466
3196,1015,20877,117,769,332,230,0.9747
3197,1015,3483,649,749,213,267,0.974
3198,1015,35206,660,175,224,403,0.9672
3199,1015,30308,68,125,398,407,0.964
3200,1015,25367,95,130,276,100,0.0015
3201,1015,25367,105,129,243,81,0.001
3202,1016,3483,142,292,210,258,0.9821
3203,1016,20877,543,293,329,238,0.9765
3204,1016,35206,96,673,237,411,0.9573
3205,1016,30308,537,722,409,412,0.9555
3206,1016,15710,116,681,212,233,0.0011
3207,1018,27733,561,257,301,264,0.9719
3208,1018,3483,127,307,266,204,0.968
3209,1018,29667,89,863,229,227,0.9605
3210,1018,30308,442,741,474,310,0.9563
3211,1018,30308,87,860,232,229,0.0042
3212,1019,30308,94,212,457,297,0.9677
3213,1019,27733,129,776,314,277,0.9674
3214,1019,3483,607,792,274,205,0.9654
3215,1019,29667,669,182,225,214,0.9581
3216,1019,30308,669,180,226,215,0.0034
3217,1020,3483,580,758,275,211,0.9646
3218,1020,27733,93,727,326,283,0.9644
3219,1020,30308,79,189,445,297,0.9622
3220,1020,29667,640,178,217,212,0.9592
3221,1020,30308,639,176,219,214,0.0047
3222,1020,25367,119,192,330,62,0.0016
3223,1022,33208,583,811,214,205,0.9769
3224,1022,29451,36,799,422,229,0.971
3225,1022,16551,626,23,280,468,0.9529
3226,1022,1900,148,240,181,181,0.9445
3227,1022,33009,636,250,262,220,0.0019
3228,1022,30308,270,799,619,441,0.0018
3229,1022,16548,641,258,259,211,0.0018
3230,1023,33208,610,844,211,199,0.9749
3231,1023,29451,70,842,417,218,0.971
3232,1023,16551,655,26,287,486,0.9518
3233,1023,1900,167,248,182,181,0.9185
3234,1023,29345,159,226,423,338,0.017
3235,1023,16548,666,303,264,193,0.0025
3236,1023,18110,69,24,291,340,0.0023
3237,1023,33009,666,289,266,204,0.0015
3238,1023,18110,3,53,362,357,0.0014
3239,1023,30308,269,825,633,441,0.0013
3240,1023,16551,662,3,314,334,0.0012
3241,1025,3483,143,290,210,259,0.9817
3242,1025,20877,542,293,330,238,0.9746
3243,1025,28763,643,863,223,212,0.9679
3244,1025,16262,110,837,249,242,0.9533
3245,1025,30308,106,836,251,240,0.007
3246,1026,20877,117,770,332,231,0.9719
3247,1026,3483,648,750,214,267,0.9672
3248,1026,28763,134,206,213,201,0.9668
3249,1026,16262,630,192,243,232,0.9554
3250,1026,30308,628,193,244,231,0.0049
3251,1026,29345,610,9,366,415,0.0019
3252,1026,3544,18,1185,127,93,0.0018
3253,1026,3544,0,1170,128,109,0.0013
3254,1027,16232,601,262,189,188,0.9645
3255,1027,13900,191,286,197,234,0.9571
3256,1027,3351,355,884,189,191,0.9511
3257,1027,38927,2,0,556,300,0.0011
3258,1028,13900,554,708,205,248,0.9622
3259,1028,16232,135,780,191,191,0.9618
3260,1028,3351,393,157,184,188,0.9566
3261,1028,27733,753,1160,223,119,0.2779
3262,1028,41149,621,0,355,109,0.0174
3263,1028,16235,755,1151,221,129,0.0096
3264,1028,41149,592,0,383,62,0.003
3265,1028,20004,769,0,207,311,0.0026
3266,1028,20004,712,0,264,153,0.0018
3267,1029,13900,595,798,198,242,0.9641
3268,1029,3351,436,215,184,183,0.9622
3269,1029,16232,179,866,188,193,0.9598
3270,1029,30850,846,0,130,275,0.0026
3271,1029,36637,813,805,163,280,0.0019
3272,1029,41149,579,0,397,94,0.0015
3273,1030,3483,581,758,275,211,0.9644
3274,1030,27733,87,721,326,284,0.9639
3275,1030,34597,46,141,446,416,0.9631
3276,1030,35206,571,119,249,380,0.9587
3277,1030,25367,104,150,271,89,0.0028
3278,1030,15710,594,125,224,228,0.0019
3279,1034,3483,146,220,252,222,0.9767
3280,1034,19861,638,277,221,171,0.9714
3281,1034,28763,649,882,223,214,0.971
3282,1034,36637,95,907,274,166,0.9457
3283,1034,33009,136,41,285,272,0.0013
3284,1034,16548,641,278,220,170,0.0011
3285,1039,3483,603,845,278,187,0.9641
3286,1039,28763,126,214,214,203,0.9631
3287,1039,25469,52,858,371,217,0.9616
3288,1039,16262,575,195,244,232,0.9584
3289,1039,30308,576,195,243,231,0.0084
3290,1039,16551,619,0,284,51,0.0014
3291,1039,16551,591,3,385,442,0.0013
3292,1041,28763,652,852,221,214,0.972
3293,1041,25469,575,230,368,221,0.9641
3294,1041,3483,125,274,270,187,0.9637
3295,1041,16262,167,835,250,242,0.9587
3296,1041,30308,168,834,248,241,0.0084
3297,1043,35206,516,605,242,415,0.9575
3298,1043,3351,313,170,184,187,0.9469
3299,1043,18357,53,627,266,351,0.9419
3300,1043,15710,518,612,213,235,0.0037
3301,1043,16235,817,1144,159,136,0.0019
3302,1043,16235,0,1212,122,68,0.0015
3303,1043,27733,0,1212,234,67,0.001
3304,1044,35206,556,702,236,408,0.9595
3305,1044,18357,95,723,265,351,0.9479
3306,1044,3351,355,228,184,183,0.9451
3307,1044,36637,788,838,188,275,0.0055
3308,1044,15710,557,709,211,254,0.0052
3309,1044,27733,12,0,416,57,0.0012
3310,1045,3483,621,718,214,270,0.9749
3311,1045,20877,42,756,328,250,0.9738
3312,1045,28763,133,213,210,200,0.9677
3313,1045,29667,594,179,220,215,0.9568
3314,1045,30308,594,177,221,216,0.0041
3315,1046,20877,74,800,328,242,0.9719
3316,1046,28763,151,223,213,201,0.9698
3317,1046,3483,647,751,214,266,0.9642
3318,1046,29667,623,183,224,215,0.9621
3319,1046,30308,623,180,226,217,0.0036
3320,1046,29345,598,6,378,432,0.0021
3321,1047,3483,143,291,210,258,0.9821
3322,1047,20877,590,258,325,245,0.9712
3323,1047,28763,626,844,222,212,0.9669
3324,1047,29667,134,863,229,225,0.9602
3325,1047,30308,134,860,230,227,0.004
3326,1050,5094,136,848,278,273,0.9742
3327,1050,22362,610,779,251,408,0.9657
3328,1050,2483,650,83,199,487,0.9581
3329,1050,22627,88,177,341,469,0.9545
3330,1050,27733,784,0,192,85,0.0037
3331,1050,19552,113,7,412,372,0.0011
3332,1051,5094,551,191,271,268,0.9693
3333,1051,4378,137,106,215,442,0.9537
3334,1051,2483,88,677,229,482,0.9523
3335,1051,23223,489,659,385,468,0.9497
3336,1053,5094,105,800,281,275,0.9729
3337,1053,4378,593,697,213,458,0.9632
3338,1053,23223,78,79,376,462,0.9563
3339,1053,2483,618,54,218,481,0.9498
3340,1053,2483,455,104,202,421,0.0026
3341,1053,27733,774,0,202,98,0.0012
3342,1053,6192,434,107,232,423,0.0011
3343,1055,27733,80,726,335,274,0.9682
3344,1055,31885,59,33,426,486,0.9588
3345,1055,29667,649,186,217,213,0.9568
3346,1055,3483,571,768,277,206,0.9428
3347,1055,30308,649,183,218,214,0.0035
3348,1056,27733,118,776,323,265,0.9745
3349,1056,29667,678,190,225,215,0.962
3350,1056,31885,72,52,439,490,0.9548
3351,1056,3483,600,801,274,201,0.9444
3352,1056,30308,679,188,223,216,0.0038
3353,1056,29345,667,13,286,340,0.0013
3354,1057,25438,109,829,257,256,0.9642
3355,1057,4378,644,703,217,457,0.9627
3356,1057,2483,606,69,250,469,0.9474
3357,1057,12778,79,78,332,499,0.9403
3358,1057,27733,796,0,178,97,0.0051
3359,1057,27733,835,0,141,122,0.0027
3360,1058,25438,111,842,260,266,0.9689
3361,1058,4378,657,704,213,476,0.9593
3362,1058,12778,86,102,325,509,0.939
3363,1058,2483,597,107,255,455,0.9376
3364,1060,13395,110,48,248,489,0.9659
3365,1060,25438,555,205,248,252,0.9647
3366,1060,2483,116,677,211,494,0.9523
3367,1060,22627,527,644,358,470,0.9487
3368,1060,20004,750,0,226,276,0.0015
3369,1064,3483,603,845,278,187,0.9666
3370,1064,34597,59,134,451,413,0.9641
3371,1064,25469,51,857,372,218,0.9616
3372,1064,20238,619,196,225,216,0.9597
3373,1064,25367,120,142,274,100,0.0014
3374,1064,25367,134,141,238,78,0.0014
3375,1064,16551,627,0,279,51,0.001
3376,1065,25469,575,231,369,220,0.9646
3377,1065,3483,126,274,270,189,0.9639
3378,1065,34597,488,686,460,432,0.9619
3379,1065,20238,139,851,233,225,0.9535
3380,1067,3483,135,291,274,171,0.9698
3381,1067,27653,672,256,219,199,0.9697
3382,1067,31885,559,673,398,532,0.9647
3383,1067,16262,118,847,248,242,0.9644
3384,1067,30308,118,845,250,241,0.0067
3385,1067,31885,0,27,134,528,0.0011
3386,1069,21026,138,869,178,177,0.9641
3387,1069,21771,116,204,190,185,0.9586
3388,1069,16548,644,165,236,225,0.9544
3389,1069,1900,622,891,206,139,0.9281
3390,1070,21771,686,882,197,194,0.9522
3391,1070,21026,674,272,176,173,0.9496
3392,1070,1900,175,280,201,142,0.9463
3393,1070,16548,102,865,241,237,0.9447
3394,1073,22347,116,199,202,194,0.9707
3395,1073,3483,534,778,269,224,0.9615
3396,1073,27777,144,776,179,205,0.953
3397,1073,36637,636,177,182,245,0.9469
3398,1075,29871,603,771,206,224,0.9727
3399,1075,3544,103,162,201,198,0.964
3400,1075,4543,611,143,203,201,0.9618
3401,1075,16551,91,594,339,462,0.9557
3402,1075,33009,101,811,289,227,0.0023
3403,1075,16548,105,160,200,200,0.0014
3404,1075,16548,102,864,272,180,0.0013
3405,1075,31885,0,552,182,465,0.0011
3406,1076,29871,168,279,205,213,0.9715
3407,1076,4543,132,917,216,213,0.9642
3408,1076,3544,668,900,215,213,0.9635
3409,1076,16551,536,190,328,439,0.9515
3410,1076,33009,553,350,289,220,0.0062
3411,1076,10221,129,912,211,219,0.0033
3412,1076,33009,676,901,206,151,0.0024
3413,1076,16548,672,897,211,216,0.0023
3414,1076,10221,129,916,134,215,0.0021
3415,1076,16551,571,0,405,514,0.0011
3416,1077,29871,631,807,204,218,0.9709
3417,1077,3544,117,167,207,201,0.9606
3418,1077,16551,127,643,333,458,0.9572
3419,1077,4543,640,143,209,203,0.956
3420,1077,29345,806,1,170,372,0.0037
3421,1077,33009,137,833,288,252,0.0023
3422,1077,16548,136,908,275,183,0.0021
3423,1077,33009,119,164,205,205,0.0014
3424,1077,16548,119,170,207,199,0.0013
3425,1079,20877,71,799,326,243,0.9695
3426,1079,22347,120,220,205,198,0.966
3427,1079,3483,644,754,215,266,0.9616
3428,1079,29667,625,187,224,215,0.9615
3429,1079,30308,624,184,226,216,0.0033
3430,1079,29345,604,5,372,431,0.0016
3431,1079,25367,0,199,374,387,0.0011
3432,1080,20877,39,755,327,252,0.9709
3433,1080,22347,103,211,201,195,0.9699
3434,1080,3483,617,721,214,271,0.9676
3435,1080,29667,596,182,219,215,0.9567
3436,1080,30308,595,180,221,216,0.0045
3437,1080,20238,808,189,168,230,0.002
3438,1081,44199,92,185,257,228,0.9514
3439,1081,21026,126,866,178,177,0.9495
3440,1081,16551,485,204,455,321,0.9445
3441,1081,1900,610,900,205,136,0.9389
3442,1081,16551,609,863,367,381,0.0015
3443,1085,20877,86,725,332,242,0.9758
3444,1085,3483,622,717,214,270,0.9726
3445,1085,25367,33,129,438,410,0.9606
3446,1085,16232,627,221,188,184,0.9569
3447,1085,25367,71,137,284,92,0.0023
3448,1085,6563,322,1107,64,77,0.0014
3449,1087,10221,623,205,217,214,0.9704
3450,1087,3544,134,177,202,198,0.9653
3451,1087,16551,87,588,293,486,0.9586
3452,1087,31705,569,676,255,452,0.9572
3453,1087,16548,111,856,259,199,0.0018
3454,1087,33009,140,178,194,134,0.0015
3455,1087,33009,109,835,261,220,0.0014
3456,1087,33009,136,174,200,201,0.0011
3457,1089,10221,107,835,229,225,0.9721
3458,1089,31705,151,146,252,421,0.9627
3459,1089,3544,634,888,215,212,0.9607
3460,1089,16551,583,180,293,462,0.9535
3461,1089,33009,637,885,212,214,0.0015
3462,1089,16548,638,984,209,115,0.0013
3463,1092,44199,134,243,244,234,0.9509
3464,1092,16548,84,915,244,240,0.9443
3465,1092,1900,652,850,211,159,0.9405
3466,1092,33009,564,214,323,292,0.9394
3467,1092,33009,558,51,333,260,0.0127
3468,1092,33009,522,3,387,346,0.0074
3469,1092,10224,565,69,401,372,0.0019
3470,1093,3483,146,220,252,223,0.9863
3471,1093,19861,637,277,221,171,0.9711
3472,1093,34597,503,692,458,437,0.9648
3473,1093,16262,100,851,249,241,0.9582
3474,1093,30308,100,850,249,241,0.0069
3475,1093,16548,641,278,220,170,0.0015
3476,1095,3483,600,868,258,229,0.9885
3477,1095,19861,126,865,222,168,0.9751
3478,1095,34597,46,123,446,418,0.9617
3479,1095,16262,639,178,242,230,0.9578
3480,1095,30308,639,178,244,230,0.0056
3481,1095,23223,638,178,244,230,0.0015
3482,1095,29345,616,11,349,387,0.0011
3483,1096,6563,165,672,221,365,0.9678
3484,1096,27993,550,778,308,241,0.9612
3485,1096,3544,93,197,202,199,0.9608
3486,1096,16551,482,112,443,324,0.9505
3487,1096,16548,94,200,201,197,0.0018
3488,1096,16548,169,847,207,181,0.0018
3489,1097,6563,198,714,216,358,0.9668
3490,1097,27993,577,816,303,231,0.9661
3491,1097,3544,108,206,207,200,0.9627
3492,1097,16551,512,126,449,325,0.9515
3493,1097,33009,111,204,204,203,0.0015
3494,1098,6563,582,232,212,340,0.9684
3495,1098,27993,125,254,296,235,0.9603
3496,1098,3544,679,862,213,211,0.9575
3497,1098,16551,24,787,468,340,0.9535
3498,1098,16548,681,869,213,204,0.0016
3499,1098,16548,590,399,198,162,0.0012
3500,1098,33009,679,861,214,213,0.0012
3501,1098,16548,682,943,209,130,0.001
3502,1100,3483,534,778,269,224,0.9602
3503,1100,31885,56,96,420,493,0.9566
3504,1100,27777,144,776,178,205,0.956
3505,1100,36637,635,178,182,245,0.945
3506,1100,20238,812,160,164,294,0.0016
3507,1101,3483,562,813,266,218,0.9714
3508,1101,31885,69,122,436,494,0.9629
3509,1101,27777,178,813,174,199,0.9549
3510,1101,36637,665,182,187,248,0.9488
3511,1105,27733,124,768,315,276,0.9713
3512,1105,22347,112,213,205,196,0.9657
3513,1105,3483,608,792,273,206,0.9631
3514,1105,35206,602,127,256,390,0.9625
3515,1105,15710,623,137,233,269,0.0015
3516,1109,27653,95,853,222,206,0.9729
3517,1109,28763,140,226,212,201,0.9698
3518,1109,16262,623,182,243,231,0.9621
3519,1109,3483,590,845,280,169,0.948
3520,1109,30308,624,182,242,231,0.007
3521,1109,18110,87,711,234,226,0.0018
3522,1109,29345,606,5,370,409,0.001
3523,1111,27653,60,811,225,210,0.9757
3524,1111,28763,115,189,209,198,0.97
3525,1111,29667,604,176,217,213,0.9657
3526,1111,3483,562,811,284,176,0.9537
3527,1111,30308,604,175,218,213,0.003
3528,1114,27653,672,255,219,200,0.9696
3529,1114,3483,134,291,274,172,0.9673
3530,1114,35206,105,686,205,421,0.9623
3531,1114,30308,560,699,399,417,0.955
3532,1115,27653,61,812,225,210,0.9751
3533,1115,30308,42,125,376,405,0.9637
3534,1115,35206,651,144,197,399,0.9628
3535,1115,3483,562,811,284,176,0.9511
3536,1116,27653,95,853,223,206,0.9732
3537,1116,35206,680,155,201,407,0.9629
3538,1116,30308,53,143,392,414,0.9625
3539,1116,3483,590,845,280,170,0.9526
3540,1116,25367,86,149,259,96,0.0012
3541,1118,29871,199,241,169,230,0.9717
3542,1118,6563,587,237,212,341,0.9663
3543,1118,3544,678,860,213,213,0.9596
3544,1118,16548,101,881,241,239,0.956
3545,1118,16548,681,858,212,215,0.0014
3546,1118,33009,682,857,210,216,0.0011
3547,1118,16548,596,399,196,168,0.001
3548,1119,29871,634,827,169,236,0.9674
3549,1119,6563,193,708,216,358,0.9624
3550,1119,3544,109,208,208,200,0.9591
3551,1119,16548,644,147,237,227,0.9508
3552,1119,33009,114,210,196,153,0.002
3553,1119,16548,112,281,204,128,0.0013
3554,1119,16548,109,213,208,196,0.0011
3555,1121,25469,574,184,325,287,0.9757
3556,1121,28763,619,860,222,214,0.9713
3557,1121,29667,139,872,228,226,0.9666
3558,1121,3483,126,274,271,187,0.9599
3559,1121,30308,140,870,230,227,0.0022
3560,1123,27733,565,261,301,265,0.9747
3561,1123,3483,127,307,266,205,0.973
3562,1123,16262,153,805,248,240,0.9616
3563,1123,25367,494,667,445,438,0.9604
3564,1123,30308,153,804,249,240,0.0057
3565,1123,25367,563,675,284,93,0.0013
3566,1125,27733,123,768,315,276,0.9707
3567,1125,3483,608,792,273,206,0.9646
3568,1125,25367,64,160,442,424,0.9577
3569,1125,16262,590,227,244,231,0.9561
3570,1125,30308,591,228,242,229,0.0068
3571,1125,25367,110,171,294,104,0.0024
3572,1125,23223,591,228,243,230,0.0013
3573,1126,3483,143,290,211,259,0.9839
3574,1126,20877,544,293,329,239,0.9765
3575,1126,31885,512,732,463,473,0.9603
3576,1126,16262,111,836,248,242,0.9554
3577,1126,30308,106,835,252,241,0.0058
3578,1129,27733,565,261,302,265,0.9757
3579,1129,3483,127,306,266,205,0.9726
3580,1129,22347,682,827,212,207,0.9676
3581,1129,20238,113,855,231,226,0.957
3582,1135,16551,608,54,283,483,0.9518
3583,1135,18110,79,791,303,289,0.9471
3584,1135,33009,548,836,377,200,0.9361
3585,1135,1900,150,256,198,162,0.9227
3586,1135,18110,56,610,319,299,0.0039
3587,1135,33009,618,310,260,205,0.003
3588,1135,16548,619,321,260,202,0.0022
3589,1135,33009,617,258,266,222,0.0019
3590,1135,16551,334,142,353,404,0.0013
3591,1135,29345,759,710,217,323,0.0012
3592,1136,16551,90,701,297,501,0.9471
3593,1136,1900,642,855,207,172,0.9445
3594,1136,18110,611,221,299,286,0.9418
3595,1136,33009,87,255,367,212,0.9317
3596,1136,33009,87,47,365,316,0.0058
3597,1136,16551,589,10,386,434,0.002
3598,1136,33009,100,960,261,214,0.0017
3599,1136,16548,104,965,263,210,0.0015
3600,1138,27653,63,811,226,211,0.9742
3601,1138,34597,33,86,370,480,0.9721
3602,1138,3483,564,811,284,176,0.9642
3603,1138,20238,594,174,220,214,0.9487
3604,1138,20238,814,156,162,262,0.0011
3605,1140,27653,97,853,222,206,0.9723
3606,1140,34597,45,114,384,477,0.9711
3607,1140,20238,623,178,226,216,0.9533
3608,1140,3483,591,845,281,169,0.9501
3609,1140,20238,837,159,139,268,0.0012
3610,1141,25438,555,195,248,253,0.9696
3611,1141,12081,65,121,229,424,0.969
3612,1141,2483,64,650,303,450,0.9547
3613,1141,23223,572,570,299,505,0.9515
3614,1142,12081,646,700,241,452,0.9704
3615,1142,25438,121,821,256,256,0.9647
3616,1142,2483,574,117,298,449,0.9548
3617,1142,23223,63,131,303,497,0.9511
3618,1142,16235,792,0,181,97,0.0024
3619,1143,25438,124,833,260,267,0.9683
3620,1143,12081,654,705,251,465,0.967
3621,1143,23223,67,159,301,506,0.9524
3622,1143,2483,568,153,302,433,0.9411
3623,1143,30850,535,5,438,387,0.0012
3624,1144,3483,604,846,278,187,0.9677
3625,1144,25469,52,857,372,218,0.96
3626,1144,16262,574,196,244,231,0.9595
3627,1144,31885,57,171,438,488,0.9561
3628,1144,30308,575,196,243,231,0.0061
3629,1148,41768,558,632,268,309,0.9649
3630,1148,16232,148,731,194,194,0.9629
3631,1148,3351,384,161,184,189,0.9544
3632,1148,31885,708,1147,268,132,0.0064
3633,1148,41149,734,1138,242,141,0.0031
3634,1148,41149,761,1078,215,201,0.0011
3635,1149,41768,598,720,264,311,0.9664
3636,1149,3351,429,221,184,183,0.9631
3637,1149,16232,190,820,192,190,0.9604
3638,1149,27733,774,0,202,64,0.0022
3639,1149,16235,847,0,129,127,0.0017
3640,1150,3483,562,814,265,218,0.9757
3641,1150,34597,82,54,407,463,0.9687
3642,1150,29667,630,164,223,215,0.9583
3643,1150,27777,177,812,175,199,0.9537
3644,1150,30308,629,163,225,215,0.0045
3645,1150,20238,838,158,138,259,0.0011
3646,1153,3483,600,868,259,230,0.981
3647,1153,19861,127,865,221,168,0.9755
3648,1153,22347,145,210,204,197,0.9694
3649,1153,16232,646,175,190,186,0.961
3650,1153,18110,119,743,231,193,0.0012
3651,1154,3483,573,834,262,235,0.9859
3652,1154,19861,92,827,226,177,0.9762
3653,1154,22347,128,202,201,195,0.9687
3654,1154,16232,617,172,185,180,0.9632
3655,1155,3483,146,220,252,222,0.9791
3656,1155,22347,642,861,213,208,0.9731
3657,1155,19861,637,277,222,171,0.9701
3658,1155,16232,144,899,196,193,0.9628
3659,1155,20238,831,816,145,313,0.0022
3660,1155,16548,640,277,221,170,0.002
3661,1156,16262,573,309,242,234,0.9621
3662,1156,3351,393,858,190,190,0.96
3663,1156,13900,184,284,204,228,0.9546
3664,1156,30308,572,309,242,233,0.0051
3665,1157,13900,555,716,212,241,0.9627
3666,1157,16262,111,676,249,246,0.9604
3667,1157,3351,355,181,184,189,0.9554
3668,1157,27733,765,1159,211,121,0.0402
3669,1157,10487,749,1154,226,126,0.0058
3670,1157,41149,572,0,403,107,0.0037
3671,1157,30308,111,677,248,245,0.0023
3672,1157,23223,107,677,251,245,0.002
3673,1157,41149,551,0,425,60,0.0018
3674,1158,13900,594,806,207,236,0.9684
3675,1158,16262,153,767,244,238,0.9661
3676,1158,3351,398,243,185,183,0.9604
3677,1158,30850,773,0,203,300,0.0493
3678,1158,30850,834,0,142,357,0.0242
3679,1158,41149,555,0,421,90,0.0078
3680,1158,30308,154,768,248,236,0.0031
3681,1158,41149,744,1,232,157,0.0025
3682,1158,44266,639,0,337,319,0.0013
3683,1158,44266,849,1,127,376,0.0011
3684,1158,41149,689,0,287,112,0.001
3685,1159,16232,646,294,189,194,0.9642
3686,1159,3351,403,809,188,190,0.9602
3687,1159,18357,154,300,238,356,0.931
3688,1159,22627,34,0,457,429,0.0031
3689,1159,35206,1,1206,320,74,0.0011
3690,1159,12778,573,983,403,295,0.001
3691,1161,16232,131,816,189,189,0.9585
3692,1161,3351,388,281,184,182,0.9503
3693,1161,18357,586,616,238,371,0.9464
3694,1161,27733,778,0,196,106,0.0042
3695,1161,27733,15,0,400,61,0.0016
3696,1161,27733,1,0,397,82,0.0012
3697,1163,10221,657,199,223,214,0.9717
3698,1163,3544,119,186,207,200,0.9648
3699,1163,16551,39,604,306,471,0.9559
3700,1163,29451,493,803,410,241,0.9529
3701,1163,33009,120,184,205,202,0.0016
3702,1163,16548,75,874,259,188,0.0015
3703,1163,33009,482,611,297,344,0.0011
3704,1164,10221,628,193,218,214,0.9714
3705,1164,29451,463,766,417,248,0.9643
3706,1164,3544,104,181,201,198,0.962
3707,1164,16551,11,555,304,481,0.9548
3708,1164,16548,107,257,197,123,0.002
3709,1164,16551,401,0,259,56,0.0013
3710,1164,16548,105,190,201,189,0.0013
3711,1166,25469,576,183,324,288,0.9745
3712,1166,3483,126,274,271,188,0.9581
3713,1166,25367,568,683,394,493,0.9541
3714,1166,36637,133,828,180,264,0.9428
3715,1167,25469,90,829,334,302,0.9747
3716,1167,3483,602,846,278,186,0.9643
3717,1167,25367,46,90,394,477,0.9595
3718,1167,36637,675,173,175,255,0.9452
3719,1168,25469,50,787,344,302,0.9741
3720,1168,30308,42,15,348,427,0.9647
3721,1168,3483,575,812,281,193,0.9613
3722,1168,29667,591,169,218,215,0.9566
3723,1168,30308,590,167,220,215,0.0047
3724,1170,25469,89,830,335,301,0.9725
3725,1170,3483,603,846,278,187,0.9676
3726,1170,30308,53,24,363,440,0.9652
3727,1170,29667,620,172,224,216,0.956
3728,1170,30308,619,171,225,216,0.0054
3729,1170,16551,138,596,88,79,0.0014
3730,1171,10221,93,789,225,221,0.9766
3731,1171,4543,640,152,203,199,0.9643
3732,1171,3544,123,183,202,198,0.9622
3733,1171,16548,579,745,240,234,0.9518
3734,1171,16548,126,263,197,117,0.0028
3735,1171,16548,124,188,202,193,0.0019
3736,1171,25200,594,779,382,471,0.0017
3737,1173,10221,644,263,218,211,0.9751
3738,1173,4543,104,906,214,212,0.9615
3739,1173,16548,160,286,232,224,0.9581
3740,1173,3544,647,877,214,212,0.9562
3741,1173,16548,649,888,213,202,0.0029
3742,1174,27653,673,256,219,200,0.9702
3743,1174,29667,126,865,228,226,0.9642
3744,1174,3483,135,291,275,171,0.9611
3745,1174,30308,577,759,393,425,0.9526
3746,1174,30308,124,861,232,229,0.0046
3747,1176,27653,94,852,222,206,0.9708
3748,1176,30308,41,76,387,419,0.9609
3749,1176,29667,634,181,221,214,0.9608
3750,1176,3483,589,846,281,169,0.9507
3751,1176,30308,633,180,223,213,0.0027
3752,1178,3483,537,780,268,224,0.9691
3753,1178,31885,104,48,405,500,0.9569
3754,1178,20238,576,191,221,214,0.9541
3755,1178,27777,145,778,178,205,0.954
3756,1180,21325,188,307,166,227,0.9563
3757,1180,3351,396,916,191,192,0.9551
3758,1180,19232,495,233,328,255,0.9439
3759,1184,24850,673,829,189,299,0.9649
3760,1184,1900,188,274,202,138,0.9605
3761,1184,16548,142,878,243,239,0.9586
3762,1184,21026,687,275,175,173,0.9534
3763,1185,24850,137,144,186,290,0.966
3764,1185,16548,602,151,237,224,0.9485
3765,1185,21026,126,866,178,177,0.9477
3766,1185,1900,610,901,205,136,0.9393
3767,1186,5094,551,191,272,267,0.9681
3768,1186,4378,138,105,214,441,0.9496
3769,1186,19552,511,559,321,491,0.9492
3770,1186,2483,85,678,234,479,0.9492
3771,1187,5094,104,800,280,274,0.9728
3772,1187,4378,593,698,212,458,0.9643
3773,1187,19552,108,157,321,489,0.9502
3774,1187,2483,615,56,227,477,0.9479
3775,1189,3743,118,785,324,322,0.9725
3776,1189,12081,601,709,235,450,0.9655
3777,1189,22627,97,133,313,485,0.9524
3778,1189,2483,590,73,245,471,0.9434
3779,1189,27733,770,0,204,103,0.0018
3780,1189,20877,763,0,213,70,0.0011
3781,1190,3743,119,796,330,329,0.9744
3782,1190,12081,610,713,242,469,0.9625
3783,1190,22627,98,153,311,499,0.9532
3784,1190,2483,585,107,236,459,0.9347
3785,1190,2483,428,160,194,430,0.0015
3786,1190,2483,482,151,155,412,0.0014
3787,1191,12081,109,113,226,426,0.9681
3788,1191,3743,493,167,313,299,0.9648
3789,1191,22627,531,586,310,488,0.9531
3790,1191,2483,89,666,252,472,0.9396
3791,1191,53384,325,124,197,406,0.0023
3792,1192,24850,645,207,180,275,0.9581
3793,1192,16551,85,694,295,499,0.9541
3794,1192,1900,644,854,205,174,0.9429
3795,1192,33009,86,255,368,212,0.933
3796,1192,33009,88,48,364,308,0.0056
3797,1192,33009,101,921,266,210,0.0017
3798,1192,33009,95,873,270,231,0.0011
3799,1194,24850,164,819,182,291,0.9611
3800,1194,16551,613,62,285,482,0.9418
3801,1194,33009,548,836,376,200,0.937
3802,1194,1900,150,256,198,162,0.926
3803,1194,16551,629,0,254,72,0.0021
3804,1194,16548,623,332,266,198,0.0017
3805,1194,33009,633,326,258,201,0.0017
3806,1194,16551,442,2,189,150,0.0011
3807,1194,16551,675,0,301,138,0.001
3808,1196,3483,170,278,261,216,0.971
3809,1196,28763,614,887,223,213,0.9678
3810,1196,27777,639,294,175,195,0.9595
3811,1196,35206,139,706,241,413,0.9594
3812,1197,3483,565,812,266,218,0.9711
3813,1197,28763,163,179,214,201,0.966
3814,1197,35206,615,142,222,401,0.9584
3815,1197,27777,180,814,174,199,0.9564
3816,1198,3483,565,815,264,218,0.9759
3817,1198,28763,130,216,212,202,0.9642
3818,1198,20238,604,197,227,215,0.9595
3819,1198,27777,179,816,174,199,0.9569
3820,1198,20238,822,165,154,248,0.0034
3821,1199,3483,171,275,260,218,0.9699
3822,1199,28763,648,851,221,214,0.9682
3823,1199,20238,152,851,233,225,0.9627
3824,1199,27777,639,293,176,195,0.9609
3825,1201,3544,145,189,202,197,0.9614
3826,1201,16548,585,213,232,223,0.9591
3827,1201,12247,583,813,213,157,0.9525
3828,1201,21026,102,822,180,181,0.9517
3829,1201,30308,732,1071,244,209,0.0042
3830,1201,33009,146,187,201,199,0.0018
3831,1204,3351,393,861,192,192,0.9589
3832,1204,22074,687,264,182,185,0.9581
3833,1204,32310,68,215,340,254,0.9574
3834,1204,35206,0,1196,336,84,0.0014
3835,1206,22074,93,854,184,187,0.959
3836,1206,3351,397,225,183,183,0.9555
3837,1206,32310,570,816,350,270,0.9508
3838,1206,36637,718,594,81,48,0.0612
3839,1206,36637,322,630,59,72,0.0095
3840,1206,20259,590,595,49,49,0.0011
3841,1207,22347,686,813,213,207,0.9708
3842,1207,16232,152,827,192,193,0.9631
3843,1207,3483,170,278,260,216,0.9625
3844,1207,27777,638,294,176,195,0.9603
3845,1209,3483,566,813,265,217,0.9684
3846,1209,22347,101,260,206,199,0.9659
3847,1209,16232,643,251,188,182,0.9597
3848,1209,27777,180,815,174,199,0.956
3849,1210,3483,648,749,213,267,0.9756
3850,1210,20877,117,769,332,230,0.9725
3851,1210,35206,659,175,225,403,0.9673
3852,1210,34597,68,142,471,383,0.9568
3853,1210,25367,125,147,303,88,0.0029
3854,1210,20877,286,1103,78,90,0.0028
3855,1210,16688,464,203,263,341,0.0021
3856,1210,25367,131,147,257,70,0.0015
3857,1210,20877,513,1159,79,88,0.0014
3858,1210,29345,651,4,325,468,0.0012
3859,1210,16688,427,237,387,336,0.001
3860,1212,3483,142,292,211,258,0.9823
3861,1212,20877,543,293,329,238,0.9757
3862,1212,34597,456,707,483,404,0.9574
3863,1212,35206,96,673,239,411,0.9562
3864,1212,12778,547,118,353,351,0.0019
3865,1212,15710,116,681,214,234,0.0011
3866,1213,5886,594,681,233,491,0.9654
3867,1213,25438,127,836,256,256,0.9624
3868,1213,22627,103,3,314,484,0.9623
3869,1213,2483,662,63,200,487,0.9578
3870,1213,27733,777,0,198,110,0.0033
3871,1214,25438,130,848,260,268,0.9647
3872,1214,5886,600,682,244,505,0.9598
3873,1214,22627,105,16,314,513,0.9563
3874,1214,2483,654,101,200,466,0.9467
3875,1216,10221,131,848,227,225,0.9683
3876,1216,3544,660,866,214,212,0.9589
3877,1216,16551,619,178,282,465,0.9549
3878,1216,27926,158,173,262,457,0.9429
3879,1216,16548,662,864,213,214,0.0031
3880,1216,16551,589,2,387,458,0.0013
3881,1219,10221,650,208,217,215,0.9709
3882,1219,3544,105,242,203,199,0.9635
3883,1219,16551,65,581,337,465,0.9563
3884,1219,29345,577,666,287,450,0.9524
3885,1219,33009,106,821,287,210,0.0013
3886,1219,33009,106,239,201,202,0.0013
3887,1219,16548,108,328,196,113,0.0012
3888,1220,10221,679,216,222,213,0.9725
3889,1220,16551,94,629,338,455,0.9609
3890,1220,3544,121,252,208,201,0.9602
3891,1220,29345,604,703,286,445,0.9533
3892,1220,33009,123,250,205,203,0.0012
3893,1220,16548,125,343,201,110,0.0011
3894,1222,27653,61,811,225,211,0.974
3895,1222,25367,92,105,321,493,0.965
3896,1222,3483,562,811,284,176,0.9573
3897,1222,36637,613,202,186,243,0.952
3898,1222,27993,618,591,88,81,0.002
3899,1222,11220,398,192,243,280,0.0017
3900,1222,31885,0,4,334,423,0.0011
3901,1224,27653,95,853,222,206,0.9708
3902,1224,25367,114,119,326,507,0.9607
3903,1224,3483,591,845,281,169,0.9509
3904,1224,36637,643,210,189,246,0.9383
3905,1224,25367,0,119,158,442,0.0011
3906,1226,3483,600,868,259,229,0.9832
3907,1226,19861,127,865,221,168,0.9759
3908,1226,31885,122,4,323,548,0.9559
3909,1226,35206,583,97,287,377,0.9552
3910,1226,16688,404,39,248,448,0.0025
3911,1226,15710,613,103,261,243,0.0015
3912,1226,25367,0,35,160,456,0.0014
3913,1227,3483,145,220,253,223,0.981
3914,1227,19861,638,277,221,172,0.9698
3915,1227,35206,106,774,302,391,0.9616
3916,1227,31885,549,690,328,561,0.953
3917,1227,16548,641,277,219,170,0.0017
3918,1232,3483,145,287,212,258,0.9814
3919,1232,20877,594,257,323,246,0.9696
3920,1232,29667,134,859,229,226,0.9585
3921,1232,31885,543,658,406,526,0.958
3922,1232,30308,133,856,230,228,0.0048
3923,1235,21771,161,807,189,185,0.9577
3924,1235,16548,621,145,238,227,0.947
3925,1235,33009,547,837,377,200,0.9312
3926,1235,1900,150,255,198,163,0.9295
3927,1235,29345,742,667,234,371,0.0012
3928,1237,44199,633,801,164,281,0.9585
3929,1237,31705,170,686,252,443,0.9563
3930,1237,16548,613,189,238,225,0.9534
3931,1237,1900,104,270,203,124,0.9397
3932,1237,29345,172,584,391,331,0.0039
3933,1237,5002,639,571,67,74,0.0027
3934,1237,25367,0,686,180,416,0.0016
3935,1237,29345,607,3,369,416,0.0016
3936,1237,25200,683,210,293,436,0.0014
3937,1237,29345,0,520,401,390,0.0013
3938,1238,31705,573,175,248,420,0.9512
3939,1238,44199,208,233,159,271,0.9484
3940,1238,16548,131,844,243,237,0.9479
3941,1238,1900,686,879,210,134,0.9419
3942,1239,31705,139,644,252,451,0.9608
3943,1239,44199,605,770,169,286,0.9572
3944,1239,16548,585,181,232,226,0.9539
3945,1239,1900,88,260,199,127,0.9481
3946,1239,25367,0,616,152,459,0.0012
3947,1242,16551,544,92,287,465,0.9497
3948,1242,29345,88,707,288,446,0.9485
3949,1242,44199,637,805,163,287,0.9447
3950,1242,1900,160,260,125,198,0.9424
3951,1242,20238,800,841,176,290,0.0101
3952,1243,27733,124,768,316,277,0.9694
3953,1243,3483,609,792,272,206,0.9662
3954,1243,30308,66,139,381,427,0.9631
3955,1243,35206,601,127,257,390,0.9592
3956,1243,15710,621,137,235,267,0.0021
3957,1244,27733,565,261,301,266,0.9728
3958,1244,3483,127,307,266,205,0.968
3959,1244,35206,122,732,275,402,0.9633
3960,1244,30308,561,689,385,431,0.9496
3961,1245,27733,87,721,327,284,0.9644
3962,1245,3483,581,758,274,211,0.9633
3963,1245,30308,54,122,365,416,0.9609
3964,1245,35206,573,118,247,381,0.9596
3965,1245,15710,595,125,222,228,0.0022
3966,1246,3483,536,779,268,225,0.9737
3967,1246,34597,56,80,398,464,0.9715
3968,1246,16262,575,187,239,229,0.9577
3969,1246,27777,144,777,178,205,0.9555
3970,1246,30308,576,187,237,229,0.0052
3971,1246,23223,576,187,238,228,0.0014
3972,1248,3483,172,276,259,216,0.9749
3973,1248,34597,522,665,417,477,0.9656
3974,1248,27777,640,293,176,195,0.96
3975,1248,16262,138,836,250,241,0.9574
3976,1248,30308,138,835,249,241,0.0047
3977,1248,23223,134,835,251,242,0.0024
3978,1250,5094,104,812,287,284,0.9622
3979,1250,4378,599,699,223,474,0.9564
3980,1250,12778,99,48,301,543,0.947
3981,1250,2483,610,92,216,466,0.9387
3982,1250,2483,446,121,198,423,0.0039
3983,1251,5094,550,191,272,268,0.9669
3984,1251,2483,84,676,235,481,0.951
3985,1251,4378,136,105,216,443,0.9471
3986,1251,12778,543,649,300,525,0.9402
3987,1251,12638,689,0,285,96,0.0015
3988,1251,12778,364,690,277,448,0.0012
3989,1252,20877,72,798,327,244,0.9709
3990,1252,3483,644,753,215,266,0.9676
3991,1252,30308,76,81,395,411,0.962
3992,1252,29667,625,187,224,215,0.9576
3993,1252,30308,624,184,226,216,0.0034
3994,1252,29345,608,4,368,425,0.0016
3995,1254,20877,40,756,327,251,0.9748
3996,1254,3483,617,721,215,271,0.9701
3997,1254,30308,65,68,381,400,0.9649
3998,1254,29667,596,182,218,215,0.9554
3999,1254,30308,595,179,220,216,0.0047
4000,1254,6563,441,629,73,88,0.0026
4001,1254,31885,0,1064,157,215,0.0012
4002,1256,19607,657,273,155,148,0.96
4003,1256,31705,135,128,244,421,0.9528
4004,1256,16551,90,664,307,487,0.9509
4005,1256,1900,643,829,171,201,0.942
4006,1261,27653,95,853,222,206,0.972
4007,1261,22347,141,170,204,197,0.9689
4008,1261,16232,649,230,192,181,0.9633
4009,1261,3483,590,846,281,170,0.9451
4010,1261,18110,88,747,230,185,0.0012
4011,1262,27653,61,811,225,210,0.9738
4012,1262,22347,125,165,201,194,0.9642
4013,1262,16232,620,221,187,182,0.9575
4014,1262,3483,562,811,284,176,0.9454
4015,1263,22347,645,901,215,208,0.9717
4016,1263,27653,672,255,219,200,0.9693
4017,1263,3483,135,290,274,172,0.9649
4018,1263,16232,141,846,197,193,0.9594
4019,1264,31863,638,321,205,206,0.9719
4020,1264,36637,228,320,203,236,0.9575
4021,1264,3351,392,861,189,191,0.9488
4022,1264,6835,740,821,125,177,0.0021
4023,1265,31863,81,705,207,213,0.9807
4024,1265,36637,505,663,210,250,0.9526
4025,1265,3351,356,178,184,188,0.9518
4026,1265,27733,778,1174,198,105,0.0146
4027,1265,16235,836,0,140,127,0.0028
4028,1265,10487,727,1163,247,116,0.0019
4029,1265,11220,848,0,128,101,0.0018
4030,1269,13900,620,762,175,260,0.9689
4031,1269,3351,362,233,184,182,0.9648
4032,1269,36637,218,770,210,239,0.9416
4033,1269,30850,575,0,397,86,0.0061
4034,1269,30850,768,0,208,258,0.0033
4035,1269,30850,829,0,147,229,0.0032
4036,1269,41149,579,0,397,89,0.0024
4037,1269,16235,848,0,128,130,0.0022
4038,1269,30850,818,1,158,359,0.0019
4039,1269,44266,790,1,186,152,0.0012
4040,1270,16548,115,853,241,239,0.9653
4041,1270,27926,149,144,254,459,0.9514
4042,1270,1900,631,895,209,134,0.9355
4043,1270,18110,640,269,299,287,0.9257
4044,1272,16548,629,178,238,226,0.9512
4045,1272,18110,49,739,304,288,0.9499
4046,1272,1900,157,251,203,125,0.9493
4047,1272,27926,597,673,256,481,0.9464
4048,1272,18110,13,547,336,335,0.0015
4049,1273,13395,107,48,249,487,0.9653
4050,1273,25438,554,204,249,252,0.9621
4051,1273,2483,108,678,224,492,0.9485
4052,1273,6192,542,590,296,531,0.9427
4053,1273,20004,795,0,181,294,0.0029
4054,1273,19552,545,4,313,319,0.0022
4055,1273,19552,316,19,315,493,0.0014
4056,1274,25438,123,811,256,257,0.9659
4057,1274,13395,588,711,239,501,0.9594
4058,1274,2483,600,46,217,485,0.946
4059,1274,6192,96,72,303,538,0.9358
4060,1274,27733,757,0,219,90,0.0021
4061,1274,27733,843,0,133,122,0.0015
4062,1278,3351,418,256,184,181,0.9589
4063,1278,38162,622,704,189,297,0.9562
4064,1278,3832,149,604,304,417,0.9338
4065,1278,29345,0,1,137,387,0.003
4066,1278,27993,0,0,177,78,0.002
4067,1278,19552,12,1,317,324,0.001
4068,1279,21771,674,288,188,180,0.9675
4069,1279,1900,648,857,210,155,0.9618
4070,1279,16551,92,764,297,502,0.9506
4071,1279,31705,124,132,245,423,0.9478
4072,1280,21771,91,811,195,190,0.9684
4073,1280,31705,605,692,255,452,0.9557
4074,1280,16551,574,0,279,456,0.949
4075,1280,1900,123,261,198,148,0.9391
4076,1280,33009,588,229,259,206,0.0017
4077,1280,16551,327,3,325,521,0.0011
4078,1280,16551,619,1,207,52,0.001
4079,1282,3743,499,127,312,302,0.9681
4080,1282,13395,83,85,235,484,0.9627
4081,1282,2483,58,646,204,487,0.9551
4082,1282,19552,507,590,310,498,0.9527
4083,1282,19552,287,35,248,453,0.0018
4084,1282,6697,803,1171,170,109,0.0011
4085,1284,3743,117,826,322,323,0.9733
4086,1284,13395,630,673,229,501,0.9619
4087,1284,2483,672,80,205,484,0.9566
4088,1284,19552,120,117,312,500,0.9493
4089,1284,20877,783,0,192,99,0.0055
4090,1284,19552,390,108,256,493,0.0027
4091,1290,29345,589,535,272,443,0.9535
4092,1290,18110,44,723,311,298,0.95
4093,1290,16548,539,140,229,226,0.9472
4094,1290,1900,163,258,126,198,0.9392
4095,1293,3483,536,779,269,225,0.9712
4096,1293,30308,115,86,311,446,0.9637
4097,1293,27777,145,778,178,205,0.9549
4098,1293,20238,576,192,220,213,0.9548
4099,1294,27653,95,852,222,207,0.9698
4100,1294,34597,13,46,417,453,0.9673
4101,1294,35206,679,154,202,407,0.9631
4102,1294,3483,591,845,281,170,0.9515
4103,1294,33009,85,717,236,220,0.0012
4104,1295,27653,61,811,226,210,0.9752
4105,1295,34597,5,22,402,455,0.9678
4106,1295,35206,650,144,199,399,0.962
4107,1295,3483,562,811,284,176,0.9591
4108,1296,27653,672,255,219,200,0.9684
4109,1296,3483,134,291,275,171,0.964
4110,1296,34597,568,734,406,470,0.9623
4111,1296,35206,105,686,205,421,0.9613
4112,1297,12420,689,273,183,173,0.9645
4113,1297,3544,646,921,215,214,0.9642
4114,1297,16548,153,247,229,223,0.961
4115,1297,4543,157,891,215,213,0.959
4116,1297,16548,648,921,213,213,0.0017
4117,1297,33009,649,917,212,217,0.0016
4118,1297,33009,653,922,201,138,0.0013
4119,1297,6835,517,621,61,93,0.0011
4120,1298,4543,617,169,208,201,0.9659
4121,1298,3544,141,146,206,201,0.9625
4122,1298,12420,117,861,188,182,0.9617
4123,1298,16548,618,828,237,229,0.9502
4124,1298,16548,146,147,197,154,0.0022
4125,1298,33009,142,145,206,202,0.0015
4126,1298,16548,144,214,203,133,0.0014
4127,1298,10221,617,171,162,200,0.001
4128,1300,27653,94,852,223,206,0.969
4129,1300,31885,76,124,466,469,0.9613
4130,1300,29667,634,181,221,214,0.9606
4131,1300,3483,589,846,281,169,0.9459
4132,1300,30308,633,179,222,215,0.0025
4133,1302,27653,60,811,225,210,0.9744
4134,1302,31885,60,101,446,465,0.9621
4135,1302,29667,604,177,216,213,0.9621
4136,1302,3483,561,811,284,176,0.9477
4137,1302,30308,604,175,218,214,0.0041
4138,1305,44199,140,294,281,147,0.9637
4139,1305,16551,77,668,338,473,0.9559
4140,1305,27926,600,159,255,454,0.9468
4141,1305,1900,633,894,209,136,0.9403
4142,1309,27733,561,256,302,264,0.972
4143,1309,3483,126,306,267,204,0.971
4144,1309,28763,582,871,224,212,0.9677
4145,1309,29667,88,863,230,228,0.9637
4146,1309,30308,88,860,231,229,0.0033
4147,1311,28763,176,188,208,199,0.9698
4148,1311,27733,92,727,326,283,0.9669
4149,1311,29667,640,178,218,212,0.9607
4150,1311,3483,580,758,275,211,0.96
4151,1311,30308,639,176,219,214,0.0044
4152,1311,23223,640,175,219,215,0.0011
4153,1312,5094,109,805,281,276,0.9693
4154,1312,5886,598,684,235,491,0.9684
4155,1312,22627,71,58,324,481,0.9568
4156,1312,2483,617,52,253,469,0.9488
4157,1315,3351,422,879,191,192,0.9534
4158,1315,19232,545,209,296,288,0.9437
4159,1315,16688,147,86,272,620,0.9359
4160,1315,16688,292,73,426,489,0.0172
4161,1315,16688,359,94,306,463,0.0048
4162,1315,16688,366,164,341,459,0.0015
4163,1315,16688,384,179,241,393,0.0013
4164,1316,3351,326,161,185,188,0.9524
4165,1316,16688,515,480,292,659,0.9402
4166,1316,19232,82,695,309,304,0.9156
4167,1316,20004,755,1153,221,127,0.0086
4168,1316,16688,173,407,454,583,0.0072
4169,1316,16235,796,1145,180,135,0.0026
4170,1316,16688,225,511,358,504,0.0014
4171,1316,16688,497,304,418,409,0.0013
4172,1322,5094,551,191,272,268,0.9708
4173,1322,6192,484,593,341,503,0.9537
4174,1322,4378,139,105,213,441,0.9522
4175,1322,2483,85,677,234,481,0.9504
4176,1322,12638,682,0,292,101,0.0014
4177,1323,5094,104,800,281,275,0.9728
4178,1323,4378,593,697,213,459,0.9651
4179,1323,6192,123,104,340,504,0.9475
4180,1323,2483,616,55,224,479,0.9461
4181,1323,2483,408,101,244,447,0.0049
4182,1323,27733,823,0,153,122,0.0013
4183,1323,2483,483,89,182,441,0.001
4184,1326,20238,601,839,226,224,0.9635
4185,1326,3351,370,246,183,182,0.9548
4186,1326,18357,162,673,264,347,0.9422
4187,1327,29451,512,243,408,223,0.9647
4188,1327,1900,646,846,185,188,0.9576
4189,1327,16548,166,814,242,238,0.9526
4190,1327,44199,176,233,199,262,0.9512
4191,1328,29451,70,842,416,218,0.9678
4192,1328,44199,628,811,206,269,0.9563
4193,1328,16548,581,217,237,227,0.953
4194,1328,1900,168,249,181,180,0.9175
4195,1328,18110,83,23,276,342,0.0019
4196,1329,29451,35,799,423,228,0.9678
4197,1329,16548,554,208,230,225,0.9523
4198,1329,44199,600,779,210,275,0.9477
4199,1329,1900,148,240,180,180,0.9411
4200,1329,20238,801,851,175,291,0.0113
4201,1329,5002,621,579,112,61,0.0027
4202,1329,16551,0,227,352,371,0.0025
4203,1330,25469,90,829,332,302,0.9749
4204,1330,3483,603,846,278,186,0.9699
4205,1330,34597,90,164,446,421,0.9638
4206,1330,35206,609,120,236,401,0.963
4207,1331,25469,52,786,341,303,0.9738
4208,1331,34597,73,133,436,427,0.9662
4209,1331,3483,576,811,280,193,0.9648
4210,1331,35206,582,112,226,391,0.962
4211,1332,25469,575,184,323,289,0.9727
4212,1332,35206,137,728,246,411,0.961
4213,1332,34597,460,648,452,439,0.9607
4214,1332,3483,125,275,271,188,0.9556
4215,1333,3351,401,922,191,192,0.9586
4216,1333,36637,158,285,193,244,0.9531
4217,1333,20014,579,283,339,318,0.9353
4218,1337,29451,497,819,399,268,0.9578
4219,1337,18110,77,791,306,288,0.9527
4220,1337,16548,578,188,237,227,0.9505
4221,1337,1900,167,248,183,179,0.9179
4222,1337,29345,599,3,377,403,0.0017
4223,1337,29345,184,831,578,393,0.0012
4224,1337,18110,59,598,319,312,0.0012
4225,1337,29345,724,3,252,397,0.0011
4226,1340,24850,581,287,290,167,0.9646
4227,1340,31705,137,126,244,420,0.9533
4228,1340,1900,644,860,210,157,0.9512
4229,1340,16548,187,824,241,238,0.9502
4230,1340,5002,645,594,64,84,0.0035
4231,1345,25469,90,830,333,299,0.974
4232,1345,31885,168,130,424,497,0.9604
4233,1345,3483,602,846,279,187,0.9597
4234,1345,29667,618,174,224,216,0.9514
4235,1345,30308,618,172,225,216,0.0064
4236,1345,16688,205,10,530,419,0.0014
4237,1345,29345,579,6,397,410,0.001
4238,1347,25469,576,185,324,285,0.9729
4239,1347,31885,416,616,421,512,0.966
4240,1347,3483,127,274,270,188,0.9609
4241,1347,29667,142,871,228,226,0.9585
4242,1347,16688,99,647,367,452,0.006
4243,1347,30308,141,870,230,227,0.0048
4244,1348,31863,187,266,204,206,0.9704
4245,1348,22074,674,310,185,188,0.961
4246,1348,3351,362,880,191,190,0.9567
4247,1350,31863,589,857,205,206,0.9805
4248,1350,22074,107,815,184,187,0.9636
4249,1350,3351,427,220,185,183,0.9528
4250,1350,16235,857,0,119,108,0.0071
4251,1350,41149,570,0,404,83,0.0023
4252,1350,41149,581,0,393,56,0.0017
4253,1353,3483,170,278,260,216,0.9721
4254,1353,34597,513,679,442,457,0.9625
4255,1353,27777,638,294,176,195,0.9609
4256,1353,16232,153,828,191,192,0.9597
4257,1354,3483,142,292,210,258,0.9795
4258,1354,20877,543,294,330,237,0.9773
4259,1354,30308,577,736,343,463,0.9539
4260,1354,36637,166,798,190,257,0.9471
4261,1355,20877,86,725,332,240,0.9755
4262,1355,3483,622,716,212,271,0.9667
4263,1355,30308,81,48,322,441,0.963
4264,1355,36637,604,202,179,248,0.9568
4265,1357,12420,627,815,191,186,0.9721
4266,1357,6563,164,673,220,364,0.9664
4267,1357,16548,578,170,231,224,0.9645
4268,1357,3544,95,230,203,199,0.9619
4269,1357,16548,98,228,201,201,0.0024
4270,1357,16548,168,846,208,183,0.0011
4271,1358,12420,654,848,190,181,0.9674
4272,1358,6563,197,715,216,358,0.9661
4273,1358,3544,112,241,207,201,0.958
4274,1358,16548,605,176,238,225,0.9514
4275,1358,33009,115,239,205,203,0.0014
4276,1358,16548,114,246,206,196,0.0012
4277,1359,12420,164,277,184,180,0.9669
4278,1359,6563,583,232,212,340,0.9663
4279,1359,16548,140,854,242,238,0.961
4280,1359,3544,675,828,212,210,0.9572
4281,1359,16548,678,918,207,119,0.003
4282,1359,16548,676,840,212,199,0.0021
4283,1359,16548,591,399,198,161,0.0011
4284,1361,29667,628,690,231,231,0.9674
4285,1361,3351,358,149,183,188,0.955
4286,1361,19232,169,649,242,357,0.9466
4287,1361,27733,765,1174,211,105,0.0223
4288,1361,16235,766,1160,210,120,0.0034
4289,1363,16262,118,292,244,236,0.9642
4290,1363,33880,453,242,433,291,0.9622
4291,1363,3351,433,887,190,192,0.9565
4292,1363,30308,120,293,242,233,0.0026
4293,1363,41149,0,1010,268,269,0.0021
4294,1363,41149,0,913,246,367,0.002
4295,1366,27653,673,256,219,199,0.9705
4296,1366,3483,134,290,275,172,0.9688
4297,1366,22347,663,838,213,207,0.9668
4298,1366,29667,126,864,229,227,0.9648
4299,1366,30308,123,861,232,229,0.004
4300,1367,27653,60,811,225,210,0.974
4301,1367,22347,108,226,201,194,0.968
4302,1367,29667,604,176,217,213,0.9647
4303,1367,3483,561,811,284,176,0.9421
4304,1367,30308,603,175,218,214,0.0033
4305,1367,10487,567,813,280,127,0.001
4306,1369,3483,600,868,259,230,0.984
4307,1369,19861,126,865,221,168,0.9752
4308,1369,22347,120,214,204,198,0.9684
4309,1369,16262,640,178,243,230,0.9581
4310,1369,30308,640,178,244,230,0.0064
4311,1371,3483,573,835,262,234,0.9869
4312,1371,19861,92,826,227,176,0.976
4313,1371,22347,104,206,200,194,0.9691
4314,1371,16262,610,172,239,229,0.9498
4315,1371,30308,611,172,238,228,0.0056
4316,1371,16548,89,826,229,178,0.0011
4317,1372,3743,75,813,332,329,0.9701
4318,1372,5886,615,695,235,513,0.9595
4319,1372,22627,83,84,322,498,0.9566
4320,1372,2483,597,115,288,442,0.9458
4321,1376,33208,151,296,207,197,0.9725
4322,1376,16551,91,699,293,502,0.9467
4323,1376,1900,641,858,207,167,0.9402
4324,1376,33009,584,242,358,238,0.9392
4325,1376,33009,565,17,373,357,0.0034
4326,1376,19552,531,594,127,79,0.0025
4327,1376,33009,581,117,357,223,0.0021
4328,1376,16551,535,594,124,78,0.0016
4329,1376,16548,99,960,262,212,0.0016
4330,1376,33009,101,928,262,239,0.0015
4331,1377,33208,642,806,210,200,0.9777
4332,1377,16551,608,55,282,483,0.9519
4333,1377,33009,46,825,363,231,0.9375
4334,1377,1900,150,257,201,156,0.9244
4335,1377,33009,67,826,304,89,0.0024
4336,1377,33009,617,255,265,224,0.0018
4337,1377,33009,620,311,259,202,0.0018
4338,1378,3483,146,220,253,222,0.98
4339,1378,22347,624,869,213,209,0.9726
4340,1378,19861,638,277,221,171,0.9702
4341,1378,35206,107,775,301,391,0.9611
4342,1378,20238,822,809,154,316,0.0016
4343,1378,16548,642,278,219,170,0.0016
4344,1378,33009,138,43,281,271,0.0011
4345,1379,3483,600,868,258,230,0.9827
4346,1379,19861,126,865,222,168,0.9751
4347,1379,22347,162,202,205,198,0.971
4348,1379,35206,585,97,284,376,0.9577
4349,1379,15710,615,104,258,244,0.0013
4350,1381,32310,32,233,366,236,0.9657
4351,1381,21325,632,276,238,140,0.9635
4352,1381,3351,406,844,192,191,0.9612
4353,1381,35206,0,1205,359,75,0.0021
4354,1381,35206,0,1051,340,228,0.0012
4355,1384,3483,565,815,265,218,0.9703
4356,1384,25367,52,93,418,457,0.9617
4357,1384,20238,604,197,226,215,0.9603
4358,1384,27777,179,815,174,199,0.9568
4359,1385,3483,537,779,268,225,0.971
4360,1385,25367,40,79,403,447,0.9611
4361,1385,20238,576,192,221,213,0.9547
4362,1385,27777,145,778,178,205,0.9545
4363,1386,3483,172,276,260,217,0.969
4364,1386,27777,639,293,175,195,0.9604
4365,1386,25367,535,701,420,471,0.9588
4366,1386,20238,152,851,232,225,0.9584
4367,1387,3483,642,759,204,270,0.9798
4368,1387,20877,140,832,280,313,0.9761
4369,1387,22347,112,241,206,197,0.9671
4370,1387,20238,602,182,226,216,0.9521
4371,1387,16548,583,1227,59,52,0.0015
4372,1390,25438,157,872,262,267,0.9661
4373,1390,22362,605,748,268,418,0.9661
4374,1390,2483,600,118,207,466,0.9523
4375,1390,22627,112,159,363,461,0.9504
4376,1390,2483,471,145,167,441,0.0034
4377,1390,2483,413,167,231,438,0.002
4378,1390,18147,376,237,378,384,0.0017
4379,1390,18147,391,192,283,419,0.0015
4380,1392,22362,598,745,256,406,0.9675
4381,1392,25438,155,860,256,256,0.9653
4382,1392,2483,605,81,217,479,0.9555
4383,1392,22627,107,133,368,453,0.9459
4384,1392,2483,408,142,229,425,0.0031
4385,1392,2483,476,110,158,436,0.0026
4386,1392,18147,387,158,289,418,0.0016
4387,1392,27733,844,0,132,123,0.0011
4388,1393,3483,172,276,260,217,0.9715
4389,1393,22347,683,871,214,208,0.9711
4390,1393,27777,640,293,176,195,0.9604
4391,1393,16262,137,837,249,242,0.9575
4392,1393,30308,138,836,246,241,0.0058
4393,1393,23223,135,834,251,242,0.0012
4394,1395,22347,89,194,201,195,0.9664
4395,1395,3483,535,779,269,225,0.9662
4396,1395,16262,575,187,239,229,0.9548
4397,1395,27777,144,778,178,205,0.9547
4398,1395,30308,576,186,237,229,0.006
4399,1396,5094,524,163,271,266,0.9756
4400,1396,13395,79,86,236,482,0.9666
4401,1396,2483,81,660,217,489,0.9601
4402,1396,19552,509,596,325,488,0.9473
4403,1396,6697,791,1178,183,102,0.0026
4404,1401,25469,575,185,322,287,0.9713
4405,1401,22347,651,852,214,208,0.9683
4406,1401,29667,139,871,229,227,0.9661
4407,1401,3483,127,274,270,187,0.9582
4408,1401,30308,140,870,230,228,0.0025
4409,1402,33880,458,196,390,364,0.9695
4410,1402,3351,425,885,190,192,0.9563
4411,1402,20238,85,335,226,221,0.9493
4412,1402,41149,0,1004,341,275,0.0047
4413,1402,41149,0,1183,354,96,0.0021
4414,1402,41149,0,927,227,352,0.0011
4415,1404,33880,116,741,391,374,0.9695
4416,1404,3351,366,214,185,184,0.956
4417,1404,20238,669,763,227,222,0.95
4418,1404,41149,593,0,382,94,0.0342
4419,1404,41149,604,0,371,67,0.0196
4420,1404,41149,680,0,296,118,0.0013
4421,1407,33880,105,680,315,434,0.9694
4422,1407,3351,379,230,185,182,0.9572
4423,1407,38162,604,793,246,255,0.9432
4424,1407,41149,561,0,411,83,0.0045
4425,1407,41149,799,0,177,280,0.0017
4426,1407,16235,843,0,133,129,0.0017
4427,1408,33208,658,900,218,210,0.975
4428,1408,1900,188,274,202,138,0.9612
4429,1408,21026,687,275,176,173,0.9526
4430,1408,16548,74,807,240,237,0.9502
4431,1411,27653,96,853,223,206,0.9736
4432,1411,30308,69,128,387,420,0.9649
4433,1411,3483,591,845,281,169,0.9401
4434,1411,36637,643,209,189,246,0.9379
4435,1413,27653,671,255,218,200,0.9701
4436,1413,3483,133,292,275,171,0.9634
4437,1413,30308,549,708,395,421,0.9536
4438,1413,36637,151,802,195,256,0.9492
4439,1414,10221,601,192,216,214,0.97
4440,1414,3544,110,195,202,199,0.9645
4441,1414,27926,552,599,279,483,0.9536
4442,1414,16548,55,775,240,235,0.9488
4443,1414,16548,111,193,202,201,0.0021
4444,1414,33009,111,193,201,201,0.0014
4445,1418,10224,562,91,241,396,0.9661
4446,1418,31705,593,699,253,453,0.9623
4447,1418,1900,127,256,198,151,0.9581
4448,1418,16551,104,647,291,496,0.9565
4449,1418,33009,114,883,268,234,0.0019
4450,1418,29345,427,496,477,414,0.001
4451,1420,3351,410,875,190,190,0.9643
4452,1420,41768,98,241,293,263,0.9639
4453,1420,16688,550,68,258,609,0.9496
4454,1421,3351,339,166,184,189,0.9549
4455,1421,41768,556,721,299,285,0.9509
4456,1421,16688,115,514,269,655,0.9269
4457,1421,16688,60,254,438,452,0.0117
4458,1421,16688,78,292,343,370,0.0076
4459,1421,16688,275,508,401,532,0.0065
4460,1421,16688,103,325,577,562,0.0021
4461,1421,16688,32,338,398,376,0.0015
4462,1421,16688,0,496,158,531,0.0013
4463,1424,3483,536,777,268,224,0.9669
4464,1424,35206,584,134,218,392,0.9614
4465,1424,31885,96,74,366,523,0.9574
4466,1424,27777,145,776,178,205,0.9548
4467,1424,15710,598,142,200,252,0.0018
4468,1425,3483,565,813,265,217,0.9741
4469,1425,35206,612,142,225,401,0.9579
4470,1425,31885,112,97,376,528,0.9567
4471,1425,27777,179,814,174,199,0.9557
4472,1425,16688,437,147,250,405,0.0014
4473,1429,10221,679,216,223,213,0.9707
4474,1429,3544,121,252,207,201,0.9593
4475,1429,29345,605,704,285,445,0.9528
4476,1429,16548,125,830,237,228,0.9492
4477,1429,29345,642,11,334,432,0.0015
4478,1429,33009,123,250,205,203,0.0012
4479,1429,29345,589,505,258,322,0.0012
4480,1429,29345,517,505,331,370,0.001
4481,1431,10221,650,208,218,214,0.9718
4482,1431,16548,92,790,239,236,0.9643
4483,1431,3544,105,242,203,200,0.9601
4484,1431,29345,579,667,285,449,0.9528
4485,1431,33009,106,239,201,203,0.0013
4486,1431,16548,108,327,196,114,0.0012
4487,1433,3351,369,173,181,185,0.9577
4488,1433,32310,0,664,302,327,0.948
4489,1433,38162,608,756,294,209,0.9439
4490,1433,16235,0,1216,117,64,0.0046
4491,1433,20004,667,0,309,83,0.0011
4492,1433,18147,834,0,142,277,0.0011
4493,1435,13900,171,341,172,254,0.9651
4494,1435,3351,399,854,188,190,0.9597
4495,1435,20238,589,309,224,216,0.9475
4496,1436,13900,601,626,177,267,0.9645
4497,1436,3351,350,186,183,188,0.952
4498,1436,20238,111,700,230,230,0.9447
4499,1436,16235,783,1147,193,133,0.0688
4500,1436,20004,786,1151,190,129,0.0025
4501,1436,20004,617,0,358,102,0.0015
4502,1436,16235,835,0,141,115,0.001
4503,1438,6563,583,232,212,340,0.9673
4504,1438,16548,206,841,243,239,0.9566
4505,1438,3544,699,859,213,211,0.956
4506,1438,12247,174,303,206,126,0.9431
4507,1438,16548,702,948,208,121,0.0026
4508,1438,16548,700,873,213,197,0.0023
4509,1438,16548,591,399,197,161,0.0013
4510,1438,33009,703,855,210,215,0.001
4511,1439,6563,166,673,221,365,0.9667
4512,1439,3544,73,201,201,199,0.9643
4513,1439,12247,591,848,215,130,0.9551
4514,1439,16548,514,181,232,225,0.9526
4515,1439,16548,75,199,200,201,0.0025
4516,1439,16548,169,846,207,182,0.0012
4517,1441,27733,92,728,326,283,0.9684
4518,1441,22347,119,174,201,193,0.9683
4519,1441,36637,593,204,253,169,0.9533
4520,1441,3483,580,759,276,210,0.9522
4521,1442,27733,129,778,314,276,0.9686
4522,1442,22347,135,179,205,197,0.9647
4523,1442,3483,608,792,273,206,0.9578
4524,1442,36637,622,209,258,171,0.9482
4525,1442,16551,17,618,411,394,0.002
4526,1442,6563,586,548,52,67,0.0017
4527,1442,16551,73,581,365,365,0.0013
4528,1442,16551,0,692,258,355,0.0011
4529,1444,3743,482,150,319,303,0.9658
4530,1444,4378,132,106,223,439,0.9526
4531,1444,2483,94,693,212,486,0.9471
4532,1444,23223,521,626,296,510,0.9412
4533,1444,20004,0,1023,349,257,0.0028
4534,1444,18147,321,147,229,381,0.0016
4535,1444,30850,305,140,180,396,0.0014
4536,1444,20004,0,1111,335,169,0.0013
4537,1444,20004,0,1169,318,111,0.0011
4538,1444,18147,342,128,166,382,0.001
4539,1446,3743,129,802,329,320,0.9656
4540,1446,4378,589,699,223,455,0.964
4541,1446,2483,632,30,199,486,0.9559
4542,1446,23223,119,70,300,503,0.9501
4543,1446,44266,252,802,597,459,0.0013
4544,1446,6192,491,53,170,453,0.0012
4545,1446,2483,407,63,242,478,0.0012
4546,1447,10221,628,193,218,214,0.9699
4547,1447,29451,464,766,416,248,0.9619
4548,1447,16548,46,791,240,235,0.9611
4549,1447,3544,104,181,201,198,0.9606
4550,1447,16548,107,255,196,124,0.0018
4551,1447,33009,106,179,200,200,0.0011
4552,1447,16548,106,191,200,189,0.0011
4553,1449,10221,658,200,223,213,0.972
4554,1449,3544,119,186,207,200,0.9645
4555,1449,16548,81,833,236,226,0.9501
4556,1449,29451,495,804,408,240,0.948
4557,1449,5002,706,601,66,77,0.0017
4558,1449,33009,120,184,205,203,0.0014
4559,1449,16548,123,276,200,110,0.001
4560,1450,25438,123,811,256,257,0.9653
4561,1450,13395,588,711,239,499,0.9582
4562,1450,12778,110,63,294,523,0.9488
4563,1450,2483,601,45,214,484,0.9466
4564,1450,27733,767,0,208,85,0.0029
4565,1450,27733,844,0,132,121,0.001
4566,1452,25438,124,824,261,268,0.9659
4567,1452,13395,602,711,232,521,0.9647
4568,1452,12778,111,77,295,548,0.9459
4569,1452,2483,595,85,209,467,0.9328
4570,1453,3351,459,907,190,192,0.9538
4571,1453,16688,482,124,420,526,0.9438
4572,1453,18357,52,310,273,330,0.93
4573,1453,16688,59,118,522,541,0.0596
4574,1453,16688,188,150,438,523,0.0206
4575,1453,41149,0,1081,299,198,0.0096
4576,1453,41149,0,1030,241,249,0.0063
4577,1453,41149,0,1181,311,99,0.0033
4578,1453,41149,0,926,180,353,0.002
4579,1453,41149,0,1130,339,149,0.0019
4580,1453,16688,55,57,447,499,0.0012
4581,1455,3351,334,192,184,183,0.9475
4582,1455,18357,654,650,276,341,0.9404
4583,1455,16688,75,629,433,577,0.9279
4584,1455,41149,610,0,365,90,0.0129
4585,1455,41149,624,0,350,62,0.0043
4586,1458,4378,641,704,222,455,0.9657
4587,1458,25438,109,829,256,256,0.9651
4588,1458,2483,607,69,249,469,0.9559
4589,1458,23223,72,166,304,501,0.9525
4590,1458,27733,848,0,128,122,0.0043
4591,1458,27733,800,0,173,94,0.0012
4592,1459,5094,105,811,284,287,0.9681
4593,1459,12081,649,691,244,470,0.9649
4594,1459,22627,72,181,319,480,0.9569
4595,1459,2483,623,73,228,462,0.9532
4596,1460,5094,547,190,272,268,0.9746
4597,1460,12081,71,131,226,428,0.9653
4598,1460,22627,546,573,319,484,0.9528
4599,1460,2483,51,702,251,476,0.9351
4600,1460,20004,795,0,181,262,0.0041
4601,1460,20004,787,0,189,100,0.0035
4602,1460,20004,792,1,184,139,0.003
4603,1461,5094,104,800,279,277,0.9733
4604,1461,12081,641,685,236,455,0.9605
4605,1461,22627,68,153,324,476,0.9581
4606,1461,2483,629,36,240,475,0.9526
4607,1461,27733,772,0,204,115,0.0043
4608,1461,20877,777,0,199,80,0.0024
4609,1462,27653,671,255,219,200,0.9694
4610,1462,3483,133,291,275,172,0.9662
4611,1462,20238,133,868,232,228,0.961
4612,1462,25367,526,677,420,464,0.9584
4613,1463,27653,96,853,223,206,0.97
4614,1463,25367,58,122,420,454,0.9588
4615,1463,20238,623,179,226,215,0.9549
4616,1463,3483,590,845,281,170,0.9489
4617,1463,33009,88,737,235,203,0.0013
4618,1464,27653,62,812,225,210,0.9746
4619,1464,25367,46,106,405,445,0.9607
4620,1464,3483,564,811,283,176,0.9602
4621,1464,20238,594,175,221,214,0.9504
4622,1466,27653,61,811,225,210,0.9732
4623,1466,22347,107,179,199,194,0.9659
4624,1466,16262,594,177,238,228,0.9609
4625,1466,3483,562,811,284,176,0.9589
4626,1466,30308,594,176,238,228,0.0059
4627,1473,19607,152,218,157,154,0.9654
4628,1473,16551,573,90,282,482,0.9487
4629,1473,21026,126,867,178,177,0.947
4630,1473,1900,614,860,203,158,0.9282
4631,1473,33009,587,356,258,198,0.0023
4632,1473,16548,589,372,254,184,0.0015
4633,1474,27733,125,768,316,276,0.9708
4634,1474,3483,609,791,273,207,0.9655
4635,1474,34597,66,101,441,427,0.9634
4636,1474,36637,623,208,257,170,0.9434
4637,1476,34597,53,72,431,433,0.9663
4638,1476,27733,87,721,327,284,0.9639
4639,1476,3483,582,757,275,211,0.9539
4640,1476,36637,594,204,251,169,0.9519
4641,1477,3351,652,289,182,184,0.957
4642,1477,36637,86,232,243,212,0.9496
4643,1477,18357,359,680,247,370,0.9426
4644,1480,10221,160,262,217,212,0.9741
4645,1480,6563,593,239,211,342,0.9638
4646,1480,3544,643,877,214,212,0.9603
4647,1480,16548,172,835,242,238,0.9584
4648,1480,16548,646,969,209,120,0.002
4649,1480,16548,645,886,212,203,0.0015
4650,1483,3483,145,220,253,222,0.984
4651,1483,19861,638,278,221,171,0.971
4652,1483,28763,631,898,223,214,0.9686
4653,1483,35206,107,774,301,390,0.9601
4654,1483,16548,642,278,218,170,0.0029
4655,1485,3483,600,868,259,230,0.9859
4656,1485,19861,126,865,221,168,0.976
4657,1485,28763,147,168,213,202,0.9662
4658,1485,35206,585,97,284,376,0.9585
4659,1485,15710,614,103,257,245,0.0014
4660,1488,31863,627,830,206,206,0.983
4661,1488,21325,213,826,201,200,0.9599
4662,1488,3351,392,207,184,182,0.9573
4663,1488,41149,559,0,413,91,0.0013
4664,1488,16235,849,0,127,114,0.001
4665,1489,20238,184,281,225,216,0.9692
4666,1489,3351,402,850,190,191,0.9592
4667,1489,20014,536,288,339,318,0.9382
4668,1489,1866,730,983,246,292,0.0014
4669,1492,3351,378,905,191,190,0.9608
4670,1492,18147,526,297,342,355,0.9563
4671,1492,21325,184,277,160,233,0.9528
4672,1493,3351,367,136,185,191,0.9593
4673,1493,21325,597,721,161,242,0.9561
4674,1493,18147,57,545,350,375,0.9541
4675,1493,27733,746,1157,230,122,0.0232
4676,1493,10487,755,1146,221,133,0.0171
4677,1493,20004,797,0,179,227,0.0031
4678,1497,3483,565,838,263,237,0.9875
4679,1497,19861,85,826,226,176,0.9757
4680,1497,34597,60,55,303,503,0.9657
4681,1497,29667,611,199,217,214,0.9641
4682,1497,30308,611,198,218,214,0.0019
4683,1500,41768,573,859,347,180,0.9641
4684,1500,3351,351,238,184,181,0.9612
4685,1500,38162,199,735,184,297,0.9436
4686,1500,27733,872,0,104,107,0.0091
4687,1500,16235,870,0,106,85,0.0028
4688,1500,38927,859,0,117,248,0.0028
